<?xml version="1.0" encoding="UTF-8"?>
<kml xmlns="http://www.opengis.net/kml/2.2" xmlns:atom="http://www.w3.org/2005/Atom" xmlns:gx="http://www.google.com/kml/ext/2.2" xmlns:kml="http://www.opengis.net/kml/2.2">
  <Document id="root_doc">
    <name><![CDATA[D-10 Laterals, DPO & FIC's Final]]></name>
    <open>1</open>
    <StyleMap id="m_ylw-pushpin">
      <Pair>
        <key>normal</key>
        <styleUrl>#s_ylw-pushpin</styleUrl>
      </Pair>
      <Pair>
        <key>highlight</key>
        <styleUrl>#s_ylw-pushpin_hl</styleUrl>
      </Pair>
    </StyleMap>
    <StyleMap id="m_ylw-pushpin01">
      <Pair>
        <key>normal</key>
        <styleUrl>#s_ylw-pushpin5</styleUrl>
      </Pair>
      <Pair>
        <key>highlight</key>
        <styleUrl>#s_ylw-pushpin_hl2</styleUrl>
      </Pair>
    </StyleMap>
    <StyleMap id="m_ylw-pushpin3">
      <Pair>
        <key>normal</key>
        <styleUrl>#s_ylw-pushpin3</styleUrl>
      </Pair>
      <Pair>
        <key>highlight</key>
        <styleUrl>#s_ylw-pushpin_hl5</styleUrl>
      </Pair>
    </StyleMap>
    <StyleMap id="m_ylw-pushpin31">
      <Pair>
        <key>normal</key>
        <styleUrl>#s_ylw-pushpin02</styleUrl>
      </Pair>
      <Pair>
        <key>highlight</key>
        <styleUrl>#s_ylw-pushpin_hl020</styleUrl>
      </Pair>
    </StyleMap>
    <StyleMap id="m_ylw-pushpin310">
      <Pair>
        <key>normal</key>
        <styleUrl>#s_ylw-pushpin30</styleUrl>
      </Pair>
      <Pair>
        <key>highlight</key>
        <styleUrl>#s_ylw-pushpin_hl20</styleUrl>
      </Pair>
    </StyleMap>
    <StyleMap id="m_ylw-pushpin32">
      <Pair>
        <key>normal</key>
        <styleUrl>#s_ylw-pushpin020</styleUrl>
      </Pair>
      <Pair>
        <key>highlight</key>
        <styleUrl>#s_ylw-pushpin_hl02</styleUrl>
      </Pair>
    </StyleMap>
    <StyleMap id="msn_ylw-pushpin2">
      <Pair>
        <key>normal</key>
        <styleUrl>#sn_ylw-pushpin2</styleUrl>
      </Pair>
      <Pair>
        <key>highlight</key>
        <styleUrl>#sh_ylw-pushpin1</styleUrl>
      </Pair>
    </StyleMap>
    <StyleMap id="msn_ylw-pushpin">
      <Pair>
        <key>normal</key>
        <styleUrl>#sn_ylw-pushpin1</styleUrl>
      </Pair>
      <Pair>
        <key>highlight</key>
        <styleUrl>#sh_ylw-pushpin2</styleUrl>
      </Pair>
    </StyleMap>
    <StyleMap id="msn_ylw-pushpin1">
      <Pair>
        <key>normal</key>
        <styleUrl>#sn_ylw-pushpin</styleUrl>
      </Pair>
      <Pair>
        <key>highlight</key>
        <styleUrl>#sh_ylw-pushpin0</styleUrl>
      </Pair>
    </StyleMap>
    <StyleMap id="msn_ylw-pushpin0">
      <Pair>
        <key>normal</key>
        <styleUrl>#sn_ylw-pushpin0</styleUrl>
      </Pair>
      <Pair>
        <key>highlight</key>
        <styleUrl>#sh_ylw-pushpin</styleUrl>
      </Pair>
    </StyleMap>
    <StyleMap id="msn_ylw-pushpin11">
      <Pair>
        <key>normal</key>
        <styleUrl>#sn_ylw-pushpin01</styleUrl>
      </Pair>
      <Pair>
        <key>highlight</key>
        <styleUrl>#sh_ylw-pushpin02</styleUrl>
      </Pair>
    </StyleMap>
    <StyleMap id="msn_ylw-pushpin110">
      <Pair>
        <key>normal</key>
        <styleUrl>#sn_ylw-pushpin13</styleUrl>
      </Pair>
      <Pair>
        <key>highlight</key>
        <styleUrl>#sh_ylw-pushpin110</styleUrl>
      </Pair>
    </StyleMap>
    <StyleMap id="msn_ylw-pushpin12">
      <Pair>
        <key>normal</key>
        <styleUrl>#sn_ylw-pushpin15</styleUrl>
      </Pair>
      <Pair>
        <key>highlight</key>
        <styleUrl>#sh_ylw-pushpin13</styleUrl>
      </Pair>
    </StyleMap>
    <StyleMap id="msn_ylw-pushpin120">
      <Pair>
        <key>normal</key>
        <styleUrl>#sn_ylw-pushpin14</styleUrl>
      </Pair>
      <Pair>
        <key>highlight</key>
        <styleUrl>#sh_ylw-pushpin12</styleUrl>
      </Pair>
    </StyleMap>
    <StyleMap id="msn_ylw-pushpin13">
      <Pair>
        <key>normal</key>
        <styleUrl>#sn_ylw-pushpin91</styleUrl>
      </Pair>
      <Pair>
        <key>highlight</key>
        <styleUrl>#sh_ylw-pushpin8</styleUrl>
      </Pair>
    </StyleMap>
    <StyleMap id="msn_ylw-pushpin14">
      <Pair>
        <key>normal</key>
        <styleUrl>#sn_ylw-pushpin16</styleUrl>
      </Pair>
      <Pair>
        <key>highlight</key>
        <styleUrl>#sh_ylw-pushpin14</styleUrl>
      </Pair>
    </StyleMap>
    <Style id="s_ylw-pushpin">
      <IconStyle>
        <scale>1.1</scale>
        <Icon>
          <href>http://maps.google.com/mapfiles/kml/pushpin/ylw-pushpin.png</href>
        </Icon>
        <hotSpot x="20" xunits="pixels" y="2" yunits="pixels"/>
      </IconStyle>
      <LineStyle>
        <color>ff66ffff</color>
        <width>2</width>
      </LineStyle>
    </Style>
    <Style id="s_ylw-pushpin02">
      <IconStyle>
        <scale>1.1</scale>
        <Icon>
          <href>http://maps.google.com/mapfiles/kml/pushpin/ylw-pushpin.png</href>
        </Icon>
        <hotSpot x="20" xunits="pixels" y="2" yunits="pixels"/>
      </IconStyle>
      <LineStyle>
        <color>ff66ffff</color>
        <width>3.5</width>
      </LineStyle>
    </Style>
    <Style id="s_ylw-pushpin020">
      <IconStyle>
        <scale>1.1</scale>
        <Icon>
          <href>http://maps.google.com/mapfiles/kml/pushpin/ylw-pushpin.png</href>
        </Icon>
        <hotSpot x="20" xunits="pixels" y="2" yunits="pixels"/>
      </IconStyle>
      <LineStyle>
        <color>ff66ffff</color>
        <width>2.5</width>
      </LineStyle>
    </Style>
    <Style id="s_ylw-pushpin3">
      <IconStyle>
        <scale>1.1</scale>
        <Icon>
          <href>http://maps.google.com/mapfiles/kml/pushpin/ylw-pushpin.png</href>
        </Icon>
        <hotSpot x="20" xunits="pixels" y="2" yunits="pixels"/>
      </IconStyle>
    </Style>
    <Style id="s_ylw-pushpin30">
      <IconStyle>
        <scale>1.1</scale>
        <Icon>
          <href>http://maps.google.com/mapfiles/kml/pushpin/ylw-pushpin.png</href>
        </Icon>
        <hotSpot x="20" xunits="pixels" y="2" yunits="pixels"/>
      </IconStyle>
      <LineStyle>
        <color>ffff4b15</color>
        <width>5</width>
      </LineStyle>
    </Style>
    <Style id="s_ylw-pushpin5">
      <IconStyle>
        <scale>1.1</scale>
        <Icon>
          <href>http://maps.google.com/mapfiles/kml/pushpin/ylw-pushpin.png</href>
        </Icon>
        <hotSpot x="20" xunits="pixels" y="2" yunits="pixels"/>
      </IconStyle>
    </Style>
    <Style id="s_ylw-pushpin_hl">
      <IconStyle>
        <scale>1.3</scale>
        <Icon>
          <href>http://maps.google.com/mapfiles/kml/pushpin/ylw-pushpin.png</href>
        </Icon>
        <hotSpot x="20" xunits="pixels" y="2" yunits="pixels"/>
      </IconStyle>
      <LineStyle>
        <color>ff66ffff</color>
        <width>2</width>
      </LineStyle>
    </Style>
    <Style id="s_ylw-pushpin_hl02">
      <IconStyle>
        <scale>1.3</scale>
        <Icon>
          <href>http://maps.google.com/mapfiles/kml/pushpin/ylw-pushpin.png</href>
        </Icon>
        <hotSpot x="20" xunits="pixels" y="2" yunits="pixels"/>
      </IconStyle>
      <LineStyle>
        <color>ff66ffff</color>
        <width>2.5</width>
      </LineStyle>
    </Style>
    <Style id="s_ylw-pushpin_hl020">
      <IconStyle>
        <scale>1.3</scale>
        <Icon>
          <href>http://maps.google.com/mapfiles/kml/pushpin/ylw-pushpin.png</href>
        </Icon>
        <hotSpot x="20" xunits="pixels" y="2" yunits="pixels"/>
      </IconStyle>
      <LineStyle>
        <color>ff66ffff</color>
        <width>3.5</width>
      </LineStyle>
    </Style>
    <Style id="s_ylw-pushpin_hl2">
      <IconStyle>
        <scale>1.3</scale>
        <Icon>
          <href>http://maps.google.com/mapfiles/kml/pushpin/ylw-pushpin.png</href>
        </Icon>
        <hotSpot x="20" xunits="pixels" y="2" yunits="pixels"/>
      </IconStyle>
    </Style>
    <Style id="s_ylw-pushpin_hl20">
      <IconStyle>
        <scale>1.3</scale>
        <Icon>
          <href>http://maps.google.com/mapfiles/kml/pushpin/ylw-pushpin.png</href>
        </Icon>
        <hotSpot x="20" xunits="pixels" y="2" yunits="pixels"/>
      </IconStyle>
      <LineStyle>
        <color>ffff4b15</color>
        <width>5</width>
      </LineStyle>
    </Style>
    <Style id="s_ylw-pushpin_hl5">
      <IconStyle>
        <scale>1.3</scale>
        <Icon>
          <href>http://maps.google.com/mapfiles/kml/pushpin/ylw-pushpin.png</href>
        </Icon>
        <hotSpot x="20" xunits="pixels" y="2" yunits="pixels"/>
      </IconStyle>
    </Style>
    <Style id="sh_ylw-pushpin">
      <IconStyle>
        <scale>1.3</scale>
        <Icon>
          <href>http://maps.google.com/mapfiles/kml/pushpin/ylw-pushpin.png</href>
        </Icon>
        <hotSpot x="20" xunits="pixels" y="2" yunits="pixels"/>
      </IconStyle>
      <LineStyle>
        <color>ff66ffff</color>
        <width>3.6</width>
      </LineStyle>
      <BalloonStyle/>
    </Style>
    <Style id="sh_ylw-pushpin0">
      <IconStyle>
        <scale>1.3</scale>
        <Icon>
          <href>http://maps.google.com/mapfiles/kml/pushpin/ylw-pushpin.png</href>
        </Icon>
        <hotSpot x="20" xunits="pixels" y="2" yunits="pixels"/>
      </IconStyle>
      <LineStyle>
        <color>ff66ffff</color>
        <width>2.5</width>
      </LineStyle>
      <BalloonStyle/>
    </Style>
    <Style id="sh_ylw-pushpin1">
      <IconStyle>
        <scale>1.3</scale>
        <Icon>
          <href>http://maps.google.com/mapfiles/kml/pushpin/ylw-pushpin.png</href>
        </Icon>
        <hotSpot x="20" xunits="pixels" y="2" yunits="pixels"/>
      </IconStyle>
      <LineStyle>
        <color>ff66ffff</color>
        <width>2.5</width>
      </LineStyle>
      <BalloonStyle/>
    </Style>
    <Style id="sh_ylw-pushpin2">
      <IconStyle>
        <scale>1.3</scale>
        <Icon>
          <href>http://maps.google.com/mapfiles/kml/pushpin/ylw-pushpin.png</href>
        </Icon>
        <hotSpot x="20" xunits="pixels" y="2" yunits="pixels"/>
      </IconStyle>
      <LineStyle>
        <color>ff66ffff</color>
        <width>3.6</width>
      </LineStyle>
      <BalloonStyle/>
    </Style>
    <Style id="sh_ylw-pushpin02">
      <IconStyle>
        <scale>1.3</scale>
        <Icon>
          <href>http://maps.google.com/mapfiles/kml/pushpin/ylw-pushpin.png</href>
        </Icon>
        <hotSpot x="20" xunits="pixels" y="2" yunits="pixels"/>
      </IconStyle>
      <LineStyle>
        <color>ffff0000</color>
        <width>3.6</width>
      </LineStyle>
    </Style>
    <Style id="sh_ylw-pushpin110">
      <IconStyle>
        <scale>1.3</scale>
        <Icon>
          <href>http://maps.google.com/mapfiles/kml/pushpin/ylw-pushpin.png</href>
        </Icon>
        <hotSpot x="20" xunits="pixels" y="2" yunits="pixels"/>
      </IconStyle>
      <LineStyle>
        <color>ff0880fd</color>
        <width>2.5</width>
      </LineStyle>
    </Style>
    <Style id="sh_ylw-pushpin12">
      <IconStyle>
        <scale>1.3</scale>
        <Icon>
          <href>http://maps.google.com/mapfiles/kml/pushpin/ylw-pushpin.png</href>
        </Icon>
        <hotSpot x="20" xunits="pixels" y="2" yunits="pixels"/>
      </IconStyle>
      <LineStyle>
        <color>ff0000ff</color>
        <width>6</width>
      </LineStyle>
    </Style>
    <Style id="sh_ylw-pushpin13">
      <IconStyle>
        <scale>1.3</scale>
        <Icon>
          <href>http://maps.google.com/mapfiles/kml/pushpin/ylw-pushpin.png</href>
        </Icon>
        <hotSpot x="20" xunits="pixels" y="2" yunits="pixels"/>
      </IconStyle>
      <LineStyle>
        <color>ff66ffff</color>
        <width>3.6</width>
      </LineStyle>
    </Style>
    <Style id="sh_ylw-pushpin14">
      <IconStyle>
        <scale>1.3</scale>
        <Icon>
          <href>http://maps.google.com/mapfiles/kml/pushpin/ylw-pushpin.png</href>
        </Icon>
        <hotSpot x="20" xunits="pixels" y="2" yunits="pixels"/>
      </IconStyle>
      <LineStyle>
        <color>ff66ffff</color>
        <width>3.6</width>
      </LineStyle>
    </Style>
    <Style id="sh_ylw-pushpin8">
      <IconStyle>
        <scale>1.3</scale>
        <Icon>
          <href>http://maps.google.com/mapfiles/kml/pushpin/ylw-pushpin.png</href>
        </Icon>
        <hotSpot x="20" xunits="pixels" y="2" yunits="pixels"/>
      </IconStyle>
      <LineStyle>
        <color>ffe6e6e6</color>
        <width>6</width>
      </LineStyle>
    </Style>
    <Style id="sn_ylw-pushpin1">
      <IconStyle>
        <scale>1.1</scale>
        <Icon>
          <href>http://maps.google.com/mapfiles/kml/pushpin/ylw-pushpin.png</href>
        </Icon>
        <hotSpot x="20" xunits="pixels" y="2" yunits="pixels"/>
      </IconStyle>
      <LineStyle>
        <color>ff66ffff</color>
        <width>3.6</width>
      </LineStyle>
      <BalloonStyle/>
    </Style>
    <Style id="sn_ylw-pushpin">
      <IconStyle>
        <scale>1.1</scale>
        <Icon>
          <href>http://maps.google.com/mapfiles/kml/pushpin/ylw-pushpin.png</href>
        </Icon>
        <hotSpot x="20" xunits="pixels" y="2" yunits="pixels"/>
      </IconStyle>
      <LineStyle>
        <color>ff66ffff</color>
        <width>2.5</width>
      </LineStyle>
      <BalloonStyle/>
    </Style>
    <Style id="sn_ylw-pushpin0">
      <IconStyle>
        <scale>1.1</scale>
        <Icon>
          <href>http://maps.google.com/mapfiles/kml/pushpin/ylw-pushpin.png</href>
        </Icon>
        <hotSpot x="20" xunits="pixels" y="2" yunits="pixels"/>
      </IconStyle>
      <LineStyle>
        <color>ff66ffff</color>
        <width>3.6</width>
      </LineStyle>
      <BalloonStyle/>
    </Style>
    <Style id="sn_ylw-pushpin2">
      <IconStyle>
        <scale>1.1</scale>
        <Icon>
          <href>http://maps.google.com/mapfiles/kml/pushpin/ylw-pushpin.png</href>
        </Icon>
        <hotSpot x="20" xunits="pixels" y="2" yunits="pixels"/>
      </IconStyle>
      <LineStyle>
        <color>ff66ffff</color>
        <width>2.5</width>
      </LineStyle>
      <BalloonStyle/>
    </Style>
    <Style id="sn_ylw-pushpin01">
      <IconStyle>
        <scale>1.1</scale>
        <Icon>
          <href>http://maps.google.com/mapfiles/kml/pushpin/ylw-pushpin.png</href>
        </Icon>
        <hotSpot x="20" xunits="pixels" y="2" yunits="pixels"/>
      </IconStyle>
      <LineStyle>
        <color>ffff0000</color>
        <width>3.6</width>
      </LineStyle>
    </Style>
    <Style id="sn_ylw-pushpin13">
      <IconStyle>
        <scale>1.1</scale>
        <Icon>
          <href>http://maps.google.com/mapfiles/kml/pushpin/ylw-pushpin.png</href>
        </Icon>
        <hotSpot x="20" xunits="pixels" y="2" yunits="pixels"/>
      </IconStyle>
      <LineStyle>
        <color>ff0880fd</color>
        <width>2.5</width>
      </LineStyle>
    </Style>
    <Style id="sn_ylw-pushpin14">
      <IconStyle>
        <scale>1.1</scale>
        <Icon>
          <href>http://maps.google.com/mapfiles/kml/pushpin/ylw-pushpin.png</href>
        </Icon>
        <hotSpot x="20" xunits="pixels" y="2" yunits="pixels"/>
      </IconStyle>
      <LineStyle>
        <color>ff0000ff</color>
        <width>6</width>
      </LineStyle>
    </Style>
    <Style id="sn_ylw-pushpin15">
      <IconStyle>
        <scale>1.1</scale>
        <Icon>
          <href>http://maps.google.com/mapfiles/kml/pushpin/ylw-pushpin.png</href>
        </Icon>
        <hotSpot x="20" xunits="pixels" y="2" yunits="pixels"/>
      </IconStyle>
      <LineStyle>
        <color>ff66ffff</color>
        <width>3.6</width>
      </LineStyle>
    </Style>
    <Style id="sn_ylw-pushpin16">
      <IconStyle>
        <scale>1.1</scale>
        <Icon>
          <href>http://maps.google.com/mapfiles/kml/pushpin/ylw-pushpin.png</href>
        </Icon>
        <hotSpot x="20" xunits="pixels" y="2" yunits="pixels"/>
      </IconStyle>
      <LineStyle>
        <color>ff66ffff</color>
        <width>3.6</width>
      </LineStyle>
    </Style>
    <Style id="sn_ylw-pushpin91">
      <IconStyle>
        <scale>1.1</scale>
        <Icon>
          <href>http://maps.google.com/mapfiles/kml/pushpin/ylw-pushpin.png</href>
        </Icon>
        <hotSpot x="20" xunits="pixels" y="2" yunits="pixels"/>
      </IconStyle>
      <LineStyle>
        <color>ffe6e6e6</color>
        <width>6</width>
      </LineStyle>
    </Style>
    <Style id="straightLineStyle">
      <LineStyle>
        <color>ff66ffff</color>
        <width>2.5</width>
      </LineStyle>
    </Style>
    <Style id="straightLineStyle0">
      <LineStyle>
        <color>ff66ffff</color>
        <width>2.5</width>
      </LineStyle>
    </Style>
    <Style id="straightLineStyle00">
      <LineStyle>
        <color>ffff1622</color>
        <width>5</width>
      </LineStyle>
    </Style>
    <Style id="straightLineStyle1">
      <LineStyle>
        <color>ff66ffff</color>
        <width>2.5</width>
      </LineStyle>
    </Style>
    <StyleMap id="straightLineStyle10">
      <Pair>
        <key>normal</key>
        <styleUrl>#straightLineStyle18</styleUrl>
      </Pair>
      <Pair>
        <key>highlight</key>
        <styleUrl>#straightLineStyle00</styleUrl>
      </Pair>
    </StyleMap>
    <Style id="straightLineStyle100">
      <LineStyle>
        <color>ffff0000</color>
        <width>5</width>
      </LineStyle>
    </Style>
    <Style id="straightLineStyle11">
      <LineStyle>
        <color>ff66ffff</color>
        <width>2.5</width>
      </LineStyle>
    </Style>
    <Style id="straightLineStyle110">
      <LineStyle>
        <color>ffff0000</color>
        <width>5</width>
      </LineStyle>
    </Style>
    <Style id="straightLineStyle12">
      <LineStyle>
        <color>ffff0000</color>
        <width>5</width>
      </LineStyle>
    </Style>
    <StyleMap id="straightLineStyle13">
      <Pair>
        <key>normal</key>
        <styleUrl>#straightLineStyle</styleUrl>
      </Pair>
      <Pair>
        <key>highlight</key>
        <styleUrl>#straightLineStyle11</styleUrl>
      </Pair>
    </StyleMap>
    <StyleMap id="straightLineStyle130">
      <Pair>
        <key>normal</key>
        <styleUrl>#straightLineStyle14</styleUrl>
      </Pair>
      <Pair>
        <key>highlight</key>
        <styleUrl>#straightLineStyle12</styleUrl>
      </Pair>
    </StyleMap>
    <Style id="straightLineStyle14">
      <LineStyle>
        <color>ffff0000</color>
        <width>5</width>
      </LineStyle>
    </Style>
    <StyleMap id="straightLineStyle15">
      <Pair>
        <key>normal</key>
        <styleUrl>#straightLineStyle3</styleUrl>
      </Pair>
      <Pair>
        <key>highlight</key>
        <styleUrl>#straightLineStyle5</styleUrl>
      </Pair>
    </StyleMap>
    <StyleMap id="straightLineStyle16">
      <Pair>
        <key>normal</key>
        <styleUrl>#straightLineStyle4</styleUrl>
      </Pair>
      <Pair>
        <key>highlight</key>
        <styleUrl>#straightLineStyle7</styleUrl>
      </Pair>
    </StyleMap>
    <StyleMap id="straightLineStyle17">
      <Pair>
        <key>normal</key>
        <styleUrl>#straightLineStyle0</styleUrl>
      </Pair>
      <Pair>
        <key>highlight</key>
        <styleUrl>#straightLineStyle1</styleUrl>
      </Pair>
    </StyleMap>
    <Style id="straightLineStyle18">
      <LineStyle>
        <color>ffff1622</color>
        <width>5</width>
      </LineStyle>
    </Style>
    <Style id="straightLineStyle2">
      <LineStyle>
        <color>ffff2917</color>
        <width>5</width>
      </LineStyle>
    </Style>
    <Style id="straightLineStyle3">
      <LineStyle>
        <color>ff66ffff</color>
        <width>2.5</width>
      </LineStyle>
    </Style>
    <Style id="straightLineStyle30">
      <LineStyle>
        <color>ffff2917</color>
        <width>5</width>
      </LineStyle>
    </Style>
    <Style id="straightLineStyle4">
      <LineStyle>
        <color>ff66ffff</color>
        <width>2.5</width>
      </LineStyle>
    </Style>
    <StyleMap id="straightLineStyle42">
      <Pair>
        <key>normal</key>
        <styleUrl>#straightLineStyle30</styleUrl>
      </Pair>
      <Pair>
        <key>highlight</key>
        <styleUrl>#straightLineStyle2</styleUrl>
      </Pair>
    </StyleMap>
    <Style id="straightLineStyle5">
      <LineStyle>
        <color>ff66ffff</color>
        <width>2.5</width>
      </LineStyle>
    </Style>
    <StyleMap id="straightLineStyle50">
      <Pair>
        <key>normal</key>
        <styleUrl>#straightLineStyle70</styleUrl>
      </Pair>
      <Pair>
        <key>highlight</key>
        <styleUrl>#straightLineStyle6</styleUrl>
      </Pair>
    </StyleMap>
    <Style id="straightLineStyle6">
      <LineStyle>
        <color>ffff0000</color>
        <width>5</width>
      </LineStyle>
    </Style>
    <Style id="straightLineStyle7">
      <LineStyle>
        <color>ff66ffff</color>
        <width>2.5</width>
      </LineStyle>
    </Style>
    <Style id="straightLineStyle70">
      <LineStyle>
        <color>ffff0000</color>
        <width>5</width>
      </LineStyle>
    </Style>
    <StyleMap id="straightLineStyle8">
      <Pair>
        <key>normal</key>
        <styleUrl>#straightLineStyle84</styleUrl>
      </Pair>
      <Pair>
        <key>highlight</key>
        <styleUrl>#straightLineStyle81</styleUrl>
      </Pair>
    </StyleMap>
    <Style id="straightLineStyle81">
      <LineStyle>
        <color>ffff0000</color>
        <width>5</width>
      </LineStyle>
    </Style>
    <Style id="straightLineStyle84">
      <LineStyle>
        <color>ffff0000</color>
        <width>5</width>
      </LineStyle>
    </Style>
    <StyleMap id="straightLineStyle9">
      <Pair>
        <key>normal</key>
        <styleUrl>#straightLineStyle100</styleUrl>
      </Pair>
      <Pair>
        <key>highlight</key>
        <styleUrl>#straightLineStyle110</styleUrl>
      </Pair>
    </StyleMap>
    <Placemark>
      <name>D-10pa</name>
      <styleUrl>#msn_ylw-pushpin120</styleUrl>
      <LineString>
        <tessellate>1</tessellate>
        <coordinates>
          76.7637976575048,16.2945007818664,0
          76.7642515163266,16.2948233198303,0
          76.7649984854226,16.2996541079488,0
          76.7668824967874,16.3096949963185,0
          76.7681929669345,16.3107200551018,0
          76.7713980368273,16.3117406658644,0
          76.7727516834284,16.3125190406042,0
          76.7747139803327,16.3136555125273,0
          76.7758500890387,16.314385635023,0
          76.7768713399863,16.3159092861945,0
          76.7796437023423,16.319832219543,0
          76.7808659635415,16.3246012627645,0
          76.7827710084162,16.3248905163377,0
          76.7853742732071,16.3253350613059,0
          76.7857854548843,16.3254471140896,0
          76.7865065848201,16.3252650315778,0
        </coordinates>
      </LineString>
    </Placemark>
    <Placemark>
      <name>NRBC canal</name>
      <styleUrl>#msn_ylw-pushpin13</styleUrl>
      <LineString>
        <tessellate>1</tessellate>
        <coordinates>
          76.7466886074239,16.3036946982407,0
          76.7474623130731,16.3032901294923,0
          76.748328147387,16.3030858766439,0
          76.7490726071674,16.3029075429686,0
          76.7503707329363,16.3026447874978,0
          76.7517710291345,16.3023022683708,0
          76.7532258255494,16.3020189318399,0
          76.7540459218028,16.3017831481165,0
          76.7546276611878,16.3014010000417,0
          76.7557638081709,16.3005740984844,0
          76.7570363692854,16.2996740962352,0
          76.7579540452142,16.2990335584013,0
          76.758753875669,16.2984526516214,0
          76.7591400080688,16.298119847734,0
          76.759365210074,16.2977007798873,0
          76.7595903855657,16.2971986160902,0
          76.7601550338958,16.2967417238846,0
          76.7608491831612,16.2962841198843,0
          76.7615881828034,16.2957654062595,0
          76.7622125244558,16.295334610611,0
          76.7627732329044,16.2949691850386,0
          76.7634796601636,16.2945198468978,0
          76.7638601330361,16.2942198629917,0
          76.7640907447248,16.2937312568706,0
          76.7641855608939,16.2931177017233,0
          76.7641875441878,16.2921907417383,0
          76.7641624333658,16.2911466146643,0
          76.7641671264167,16.2897884154821,0
          76.7641751395557,16.2893388732725,0
          76.7643530496942,16.2889141856052,0
          76.7647847700136,16.2884439297378,0
          76.7653536761971,16.2879313108064,0
          76.7658930201892,16.2875755664893,0
          76.7668943102357,16.2874450703988,0
          76.7679055285908,16.2872865498615,0
          76.7691321728204,16.2871556374298,0
          76.7706970265578,16.2869623585696,0
          76.7724910699873,16.2867005334558,0
          76.7742343992692,16.2864803542601,0
          76.7760437372639,16.286262574937,0
          76.7775809805095,16.2860455982869,0
          76.7789355804755,16.2858503464591,0
          76.7793235713989,16.2858507888988,0
          76.7799438031067,16.2861767829512,0
          76.7806186839395,16.2866786263668,0
          76.7819813034471,16.2877333224777,0
          76.7835635192474,16.288929310773,0
          76.7840572736314,16.2890917162379,0
          76.7851620768787,16.2891411713456,0
          76.7862475490412,16.2892227527503,0
          76.7868813374306,16.2891987083059,0
          76.7872682777579,16.2890241514249,0
          76.7876096109308,16.2886677763129,0
          76.7877815605601,16.2881656871415,0
          76.7877666842587,16.2876639026677,0
          76.7877241513638,16.2871634102855,0
        </coordinates>
      </LineString>
    </Placemark>
    <Placemark>
      <name>lateral 1</name>
      <description>GeoMeasure</description>
      <styleUrl>#straightLineStyle10</styleUrl>
      <LineString>
        <tessellate>1</tessellate>
        <coordinates>
          76.7648933333333,16.2996733333333,0
          76.764895,16.2996633333333,0
          76.7648933333333,16.2996533333333,0
          76.7648883333333,16.2996383333333,0
          76.7648783333333,16.2996316666667,0
          76.764885,16.2996416666667,0
          76.7648866666667,16.2996533333333,0
          76.7648883333333,16.299665,0
          76.7648966666667,16.2996883333333,0
          76.7649066666667,16.29971,0
          76.76492,16.29973,0
          76.76493,16.299755,0
          76.76494,16.2997766666667,0
          76.7649383333333,16.299795,0
          76.7649216666667,16.2998066666667,0
          76.7648966666667,16.2998116666667,0
          76.7648666666667,16.2998083333333,0
          76.76483,16.29981,0
          76.764795,16.2998116666667,0
          76.7647583333333,16.2998183333333,0
          76.7647183333333,16.299825,0
          76.7646816666667,16.2998366666667,0
          76.7646416666667,16.2998483333333,0
          76.7645933333333,16.2998616666667,0
          76.7645533333333,16.299875,0
          76.7645216666667,16.2998933333333,0
          76.7644883333333,16.2999066666667,0
          76.76446,16.299915,0
          76.764435,16.2999233333333,0
          76.764405,16.2999266666667,0
          76.7643766666667,16.2999316666667,0
          76.7643383333333,16.2999366666667,0
          76.7643,16.2999466666667,0
          76.7642516666667,16.299955,0
          76.76421,16.299965,0
          76.7641616666667,16.29998,0
          76.7641166666667,16.299995,0
          76.7640683333333,16.3000083333333,0
          76.76402,16.30002,0
          76.7639633333333,16.3000283333333,0
          76.763905,16.300035,0
          76.76384,16.3000416666667,0
          76.7637833333333,16.300055,0
          76.7637166666667,16.300065,0
          76.7636533333333,16.3000783333333,0
          76.7635916666667,16.3000916666667,0
          76.763525,16.3001016666667,0
          76.763465,16.3001133333333,0
          76.763405,16.3001266666667,0
          76.76334,16.3001383333333,0
          76.7632683333333,16.300145,0
          76.7632033333333,16.3001533333333,0
          76.7631366666667,16.3001583333333,0
          76.763065,16.3001566666667,0
          76.7630066666667,16.3001716666667,0
          76.76295,16.3001866666667,0
          76.7628783333333,16.3001966666667,0
          76.7628033333333,16.3002033333333,0
          76.7627333333333,16.300205,0
          76.7626633333333,16.3002033333333,0
          76.7626016666667,16.300205,0
          76.7625366666667,16.300215,0
          76.7624683333333,16.3002133333333,0
          76.7623966666667,16.3002116666667,0
          76.76233,16.30021,0
          76.762275,16.3002066666667,0
          76.7622216666667,16.3002083333333,0
          76.7621666666667,16.30021,0
          76.7621166666667,16.300215,0
          76.76206,16.3002266666667,0
          76.762005,16.3002333333333,0
          76.7619483333333,16.3002383333333,0
          76.7618966666667,16.3002533333333,0
          76.7618433333333,16.300265,0
          76.76178,16.3002766666667,0
          76.7617116666667,16.300285,0
          76.7616483333333,16.30029,0
          76.76158,16.3002916666667,0
          76.7615216666667,16.300295,0
          76.761355,16.3002966666667,0
          76.7613016666667,16.3002933333333,0
          76.7612483333333,16.3002966666667,0
          76.761155,16.3003083333333,0
          76.7611166666667,16.300325,0
          76.761085,16.3003483333333,0
          76.7610683333333,16.3003766666667,0
          76.76105,16.3004066666667,0
          76.761035,16.30043,0
          76.76102,16.3004583333333,0
          76.761005,16.300485,0
          76.7609866666667,16.300515,0
          76.76097,16.3005466666667,0
          76.7609516666667,16.30058,0
          76.7609333333333,16.3006183333333,0
          76.7609116666667,16.3006516666667,0
          76.760885,16.3006916666667,0
          76.760865,16.30073,0
          76.76084,16.3007633333333,0
          76.7608183333333,16.3007983333333,0
          76.7607966666667,16.3008333333333,0
          76.76078,16.3008683333333,0
          76.7607733333333,16.3009,0
          76.760765,16.300925,0
          76.7607466666667,16.30095,0
          76.7607283333333,16.3009783333333,0
          76.7607066666667,16.3010083333333,0
          76.760695,16.3010366666667,0
          76.7606733333333,16.301075,0
          76.7606466666667,16.3011116666667,0
          76.7606266666667,16.3011466666667,0
          76.7606,16.3011816666667,0
          76.7605816666667,16.30122,0
          76.7605566666667,16.301255,0
          76.7605333333333,16.3012916666667,0
          76.7605133333333,16.301335,0
          76.7604966666667,16.3013716666667,0
          76.7604716666667,16.30141,0
          76.760445,16.3014533333333,0
          76.7604216666667,16.301495,0
          76.7603983333333,16.3015433333333,0
          76.7603733333333,16.30159,0
          76.7603516666667,16.3016383333333,0
          76.760325,16.301685,0
          76.7603016666667,16.30172,0
          76.7602766666667,16.3017666666667,0
          76.76026,16.3017983333333,0
          76.7602383333333,16.3018316666667,0
          76.76022,16.3018683333333,0
          76.7602066666667,16.3018966666667,0
          76.7601916666667,16.3019183333333,0
          76.76018,16.30194,0
          76.7601666666667,16.3019683333333,0
          76.760155,16.3019916666667,0
          76.7601416666667,16.3020183333333,0
          76.7601266666667,16.3020433333333,0
          76.760115,16.3020666666667,0
          76.7601,16.3020916666667,0
          76.7600933333333,16.3021233333333,0
          76.7600883333333,16.30215,0
          76.7600716666667,16.30217,0
          76.760055,16.30219,0
          76.7600366666667,16.3022066666667,0
          76.7600166666667,16.30223,0
          76.760005,16.302255,0
          76.7599966666667,16.302285,0
          76.759975,16.3023116666667,0
          76.7599516666667,16.30234,0
          76.7599433333333,16.3023716666667,0
          76.7599233333333,16.3024016666667,0
          76.7599066666667,16.3024216666667,0
          76.7598866666667,16.3024566666667,0
          76.7598616666667,16.3024833333333,0
          76.7598433333333,16.3025133333333,0
          76.7598216666667,16.3025566666667,0
          76.75979,16.302605,0
          76.75976,16.3026483333333,0
          76.7597533333333,16.3026683333333,0
          76.7597483333333,16.3026866666667,0
          76.7597466666667,16.3027066666667,0
          76.7597483333333,16.3027183333333,0
          76.7597416666667,16.3027466666667,0
          76.7597266666667,16.3027716666667,0
          76.7597083333333,16.3028,0
          76.759685,16.302835,0
          76.75966,16.3028766666667,0
          76.759635,16.3029166666667,0
          76.7596166666667,16.3029616666667,0
          76.75959,16.3030066666667,0
          76.7595633333333,16.30305,0
          76.7595416666667,16.3030966666667,0
          76.759515,16.3031466666667,0
          76.7594866666667,16.303195,0
          76.75946,16.3032466666667,0
          76.7594366666667,16.3032983333333,0
          76.75941,16.303345,0
          76.75939,16.3033866666667,0
          76.75937,16.3034333333333,0
          76.759345,16.303475,0
          76.7593183333333,16.303515,0
          76.7592933333333,16.303555,0
          76.7592633333333,16.3035966666667,0
          76.7592266666667,16.3036283333333,0
          76.7591833333333,16.30366,0
          76.7591416666667,16.303695,0
          76.75911,16.30373,0
          76.7590766666667,16.30376,0
          76.7590416666667,16.3037883333333,0
          76.7590133333333,16.3038066666667,0
          76.7589833333333,16.30383,0
          76.7589583333333,16.30385,0
          76.75894,16.3038666666667,0
          76.7589183333333,16.3038783333333,0
          76.7589016666667,16.3038866666667,0
          76.758895,16.3038933333333,0
          76.7588,16.303875,0
          76.758785,16.3038783333333,0
          76.758725,16.30396,0
          76.7587133333333,16.3039716666667,0
          76.758635,16.3040283333333,0
          76.75863,16.3040366666667,0
          76.7586233333333,16.304045,0
          76.7586133333333,16.3040533333333,0
          76.7586066666667,16.30406,0
          76.7585983333333,16.3040666666667,0
          76.75859,16.304075,0
          76.7585783333333,16.3040783333333,0
          76.7585716666667,16.304085,0
          76.7585466666667,16.3041066666667,0
          76.7585383333333,16.3041133333333,0
          76.758525,16.304125,0
          76.7585166666667,16.3041333333333,0
          76.7585083333333,16.3041383333333,0
          76.7585016666667,16.304145,0
          76.7584933333333,16.3041516666667,0
          76.7584816666667,16.304155,0
          76.7584716666667,16.30416,0
          76.7584633333333,16.3041683333333,0
          76.758455,16.3041783333333,0
          76.7584466666667,16.304185,0
          76.7584366666667,16.304195,0
          76.75843,16.304205,0
          76.7583816666667,16.3042983333333,0
          76.7583733333333,16.304305,0
          76.7583633333333,16.3043133333333,0
          76.758355,16.3043183333333,0
          76.7583466666667,16.3043266666667,0
          76.7583383333333,16.3043333333333,0
          76.7583283333333,16.3043383333333,0
          76.75832,16.304345,0
          76.7583116666667,16.3043516666667,0
          76.7582966666667,16.30436,0
          76.7582883333333,16.3043683333333,0
          76.7582216666667,16.3044366666667,0
          76.7582166666667,16.304445,0
          76.75821,16.3044583333333,0
          76.7581933333333,16.3044666666667,0
          76.7581816666667,16.30447,0
          76.758175,16.3044766666667,0
          76.7581066666667,16.30454,0
          76.7580966666667,16.3045466666667,0
          76.7580883333333,16.3045533333333,0
          76.7580816666667,16.30456,0
          76.7580733333333,16.3045716666667,0
          76.7580583333333,16.3045833333333,0
          76.75805,16.3045883333333,0
          76.7580333333333,16.3046,0
          76.7580166666667,16.3046083333333,0
          76.7580116666667,16.3046166666667,0
          76.7580066666667,16.304625,0
          76.757995,16.3046366666667,0
          76.7579216666667,16.3046933333333,0
          76.75791,16.304705,0
          76.7578933333333,16.3047133333333,0
          76.7578833333333,16.304715,0
          76.7578716666667,16.3047216666667,0
          76.7578616666667,16.3047283333333,0
          76.7578533333333,16.304735,0
          76.7578483333333,16.304745,0
          76.757835,16.3047583333333,0
          76.7578266666667,16.304765,0
          76.7578216666667,16.304775,0
          76.757815,16.3047816666667,0
          76.7578066666667,16.3047916666667,0
          76.7578016666667,16.3048,0
          76.757775,16.3048333333333,0
          76.7577633333333,16.3048383333333,0
          76.7577516666667,16.304845,0
          76.7577416666667,16.3048516666667,0
          76.7577333333333,16.3048566666667,0
          76.7577183333333,16.30487,0
          76.7577133333333,16.3048783333333,0
          76.7577016666667,16.3048883333333,0
          76.7576816666667,16.3049066666667,0
          76.7576733333333,16.304915,0
          76.7576633333333,16.3049233333333,0
          76.7576566666667,16.30493,0
          76.75765,16.30494,0
          76.75764,16.3049466666667,0
          76.7576283333333,16.304955,0
          76.75762,16.3049616666667,0
          76.75761,16.30497,0
          76.757595,16.304985,0
          76.7575866666667,16.3049916666667,0
          76.7575733333333,16.3050033333333,0
        </coordinates>
      </LineString>
    </Placemark>
    <Placemark>
      <name>Lateral 1A</name>
      <styleUrl>#m_ylw-pushpin310</styleUrl>
      <LineString>
        <tessellate>1</tessellate>
        <coordinates>
          76.7640683091031,16.2945687019536,0
          76.7643315162887,16.2941968654402,0
          76.7645294428096,16.2938582158947,0
          76.7644969162365,16.2935312263425,0
          76.7644829251423,16.2929353294193,0
          76.7645247892067,16.2924136459115,0
          76.7645249071564,16.2917437844982,0
          76.7645157356278,16.2906237277613,0
          76.7644967965329,16.2903305874234,0
          76.7645309643304,16.2899727721812,0
          76.7645949752734,16.2895852078565,0
          76.7647134478511,16.2892591116709,0
          76.7649432626745,16.2889060315245,0
          76.7651290162974,16.2887358737549,0
          76.765426903476,16.2884798122353,0
          76.7656187395927,16.2883131674699,0
          76.7658473832772,16.2881199761977,0
          76.7660731140365,16.2879548675611,0
          76.7661732531289,16.2879002765799,0
          76.7663231105683,16.2878825834419,0
          76.7665551185817,16.2878726041617,0
          76.7667774620442,16.2878606891317,0
          76.7670224577759,16.2878444355546,0
          76.7672728657137,16.287841140274,0
          76.7673720628224,16.2879230464526,0
          76.7675284046133,16.2880332019598,0
          76.7677109530802,16.2881983588976,0
          76.7679050358326,16.2883443537334,0
          76.7680742008602,16.2884465749399,0
          76.7682997170743,16.2885946497061,0
          76.7686527983921,16.2885527475074,0
          76.7698285378727,16.2884276107519,0
          76.7705914245168,16.2883486522742,0
          76.7708275657093,16.2882970020479,0
          76.7711050995396,16.2882008463419,0
          76.7714591203887,16.2881024683741,0
          76.7717392485928,16.2880543405568,0
          76.7722220719647,16.287936053888,0
          76.7724152847108,16.2878892430823,0
          76.7725433845908,16.2878670303273,0
          76.7726885895025,16.2878356309612,0
          76.7731025705738,16.2877325636756,0
          76.7734417394975,16.2876541359606,0
          76.7737948409159,16.2875600889685,0
          76.7743745032536,16.2873984589287,0
          76.7745841927946,16.2873369577477,0
          76.7751685157017,16.2871948906858,0
          76.7757713596555,16.2870336571196,0
          76.7760138751796,16.2869793289921,0
          76.7764436089947,16.2868497591198,0
          76.7767620013416,16.2867747228575,0
          76.7769837272958,16.286713640841,0
        </coordinates>
      </LineString>
    </Placemark>
    <Placemark>
      <name>lateral 2</name>
      <description>GeoMeasure</description>
      <styleUrl>#straightLineStyle42</styleUrl>
      <LineString>
        <tessellate>1</tessellate>
        <coordinates>
          76.7864016666667,16.30659,0
          76.7864133333333,16.3065816666667,0
          76.786425,16.306575,0
          76.786415,16.3065683333333,0
          76.7863983333333,16.306565,0
          76.7863883333333,16.3065666666667,0
          76.7863866666667,16.3065783333333,0
          76.78637,16.3065833333333,0
          76.7863483333333,16.306585,0
          76.786325,16.3065883333333,0
          76.786315,16.30659,0
          76.7863033333333,16.3065916666667,0
          76.7862933333333,16.306595,0
          76.7862833333333,16.3065966666667,0
          76.7862716666667,16.3066,0
          76.78626,16.3066016666667,0
          76.78625,16.306605,0
          76.78624,16.3066083333333,0
          76.7862233333333,16.3066133333333,0
          76.786215,16.3066183333333,0
          76.7861866666667,16.30662,0
          76.78617,16.306625,0
          76.7861583333333,16.3066283333333,0
          76.7861466666667,16.3066333333333,0
          76.7861366666667,16.3066366666667,0
          76.78613,16.3066433333333,0
          76.78612,16.3066466666667,0
          76.78611,16.3066483333333,0
          76.7861016666667,16.3066533333333,0
          76.7860916666667,16.3066516666667,0
          76.7860833333333,16.3066566666667,0
          76.7860716666667,16.3066616666667,0
          76.7860616666667,16.30666,0
          76.7860433333333,16.3066583333333,0
          76.7860333333333,16.3066616666667,0
          76.7860233333333,16.3066666666667,0
          76.78601,16.3066683333333,0
          76.7859883333333,16.30667,0
          76.7859666666667,16.3066733333333,0
          76.785955,16.306675,0
          76.7859333333333,16.3066733333333,0
          76.7859233333333,16.3066716666667,0
          76.785915,16.3066766666667,0
          76.7859233333333,16.3066716666667,0
          76.785915,16.306685,0
          76.7859,16.3066883333333,0
          76.78589,16.3066916666667,0
          76.7858716666667,16.306695,0
          76.785855,16.3066966666667,0
          76.7858366666667,16.3067016666667,0
          76.7858266666667,16.3067033333333,0
          76.7857916666667,16.306705,0
          76.7857816666667,16.3067066666667,0
          76.7857683333333,16.3067083333333,0
          76.7857583333333,16.3067133333333,0
          76.7857483333333,16.3067183333333,0
          76.7857383333333,16.30672,0
          76.7857216666667,16.30673,0
          76.7857116666667,16.3067316666667,0
          76.7857016666667,16.3067366666667,0
          76.7856916666667,16.3067383333333,0
          76.78568,16.30674,0
          76.7856666666667,16.3067433333333,0
          76.785655,16.3067483333333,0
          76.7856433333333,16.3067516666667,0
          76.7856366666667,16.30676,0
          76.785625,16.30677,0
          76.785615,16.3067716666667,0
          76.78561,16.30678,0
          76.785595,16.30679,0
          76.785585,16.3067916666667,0
          76.7855716666667,16.3067933333333,0
          76.78556,16.306795,0
          76.7855466666667,16.3067916666667,0
          76.7855033333333,16.3067933333333,0
          76.7854716666667,16.3068,0
          76.78546,16.3067983333333,0
          76.785435,16.3067916666667,0
          76.7854216666667,16.3067866666667,0
          76.78541,16.3067833333333,0
          76.7853983333333,16.30678,0
          76.7853866666667,16.306775,0
          76.785365,16.3067733333333,0
          76.7853583333333,16.3067833333333,0
          76.7853483333333,16.30678,0
          76.7853383333333,16.3067733333333,0
          76.78533,16.306765,0
          76.785315,16.3067566666667,0
          76.7853033333333,16.306755,0
          76.78529,16.306745,0
          76.7852816666667,16.306735,0
          76.7852716666667,16.3067333333333,0
          76.7852616666667,16.30673,0
          76.785255,16.3067233333333,0
          76.7852433333333,16.3067066666667,0
          76.7852383333333,16.3066966666667,0
          76.7852366666667,16.3066866666667,0
          76.785235,16.3066766666667,0
          76.7852366666667,16.3066483333333,0
          76.78525,16.306635,0
          76.7852666666667,16.3066316666667,0
          76.7852516666667,16.3066133333333,0
          76.7852366666667,16.3066,0
          76.7852133333333,16.306595,0
          76.785185,16.306585,0
          76.7851533333333,16.3065716666667,0
          76.7851216666667,16.30656,0
          76.7850933333333,16.3065516666667,0
          76.7850683333333,16.3065416666667,0
          76.7850416666667,16.30653,0
          76.7850166666667,16.306515,0
          76.7849933333333,16.3065083333333,0
          76.7849683333333,16.3065033333333,0
          76.7849483333333,16.3064916666667,0
          76.7849266666667,16.3064816666667,0
          76.7849033333333,16.3064716666667,0
          76.784875,16.3064633333333,0
          76.78485,16.30646,0
          76.7848216666667,16.306455,0
          76.7847966666667,16.3064466666667,0
          76.7847683333333,16.3064366666667,0
          76.78474,16.3064266666667,0
          76.7847133333333,16.3064166666667,0
          76.7846866666667,16.3064033333333,0
          76.78466,16.3063933333333,0
          76.784635,16.306385,0
          76.7846083333333,16.3063766666667,0
          76.7845866666667,16.30637,0
          76.7845633333333,16.30636,0
          76.7845433333333,16.3063483333333,0
          76.7845116666667,16.3063416666667,0
          76.7844866666667,16.3063316666667,0
          76.7844633333333,16.3063233333333,0
          76.78444,16.3063166666667,0
          76.7844116666667,16.3063016666667,0
          76.78439,16.306295,0
          76.7843766666667,16.3062916666667,0
          76.7843633333333,16.3062883333333,0
          76.78435,16.306285,0
          76.7843333333333,16.3062783333333,0
          76.7843183333333,16.3062683333333,0
          76.7843066666667,16.3062566666667,0
          76.78429,16.3062433333333,0
          76.7842666666667,16.306235,0
          76.7842383333333,16.30623,0
          76.7841816666667,16.306225,0
          76.7841483333333,16.30622,0
          76.784115,16.3062166666667,0
          76.7840816666667,16.3062133333333,0
          76.7840516666667,16.3062083333333,0
          76.7840216666667,16.306205,0
          76.7839933333333,16.3062,0
          76.7839583333333,16.3061933333333,0
          76.78393,16.3061883333333,0
          76.7838983333333,16.3061833333333,0
          76.7838666666667,16.3061766666667,0
          76.78383,16.3061716666667,0
          76.7838,16.3061733333333,0
          76.7837616666667,16.3061683333333,0
          76.783725,16.3061666666667,0
          76.7836933333333,16.3061683333333,0
          76.78366,16.3061666666667,0
          76.7836216666667,16.3061616666667,0
          76.78359,16.306165,0
          76.78352,16.3061616666667,0
          76.7834533333333,16.3061533333333,0
          76.7834233333333,16.3061516666667,0
          76.783395,16.3061533333333,0
          76.78336,16.30615,0
          76.7833233333333,16.3061483333333,0
          76.7832833333333,16.306145,0
          76.7831966666667,16.3061483333333,0
          76.78315,16.3061516666667,0
          76.7830833333333,16.30614,0
          76.7830283333333,16.3061383333333,0
          76.78298,16.306135,0
          76.7829383333333,16.30613,0
          76.7828966666667,16.30612,0
          76.7828533333333,16.3060966666667,0
          76.7828083333333,16.3060666666667,0
          76.78277,16.3060366666667,0
          76.7827316666667,16.3060033333333,0
          76.782695,16.30597,0
          76.782655,16.3059316666667,0
          76.782615,16.3059,0
          76.7825766666667,16.30587,0
          76.7825416666667,16.3058366666667,0
          76.7825016666667,16.305805,0
          76.7824733333333,16.30578,0
          76.7824533333333,16.3057633333333,0
          76.7824183333333,16.305735,0
          76.7823866666667,16.3057066666667,0
          76.78236,16.30568,0
          76.7823366666667,16.3056483333333,0
          76.7823116666667,16.3056233333333,0
          76.78227,16.3055966666667,0
          76.7822366666667,16.3055716666667,0
          76.7822033333333,16.3055466666667,0
          76.7821716666667,16.3055233333333,0
          76.782135,16.3054966666667,0
          76.7820966666667,16.3054733333333,0
          76.7820566666667,16.305445,0
          76.7820216666667,16.3054166666667,0
          76.781985,16.3053833333333,0
          76.781945,16.30535,0
          76.781905,16.30532,0
          76.781875,16.3052883333333,0
          76.7818433333333,16.3052566666667,0
          76.7818133333333,16.3052233333333,0
          76.78178,16.3051966666667,0
          76.781745,16.30517,0
          76.7817083333333,16.305145,0
          76.78167,16.3051216666667,0
          76.78163,16.3050933333333,0
          76.7815883333333,16.305065,0
          76.7815466666667,16.3050316666667,0
          76.7815183333333,16.3050033333333,0
          76.7814833333333,16.3049716666667,0
          76.781445,16.30494,0
          76.7814116666667,16.3049116666667,0
          76.781375,16.3048833333333,0
          76.7813383333333,16.30485,0
          76.7813016666667,16.30482,0
          76.7812716666667,16.30479,0
          76.78124,16.3047616666667,0
          76.7812066666667,16.3047266666667,0
          76.78117,16.3046866666667,0
          76.78114,16.3046466666667,0
          76.7811083333333,16.3046016666667,0
          76.78108,16.3045566666667,0
          76.7810533333333,16.3045116666667,0
          76.781025,16.3044716666667,0
          76.7810033333333,16.3044366666667,0
          76.78098,16.3044,0
          76.7809533333333,16.304365,0
          76.7809316666667,16.3043333333333,0
          76.78091,16.3042966666667,0
          76.7808883333333,16.304265,0
          76.7808666666667,16.304235,0
          76.7808433333333,16.3042033333333,0
          76.7808216666667,16.3041716666667,0
          76.7807983333333,16.3041383333333,0
          76.7807733333333,16.3041066666667,0
          76.7807516666667,16.304085,0
          76.7807283333333,16.3040566666667,0
          76.7807083333333,16.3040233333333,0
          76.7806866666667,16.3039866666667,0
          76.7806666666667,16.3039516666667,0
          76.78065,16.3039216666667,0
          76.7806283333333,16.303905,0
          76.7806133333333,16.303885,0
          76.7806033333333,16.3038616666667,0
          76.7805883333333,16.3038366666667,0
          76.7805733333333,16.3038,0
          76.7805583333333,16.303765,0
          76.7805383333333,16.303725,0
          76.7805183333333,16.303695,0
          76.7805016666667,16.3036633333333,0
          76.780485,16.3036283333333,0
          76.7804683333333,16.3036,0
          76.78045,16.3035633333333,0
          76.780425,16.303515,0
          76.7803983333333,16.3034566666667,0
          76.7803716666667,16.3034183333333,0
          76.7803483333333,16.3033783333333,0
          76.78033,16.3033416666667,0
          76.780305,16.3033016666667,0
          76.7802783333333,16.3032633333333,0
          76.780255,16.3032233333333,0
          76.7802366666667,16.30318,0
          76.78022,16.3031383333333,0
          76.7801983333333,16.303095,0
          76.7801733333333,16.3030483333333,0
          76.7801516666667,16.3030066666667,0
          76.780145,16.302975,0
          76.7801216666667,16.30292,0
          76.7801,16.3028766666667,0
          76.7800866666667,16.3028433333333,0
          76.780055,16.3028066666667,0
          76.7800233333333,16.3027716666667,0
          76.7799983333333,16.30273,0
          76.77998,16.3026933333333,0
          76.779955,16.3026566666667,0
          76.7799316666667,16.3026183333333,0
          76.7799083333333,16.3025816666667,0
          76.77989,16.3025433333333,0
          76.7798666666667,16.302505,0
          76.7798516666667,16.30248,0
          76.7798333333333,16.3024433333333,0
          76.7798116666667,16.3024066666667,0
          76.7797866666667,16.3023666666667,0
          76.7797566666667,16.3023283333333,0
          76.7797316666667,16.3022866666667,0
          76.7797083333333,16.302245,0
          76.779685,16.3021966666667,0
          76.7796616666667,16.302155,0
          76.7796366666667,16.3021133333333,0
          76.77961,16.3020683333333,0
          76.7795833333333,16.30202,0
          76.7795533333333,16.30197,0
          76.779525,16.3019216666667,0
          76.7795016666667,16.3018866666667,0
          76.7794733333333,16.3018533333333,0
          76.77944,16.301825,0
          76.779405,16.3018033333333,0
          76.7793783333333,16.3017883333333,0
          76.7793383333333,16.3017683333333,0
          76.7793166666667,16.3017616666667,0
          76.779275,16.3017416666667,0
          76.7792316666667,16.3017216666667,0
          76.7791883333333,16.3017033333333,0
          76.77914,16.3016783333333,0
          76.77909,16.3016583333333,0
          76.7790483333333,16.3016333333333,0
          76.7790083333333,16.30161,0
          76.7789633333333,16.3015866666667,0
          76.778915,16.30156,0
          76.77886,16.301535,0
          76.7788066666667,16.30151,0
          76.7787533333333,16.3014833333333,0
          76.7787,16.30146,0
          76.77865,16.301435,0
          76.7786033333333,16.3014116666667,0
          76.7785583333333,16.3013883333333,0
          76.7785116666667,16.301365,0
          76.7784633333333,16.3013416666667,0
          76.77842,16.30132,0
          76.7783766666667,16.3012966666667,0
          76.7783383333333,16.3012783333333,0
          76.7782966666667,16.3012583333333,0
          76.7782533333333,16.3012366666667,0
          76.7782116666667,16.3012133333333,0
          76.77817,16.30119,0
          76.7781216666667,16.3011666666667,0
          76.7780783333333,16.3011433333333,0
          76.778035,16.30112,0
          76.7779933333333,16.3010966666667,0
          76.777945,16.3010733333333,0
          76.7779,16.3010483333333,0
          76.7778516666667,16.3010216666667,0
          76.777805,16.3009983333333,0
          76.7777583333333,16.3009783333333,0
          76.7777116666667,16.3009516666667,0
          76.7776583333333,16.3009266666667,0
          76.7776116666667,16.3009083333333,0
          76.7775733333333,16.3008966666667,0
          76.7775416666667,16.3008866666667,0
          76.7775066666667,16.3008666666667,0
          76.7774716666667,16.3008533333333,0
          76.7774333333333,16.300835,0
          76.777395,16.3008166666667,0
          76.7773633333333,16.3008,0
          76.777325,16.3007783333333,0
          76.7772833333333,16.300755,0
          76.7772366666667,16.30073,0
          76.77719,16.3007066666667,0
          76.7771433333333,16.3006833333333,0
          76.7770966666667,16.3006516666667,0
          76.77705,16.3006216666667,0
          76.7769983333333,16.30059,0
          76.7769466666667,16.3005633333333,0
          76.77689,16.30053,0
          76.7768333333333,16.3005016666667,0
          76.7767733333333,16.3004733333333,0
          76.7767233333333,16.3004483333333,0
          76.7766716666667,16.3004216666667,0
          76.77662,16.3003966666667,0
          76.7765666666667,16.3003716666667,0
          76.7765183333333,16.30035,0
          76.7764666666667,16.3003283333333,0
          76.7764183333333,16.3003083333333,0
          76.7763766666667,16.30029,0
          76.77633,16.30027,0
          76.7762833333333,16.3002483333333,0
          76.7762333333333,16.3002283333333,0
          76.7761916666667,16.3002116666667,0
          76.7761416666667,16.3001866666667,0
          76.77609,16.3001566666667,0
          76.7760466666667,16.3001383333333,0
          76.7760016666667,16.300115,0
          76.7759583333333,16.3000933333333,0
          76.7759133333333,16.3000666666667,0
          76.7758633333333,16.30004,0
          76.7758116666667,16.3000116666667,0
          76.7757666666667,16.2999866666667,0
          76.775715,16.2999583333333,0
          76.7756633333333,16.2999333333333,0
          76.775615,16.2999083333333,0
          76.7755633333333,16.299885,0
          76.775515,16.2998633333333,0
          76.7754683333333,16.2998383333333,0
          76.7754266666667,16.2998166666667,0
          76.7753816666667,16.2997916666667,0
          76.7753316666667,16.2997733333333,0
          76.775275,16.2997616666667,0
          76.7752183333333,16.299755,0
          76.7751583333333,16.2997516666667,0
          76.7751,16.29975,0
          76.7750366666667,16.2997466666667,0
          76.7749783333333,16.299745,0
          76.7749183333333,16.2997433333333,0
          76.7748533333333,16.2997383333333,0
          76.774725,16.2997366666667,0
          76.7745983333333,16.2997316666667,0
          76.7745266666667,16.2997283333333,0
          76.7744566666667,16.2997216666667,0
          76.7743933333333,16.29972,0
          76.7743316666667,16.2997183333333,0
          76.7742683333333,16.29971,0
          76.7742016666667,16.2996983333333,0
          76.7741416666667,16.299695,0
          76.7740816666667,16.2996983333333,0
          76.774025,16.2996966666667,0
          76.7739716666667,16.299695,0
          76.7739166666667,16.29969,0
          76.773855,16.2996883333333,0
          76.7737933333333,16.2996833333333,0
          76.7737316666667,16.29968,0
          76.7736716666667,16.2996766666667,0
          76.77361,16.2996716666667,0
          76.7735483333333,16.2996616666667,0
          76.7733766666667,16.29966,0
          76.7733133333333,16.2996583333333,0
          76.773255,16.2996566666667,0
          76.7731933333333,16.29965,0
          76.7731283333333,16.2996416666667,0
          76.77307,16.2996283333333,0
          76.7730166666667,16.29961,0
          76.7729683333333,16.2995983333333,0
          76.77292,16.2995816666667,0
          76.7728683333333,16.2995666666667,0
          76.7728166666667,16.2995483333333,0
          76.7727633333333,16.2995266666667,0
          76.7727233333333,16.2995016666667,0
          76.772685,16.29948,0
          76.7726466666667,16.2994633333333,0
          76.7726033333333,16.299445,0
          76.7725766666667,16.2994283333333,0
          76.7725483333333,16.2994166666667,0
          76.772515,16.299415,0
          76.772475,16.2994066666667,0
          76.7724333333333,16.2994,0
          76.772385,16.2993816666667,0
          76.7723366666667,16.2993633333333,0
          76.7722866666667,16.2993466666667,0
          76.77224,16.299325,0
          76.7721933333333,16.2993083333333,0
          76.7721483333333,16.29929,0
          76.7721083333333,16.2992766666667,0
          76.7720716666667,16.2992583333333,0
          76.772035,16.299245,0
          76.772,16.29923,0
          76.771955,16.2992166666667,0
          76.771915,16.2992033333333,0
          76.7718683333333,16.2991933333333,0
          76.7718233333333,16.2991766666667,0
          76.77178,16.2991683333333,0
          76.7717383333333,16.2991583333333,0
          76.77169,16.299145,0
          76.77164,16.2991283333333,0
          76.7715966666667,16.29911,0
          76.7715516666667,16.2990966666667,0
          76.7715033333333,16.29908,0
          76.7714533333333,16.29906,0
          76.7713933333333,16.2990366666667,0
          76.77133,16.299015,0
          76.7712733333333,16.2989983333333,0
          76.7712066666667,16.2989716666667,0
          76.7711416666667,16.29895,0
          76.7710883333333,16.2989283333333,0
          76.7710366666667,16.298905,0
          76.7709833333333,16.2988866666667,0
          76.7709283333333,16.2988766666667,0
          76.77088,16.29886,0
          76.7708283333333,16.298845,0
          76.7707733333333,16.2988333333333,0
          76.770725,16.298815,0
          76.7706733333333,16.2987933333333,0
          76.7706283333333,16.2987783333333,0
          76.770575,16.2987583333333,0
          76.77052,16.2987366666667,0
          76.7704666666667,16.298715,0
          76.7704133333333,16.298695,0
          76.77036,16.298675,0
          76.7703116666667,16.2986566666667,0
          76.770265,16.29864,0
          76.7702266666667,16.2986233333333,0
          76.7701933333333,16.298605,0
          76.7701633333333,16.2985966666667,0
          76.7701416666667,16.298595,0
          76.7701183333333,16.2985966666667,0
          76.7701,16.2985983333333,0
          76.7700766666667,16.2986016666667,0
          76.77006,16.298605,0
          76.7700366666667,16.2986066666667,0
          76.7700116666667,16.2986133333333,0
          76.76999,16.2986266666667,0
          76.76997,16.2986383333333,0
          76.7699466666667,16.298655,0
          76.769915,16.2986733333333,0
          76.7698833333333,16.2986933333333,0
          76.7698433333333,16.2987166666667,0
          76.7698016666667,16.2987433333333,0
          76.7697533333333,16.2987716666667,0
          76.7697033333333,16.298805,0
          76.7696666666667,16.29884,0
          76.7696166666667,16.298885,0
          76.7695633333333,16.2989266666667,0
          76.7695083333333,16.2989666666667,0
          76.76945,16.2989983333333,0
          76.7693916666667,16.2990366666667,0
          76.7693383333333,16.2990816666667,0
          76.7692916666667,16.2991166666667,0
          76.76925,16.2991533333333,0
          76.7692016666667,16.2991966666667,0
          76.7691583333333,16.299235,0
          76.7691133333333,16.2992716666667,0
          76.7690616666667,16.2993016666667,0
          76.7690133333333,16.2993283333333,0
          76.76896,16.2993633333333,0
          76.7689116666667,16.2994016666667,0
          76.7688633333333,16.2994433333333,0
          76.7688133333333,16.2994766666667,0
          76.7687683333333,16.29951,0
          76.7687216666667,16.2995416666667,0
          76.76868,16.2995666666667,0
          76.768635,16.299585,0
          76.7685916666667,16.2995966666667,0
          76.768545,16.299605,0
          76.7684966666667,16.2996066666667,0
          76.76844,16.2996033333333,0
          76.76838,16.2996083333333,0
          76.7683183333333,16.29961,0
          76.7682533333333,16.2996116666667,0
          76.7681816666667,16.2996066666667,0
          76.768115,16.2996033333333,0
          76.7680566666667,16.299605,0
          76.7679333333333,16.2996033333333,0
          76.767865,16.2996016666667,0
          76.767735,16.2996,0
          76.767665,16.2995983333333,0
          76.767595,16.2995933333333,0
          76.7675233333333,16.2995916666667,0
          76.76739,16.299595,0
          76.7673233333333,16.2996033333333,0
          76.767265,16.2996133333333,0
          76.7672,16.2996216666667,0
          76.76713,16.2996266666667,0
          76.767,16.2996283333333,0
          76.766945,16.29963,0
          76.766755,16.2996316666667,0
          76.7666933333333,16.2996333333333,0
          76.766625,16.29963,0
          76.7665566666667,16.299625,0
          76.766485,16.299615,0
          76.7664183333333,16.2996116666667,0
          76.7663633333333,16.29961,0
          76.766315,16.29962,0
          76.76627,16.299625,0
          76.7662183333333,16.2996333333333,0
          76.766175,16.2996366666667,0
          76.7661283333333,16.29964,0
          76.76608,16.2996466666667,0
          76.7660333333333,16.29965,0
          76.7659866666667,16.299655,0
          76.7659366666667,16.2996583333333,0
          76.7658866666667,16.29966,0
          76.7658383333333,16.2996583333333,0
          76.7657916666667,16.29966,0
          76.76574,16.2996616666667,0
          76.765695,16.29966,0
          76.7655966666667,16.2996566666667,0
          76.765545,16.2996483333333,0
          76.7655016666667,16.2996466666667,0
          76.7654533333333,16.2996483333333,0
          76.7654066666667,16.299655,0
          76.7653633333333,16.2996633333333,0
          76.7653183333333,16.2996683333333,0
          76.7652666666667,16.2996666666667,0
          76.7652183333333,16.29967,0
          76.7651733333333,16.2996733333333,0
          76.7651333333333,16.2996766666667,0
          76.7651083333333,16.29968,0
          76.7650866666667,16.29969,0
          76.7650666666667,16.2997,0
          76.7650533333333,16.2997133333333,0
          76.76504,16.299725,0
          76.7650383333333,16.2997366666667,0
        </coordinates>
      </LineString>
    </Placemark>
    <Placemark>
      <name>Lateral 3</name>
      <description>GeoMeasure</description>
      <styleUrl>#straightLineStyle50</styleUrl>
      <LineString>
        <tessellate>1</tessellate>
        <coordinates>
          76.7712968587875,16.311639547348,0
          76.77129578,16.31163917,0
          76.77129794,16.31164228,0
          76.77129731,16.31164313,0
          76.7712931,16.31164298,0
          76.7712945,16.3116418,0
          76.77129576,16.31164219,0
          76.77130008,16.31164467,0
          76.77130299,16.31164635,0
          76.77130548,16.31164751,0
          76.77129932,16.3116407,0
          76.77127443,16.311613,0
          76.77127504,16.31161231,0
          76.77127565,16.31161514,0
          76.77127925,16.31162201,0
          76.77127784,16.31162459,0
          76.77127056,16.31161465,0
          76.77127726,16.31160914,0
          76.77127953,16.31159373,0
          76.77128252,16.31158489,0
          76.77127623,16.3115682,0
          76.77126963,16.31154877,0
          76.77126772,16.31151668,0
          76.77126895,16.31147834,0
          76.77127145,16.31145077,0
          76.77127285,16.31142969,0
          76.77127351,16.31141781,0
          76.77127644,16.31141043,0
          76.77127673,16.31139224,0
          76.77127741,16.31137153,0
          76.77127842,16.31134555,0
          76.77127618,16.31132034,0
          76.77127459,16.31129085,0
          76.77127527,16.31125538,0
          76.77127432,16.31122157,0
          76.77127362,16.31118766,0
          76.77127182,16.31115849,0
          76.7712711,16.31113226,0
          76.77126964,16.31110709,0
          76.77126906,16.31108243,0
          76.77126702,16.31105822,0
          76.77126741,16.31103236,0
          76.77126738,16.31100403,0
          76.77126941,16.31097653,0
          76.77127077,16.3109484,0
          76.77127066,16.31091503,0
          76.77126989,16.31087964,0
          76.77126899,16.31084629,0
          76.77126798,16.31080926,0
          76.77126668,16.31076883,0
          76.77126789,16.31073018,0
          76.77126994,16.3106927,0
          76.77127404,16.31065902,0
          76.77128256,16.31062591,0
          76.77129584,16.31058998,0
          76.77131116,16.31055478,0
          76.7713265,16.31051994,0
          76.77134102,16.31048704,0
          76.77135634,16.31045648,0
          76.77137146,16.31042755,0
          76.77138656,16.31039969,0
          76.77140057,16.31037218,0
          76.7714135,16.31034783,0
          76.77142396,16.31032701,0
          76.77143556,16.31030311,0
          76.77144553,16.31027895,0
          76.77145496,16.31025566,0
          76.77146239,16.31023347,0
          76.77146885,16.31021206,0
          76.77147533,16.31019085,0
          76.77148203,16.31016889,0
          76.77148956,16.31014629,0
          76.77149756,16.3101262,0
          76.77150762,16.31010095,0
          76.77151975,16.31006823,0
          76.77153135,16.31003614,0
          76.77154427,16.31000537,0
          76.77155772,16.30997559,0
          76.77156944,16.30994484,0
          76.77158145,16.30991385,0
          76.77159312,16.30988251,0
          76.77160429,16.30985491,0
          76.77161769,16.30983138,0
          76.77163186,16.30980712,0
          76.77164708,16.30978078,0
          76.77166017,16.30975426,0
          76.77166727,16.30972806,0
          76.7716758,16.30970068,0
          76.77168424,16.30967431,0
          76.77169043,16.30965576,0
          76.77169805,16.3096368,0
          76.77170745,16.30961723,0
          76.77171786,16.30959628,0
          76.77172833,16.3095757,0
          76.77173827,16.30955342,0
          76.77174867,16.30953032,0
          76.77175749,16.30951066,0
          76.77176494,16.30949121,0
          76.77177235,16.30947263,0
          76.77178143,16.30945198,0
          76.77179032,16.30943344,0
          76.77179855,16.30941529,0
          76.77180874,16.30939369,0
          76.77182139,16.30937149,0
          76.7718388,16.3093509,0
          76.77185566,16.30933683,0
          76.77187559,16.30932343,0
          76.77190047,16.30930853,0
          76.77192472,16.30929488,0
          76.77194962,16.3092832,0
          76.77197427,16.3092731,0
          76.77199786,16.30926368,0
          76.77202065,16.30925352,0
          76.77204286,16.30924393,0
          76.77206409,16.30923597,0
          76.77208488,16.3092287,0
          76.77210647,16.30922028,0
          76.77212986,16.30920801,0
          76.77215221,16.3091951,0
          76.77217383,16.30918182,0
          76.77219627,16.30916963,0
          76.77222154,16.30915831,0
          76.77224564,16.30914613,0
          76.77227067,16.30913091,0
          76.77229643,16.30911716,0
          76.77232186,16.30910237,0
          76.77234766,16.30908739,0
          76.77237798,16.30907243,0
          76.77241181,16.30904884,0
          76.77243991,16.30903038,0
          76.77247505,16.30900121,0
          76.77249947,16.30897444,0
          76.77250708,16.30894872,0
          76.77250391,16.30892487,0
          76.77250185,16.30890065,0
          76.77250423,16.30887736,0
          76.77250971,16.30886335,0
          76.7725244,16.30885538,0
          76.77255513,16.30885109,0
          76.77259425,16.3088473,0
          76.77263636,16.30884077,0
          76.77268062,16.30883215,0
          76.77272637,16.30882426,0
          76.77276991,16.30881801,0
          76.77281436,16.30882156,0
          76.77284937,16.30881236,0
          76.77287137,16.30880246,0
          76.77289586,16.30879768,0
          76.77292,16.30879262,0
          76.77295536,16.30877955,0
          76.77298755,16.30876883,0
          76.77301022,16.30875844,0
          76.77302861,16.30874967,0
          76.77304657,16.30873656,0
          76.773071,16.30871981,0
          76.77309863,16.30869984,0
          76.77312645,16.3086827,0
          76.77315686,16.3086673,0
          76.7731875,16.30865085,0
          76.77321834,16.30863433,0
          76.77325394,16.30861651,0
          76.77328847,16.30859943,0
          76.77332155,16.30858278,0
          76.77335429,16.30856486,0
          76.77338647,16.30854809,0
          76.77341567,16.30853424,0
          76.77344009,16.30852301,0
          76.7734641,16.30851157,0
          76.77348916,16.30849911,0
          76.77351273,16.30848539,0
          76.77353647,16.30847217,0
          76.77356286,16.30845895,0
          76.77358972,16.30844568,0
          76.7736182,16.30843195,0
          76.77364661,16.30841926,0
          76.77367678,16.30840726,0
          76.77371405,16.30839807,0
          76.77375267,16.30839603,0
          76.77379014,16.30840252,0
          76.77382846,16.30841369,0
          76.77386298,16.30842839,0
          76.77389146,16.30844233,0
          76.77391689,16.30845521,0
          76.77396058,16.30847467,0
          76.77401513,16.30849871,0
          76.77406452,16.30852041,0
          76.77410637,16.30854126,0
          76.77414349,16.30856073,0
          76.77417943,16.30857731,0
          76.77421609,16.30859382,0
          76.77425471,16.3086081,0
          76.77428954,16.30862068,0
          76.77432181,16.30863421,0
          76.7743515,16.30864551,0
          76.77438332,16.3086583,0
          76.77441696,16.30867179,0
          76.77444855,16.30868457,0
          76.77447834,16.30869782,0
          76.77450778,16.30871334,0
          76.77453265,16.30872804,0
          76.77455984,16.30874481,0
          76.77459064,16.30876224,0
          76.77462333,16.30877841,0
          76.77465804,16.30879375,0
          76.77469404,16.30880897,0
          76.77473037,16.3088262,0
          76.7747665,16.30884521,0
          76.77480279,16.30886594,0
          76.77484041,16.30888703,0
          76.774878,16.30890758,0
          76.77491317,16.30892682,0
          76.77494825,16.30894439,0
          76.77498586,16.30896383,0
          76.77502524,16.30898199,0
          76.77506371,16.30899992,0
          76.77510159,16.30901881,0
          76.77513785,16.30903418,0
          76.77517164,16.30904866,0
          76.77521156,16.30906757,0
          76.77530879,16.30911633,0
          76.77534874,16.30913556,0
          76.77538681,16.30916099,0
          76.77541927,16.30918321,0
          76.77545678,16.30920829,0
          76.7754964,16.30923314,0
          76.77552864,16.30925688,0
          76.77556207,16.30928175,0
          76.77559304,16.30930106,0
          76.77561633,16.30931541,0
          76.77563925,16.309326,0
          76.77566381,16.30933908,0
          76.77568896,16.30935194,0
          76.77571417,16.30936613,0
          76.77574129,16.30938028,0
          76.77576428,16.3093934,0
          76.77578422,16.30940377,0
          76.77580528,16.30941294,0
          76.77582566,16.30942232,0
          76.77584646,16.30943311,0
          76.77586872,16.30944586,0
          76.77589347,16.30945958,0
          76.77591828,16.30947242,0
          76.77594553,16.3094851,0
          76.77597349,16.30949643,0
          76.77600381,16.30950738,0
          76.77603581,16.30951852,0
          76.77607144,16.30953137,0
          76.77610636,16.30954269,0
          76.77614353,16.30955501,0
          76.77617989,16.30956427,0
          76.77621797,16.30957643,0
          76.7762538,16.3095881,0
          76.7762869,16.30959877,0
          76.7763196,16.30961049,0
          76.77635401,16.30962141,0
          76.77638827,16.30963363,0
          76.77641742,16.30964483,0
          76.77644322,16.30965557,0
          76.77646808,16.30966547,0
          76.77649686,16.30967682,0
          76.77652677,16.30968797,0
          76.77655645,16.30969735,0
          76.77659155,16.30970829,0
          76.77662435,16.30971884,0
          76.7766554,16.30972681,0
          76.77668343,16.30973396,0
          76.77670959,16.30973996,0
          76.77673889,16.30974479,0
          76.77677058,16.30975076,0
          76.77680371,16.30975849,0
          76.77683618,16.3097651,0
          76.77686747,16.30977334,0
          76.77697231,16.30980608,0
          76.77701501,16.30981786,0
          76.77705543,16.30982457,0
          76.77709334,16.30983433,0
          76.77712842,16.30984474,0
          76.77715642,16.30984962,0
          76.77717956,16.30985301,0
          76.77720548,16.30985853,0
          76.77723205,16.30986433,0
          76.77725976,16.3098713,0
          76.77728775,16.3098795,0
          76.77731597,16.30989076,0
          76.77733909,16.30990004,0
          76.77736778,16.30991699,0
          76.77740144,16.30994229,0
          76.77742769,16.30996842,0
          76.7774641,16.31001251,0
          76.77751012,16.31005265,0
          76.77753134,16.31008039,0
          76.77755523,16.31011214,0
          76.77757531,16.31014871,0
          76.77759544,16.31018712,0
          76.77761573,16.3102259,0
          76.77763657,16.31025842,0
          76.77765759,16.31029411,0
          76.77767537,16.31033584,0
          76.77768629,16.31036379,0
          76.77770071,16.31039144,0
          76.77771304,16.31041309,0
          76.77771891,16.31042885,0
          76.77772533,16.31044362,0
          76.77773127,16.3104571,0
          76.77773761,16.31047118,0
          76.77774512,16.31048574,0
          76.77775267,16.31050236,0
          76.77776018,16.31052131,0
          76.77776839,16.31054143,0
          76.77777956,16.31056377,0
          76.77779173,16.31058526,0
          76.77780454,16.31060794,0
          76.77781856,16.31063539,0
          76.77783426,16.31066549,0
          76.7778493,16.31069276,0
          76.7778628,16.31071926,0
          76.7778734,16.31074579,0
          76.77788377,16.31077423,0
          76.77789344,16.3108017,0
          76.77790629,16.31082539,0
          76.77790981,16.3108435,0
          76.77789923,16.31085843,0
          76.77788949,16.31086081,0
          76.77788476,16.31085474,0
          76.77788289,16.31085075,0
          76.77788478,16.31084942,0
          76.77788611,16.31084527,0
          76.77788814,16.31083982,0
          76.77789182,16.31082545,0
          76.77789333,16.31081803,0
          76.7778941,16.31081428,0
          76.7778945,16.31081237,0
          76.77789466,16.31081173,0
          76.77789482,16.31081105,0
          76.77789257,16.31080625,0
          76.77789159,16.31080464,0
          76.77788998,16.31079781,0
          76.77788591,16.31078675,0
          76.77788048,16.31077427,0
          76.7778757,16.31076022,0
          76.77787175,16.31074693,0
          76.77786898,16.31073955,0
          76.77786609,16.31073583,0
          76.77786645,16.31073466,0
          76.77786669,16.31073453,0
          76.77786735,16.31073407,0
          76.77786747,16.31073426,0
          76.77786881,16.31073493,0
          76.77786904,16.31073505,0
          76.77786828,16.31073405,0
          76.77786789,16.31073374,0
          76.77786847,16.31073382,0
          76.77786894,16.31073396,0
          76.77786919,16.31073402,0
          76.77786978,16.31073213,0
          76.77787104,16.31072987,0
          76.77787138,16.31072887,0
          76.77787156,16.31072839,0
          76.77787164,16.3107281,0
          76.77787167,16.31072797,0
          76.77787169,16.31072793,0
          76.77787333,16.310728,0
          76.77787281,16.31072779,0
          76.77787182,16.31072782,0
          76.77787132,16.31072784,0
          76.77787159,16.31072725,0
          76.77787244,16.31072623,0
          76.77787425,16.31072404,0
          76.77787528,16.31071839,0
          76.77787523,16.31071415,0
          76.77787364,16.31071167,0
          76.77787177,16.31070815,0
          76.77787185,16.31070777,0
          76.77787098,16.3107085,0
          76.77787292,16.31070937,0
          76.77787446,16.31070963,0
          76.77787523,16.31070977,0
          76.77787564,16.31070985,0
          76.77787255,16.31070481,0
          76.77787201,16.31070023,0
          76.77787362,16.31069864,0
          76.7778616,16.31070046,0
          76.77785281,16.31070035,0
          76.77786013,16.31069972,0
          76.77786183,16.31070079,0
          76.77786268,16.31070131,0
          76.77786315,16.31070156,0
          76.77786338,16.31070168,0
          76.77786351,16.31070173,0
          76.7778634,16.31070272,0
          76.77786377,16.31070469,0
          76.77786469,16.31070565,0
          76.77786512,16.31070616,0
          76.77786536,16.31070641,0
          76.77786547,16.31070655,0
          76.77786552,16.3107065,0
          76.77786561,16.31070656,0
          76.77786567,16.31070659,0
          76.77786568,16.31070658,0
        </coordinates>
      </LineString>
    </Placemark>
    <Placemark>
      <name>Lateral 4</name>
      <description>GeoMeasure</description>
      <styleUrl>#straightLineStyle130</styleUrl>
      <LineString>
        <tessellate>1</tessellate>
        <coordinates>
          76.7714738845825,16.3119184970856,0
          76.77147795,16.31193097,0
          76.771482,16.31192077,0
          76.7714824,16.31191302,0
          76.77148195,16.31190567,0
          76.77148079,16.31190226,0
          76.77148081,16.31190081,0
          76.77148286,16.31189737,0
          76.77148426,16.31189424,0
          76.7714854,16.31189054,0
          76.77148741,16.31188728,0
          76.77148837,16.31188381,0
          76.77148926,16.31188191,0
          76.77148986,16.31188114,0
          76.7714901,16.31188083,0
          76.77148562,16.31187825,0
          76.77148627,16.31187649,0
          76.77149073,16.3118744,0
          76.77149505,16.31187149,0
          76.77150235,16.31187587,0
          76.77150397,16.31187935,0
          76.77150551,16.31187854,0
          76.77151192,16.31187695,0
          76.77152921,16.31188466,0
          76.77155045,16.31189978,0
          76.77157189,16.31191844,0
          76.77159333,16.3119383,0
          76.77161956,16.31196132,0
          76.77165002,16.31198426,0
          76.77168521,16.31200914,0
          76.7717209,16.31203595,0
          76.77175659,16.31206316,0
          76.77178805,16.31208492,0
          76.77181949,16.31210575,0
          76.77185368,16.31212983,0
          76.77189207,16.31216183,0
          76.77193425,16.3121955,0
          76.7719777,16.31223168,0
          76.7720266,16.31227193,0
          76.77207632,16.31230826,0
          76.77212462,16.31234546,0
          76.7721686,16.31237859,0
          76.77221448,16.31240437,0
          76.77226285,16.31243692,0
          76.77229941,16.31246735,0
          76.7723425,16.31249532,0
          76.77237014,16.31252173,0
          76.77239778,16.31256144,0
          76.77241466,16.31259851,0
          76.77242483,16.31263765,0
          76.77243096,16.31266497,0
          76.77243475,16.3126877,0
          76.7724393,16.31271488,0
          76.77244352,16.31274617,0
          76.77244637,16.31277312,0
          76.77245399,16.31290298,0
          76.7724629,16.31299397,0
          76.7724667,16.31304689,0
          76.77247024,16.31309954,0
          76.77247673,16.31315768,0
          76.77248208,16.31320561,0
          76.77248925,16.31326747,0
          76.77249754,16.31332672,0
          76.77250514,16.31338238,0
          76.77250676,16.31344066,0
          76.77251431,16.31349409,0
          76.77252274,16.3135516,0
          76.77253103,16.31360726,0
          76.77253432,16.31364413,0
          76.77253774,16.31368749,0
          76.77254031,16.31374102,0
          76.77255847,16.31378153,0
          76.77256267,16.31382645,0
          76.77257094,16.31387019,0
          76.77257285,16.3139322,0
          76.772572,16.31397423,0
          76.77257232,16.31401096,0
          76.77258056,16.31405315,0
          76.77258341,16.31411384,0
          76.77258752,16.31415053,0
          76.77259846,16.31420867,0
          76.77259913,16.31425843,0
          76.77260561,16.31431138,0
          76.77261118,16.31438043,0
          76.77261302,16.31443405,0
          76.77261251,16.31448957,0
          76.77261586,16.31454339,0
          76.77262293,16.31461654,0
          76.7726294,16.31467039,0
          76.77264319,16.3147141,0
          76.77264705,16.31475879,0
          76.77265551,16.31479989,0
          76.77265345,16.31484994,0
          76.77265821,16.31488223,0
          76.77266524,16.31491211,0
          76.77265997,16.31492093,0
          76.77266313,16.31495068,0
          76.77266416,16.31497599,0
          76.77266682,16.31501506,0
          76.77266517,16.31506419,0
          76.77265859,16.31509544,0
          76.77265757,16.31512545,0
          76.77265293,16.31516139,0
          76.77265585,16.31520207,0
          76.77264401,16.31524656,0
          76.77264132,16.31526347,0
          76.77264009,16.31527245,0
          76.77263572,16.31528372,0
          76.77263003,16.31529805,0
          76.77262123,16.31531584,0
          76.77261325,16.31533473,0
          76.77260548,16.31536022,0
          76.77259624,16.3154003,0
          76.7725858,16.31545413,0
          76.77257634,16.31550659,0
          76.77256868,16.31554715,0
          76.77254845,16.31561975,0
          76.77253277,16.31577147,0
          76.77252796,16.31579961,0
          76.77252067,16.31583854,0
          76.77251314,16.31587337,0
          76.77250554,16.31590984,0
          76.77250521,16.31593918,0
          76.77250565,16.31596119,0
          76.77250762,16.31598277,0
          76.77251018,16.3160047,0
          76.7725153,16.31602974,0
          76.77251911,16.31609167,0
          76.77256408,16.31620575,0
          76.77258287,16.31625013,0
          76.77259461,16.31627513,0
          76.77260243,16.31629998,0
          76.77261823,16.31632867,0
          76.77263426,16.31636378,0
          76.77264836,16.31640315,0
          76.77266692,16.31643752,0
          76.77268766,16.31647166,0
          76.77270894,16.31650251,0
          76.77272602,16.31653904,0
          76.77274378,16.31657682,0
          76.77276192,16.31661685,0
          76.7727838,16.31666328,0
          76.77279995,16.31670636,0
          76.77281699,16.31675024,0
          76.77283349,16.31678754,0
          76.77285259,16.31682275,0
          76.77286778,16.31685191,0
          76.77287586,16.31687665,0
          76.77288111,16.31689586,0
          76.77288655,16.31691914,0
          76.77289117,16.31694355,0
          76.77289811,16.31698031,0
          76.77291215,16.3170571,0
          76.77292693,16.31714512,0
          76.77293404,16.31718719,0
          76.77294143,16.31722831,0
          76.77295392,16.31727567,0
          76.77296164,16.31731867,0
          76.77296245,16.31735957,0
          76.77297059,16.31739535,0
          76.77297633,16.31742957,0
          76.77298763,16.31747016,0
          76.77299366,16.31749998,0
          76.7730034,16.31753753,0
          76.77301312,16.31757437,0
          76.77302082,16.31761927,0
          76.77302986,16.31765938,0
          76.77303716,16.31769957,0
          76.7730484,16.31774004,0
          76.77305989,16.3177792,0
          76.77307198,16.31781714,0
          76.77308367,16.31785445,0
          76.77309321,16.31789538,0
          76.77310156,16.31793771,0
          76.77310825,16.31798078,0
          76.77311235,16.31800917,0
          76.77311646,16.31802578,0
          76.77311895,16.31804408,0
          76.77312366,16.31806858,0
          76.7731278,16.31809678,0
          76.77313288,16.31812921,0
          76.77313779,16.31816162,0
          76.77314242,16.3181861,0
          76.77315097,16.31821469,0
          76.77316364,16.31824509,0
          76.77317659,16.31826759,0
          76.77318815,16.31828843,0
          76.77319317,16.31830303,0
          76.77320303,16.31830901,0
          76.7732038,16.31831463,0
          76.77320038,16.31831444,0
          76.77319868,16.31831439,0
          76.77319795,16.31831422,0
          76.7731981,16.31831767,0
          76.77319791,16.31831558,0
          76.77319689,16.31831246,0
          76.77319129,16.31830761,0
          76.77318955,16.31830603,0
          76.77318878,16.31830621,0
          76.77318754,16.31830782,0
          76.77318885,16.31830993,0
          76.77318934,16.31831061,0
          76.77318938,16.31830837,0
          76.77318947,16.31830734,0
          76.77318951,16.31830679,0
          76.77318954,16.31830649,0
          76.77318957,16.3183063,0
          76.77318714,16.3183066,0
          76.77318696,16.31830716,0
          76.77318742,16.31830717,0
          76.77318512,16.31830841,0
          76.77318472,16.31831193,0
          76.77318698,16.31831618,0
          76.77319417,16.31831987,0
          76.77319885,16.31832008,0
          76.77320122,16.31831522,0
          76.77320176,16.3183126,0
          76.77320223,16.31830995,0
          76.77320236,16.31830856,0
          76.77320211,16.31830717,0
          76.77320165,16.31830519,0
          76.77320093,16.31830298,0
          76.77319654,16.31830101,0
          76.77319355,16.31829938,0
          76.77319348,16.31829843,0
          76.77319443,16.31829725,0
          76.77319669,16.31829379,0
          76.773193,16.3182933,0
          76.77319322,16.31829481,0
          76.77320439,16.31829214,0
          76.77322476,16.31828847,0
          76.77324228,16.31828737,0
          76.77325363,16.31829115,0
          76.77325384,16.31829402,0
          76.77325024,16.31829821,0
          76.77324569,16.31830204,0
          76.77323957,16.31830424,0
          76.77323607,16.31830203,0
          76.77323333,16.31829994,0
          76.77322962,16.3182998,0
          76.77322446,16.31830136,0
          76.7732222,16.31830246,0
          76.77322004,16.31830278,0
          76.77321824,16.3183036,0
          76.77321618,16.31830623,0
        </coordinates>
      </LineString>
    </Placemark>
    <Placemark>
      <name>Lateral  5</name>
      <description>GeoMeasure</description>
      <styleUrl>#straightLineStyle9</styleUrl>
      <LineString>
        <tessellate>1</tessellate>
        <coordinates>
          76.7761731147766,16.3148421049118,0
          76.77617395,16.31484519,0
          76.77617496,16.31484847,0
          76.77617641,16.31484977,0
          76.77617734,16.3148499,0
          76.77617867,16.31485058,0
          76.77617974,16.31485172,0
          76.77617986,16.31485201,0
          76.77617867,16.31485326,0
          76.77617837,16.31485495,0
          76.77618055,16.314856,0
          76.776185,16.31486128,0
          76.77618647,16.31486394,0
          76.77618844,16.31486713,0
          76.77618916,16.31486936,0
          76.77619024,16.31487241,0
          76.77619032,16.31487496,0
          76.77619086,16.31487786,0
          76.77619074,16.31487925,0
          76.77619165,16.31487996,0
          76.77619318,16.31488168,0
          76.77619401,16.31488259,0
          76.77619438,16.31488236,0
          76.77619461,16.31488221,0
          76.77619458,16.31488226,0
          76.77619433,16.31488133,0
          76.77619425,16.31488103,0
          76.77619427,16.31488105,0
          76.77619434,16.31488111,0
          76.77619437,16.31488115,0
          76.7761944,16.31488119,0
          76.77619442,16.3148812,0
          76.77619445,16.31488119,0
          76.77619446,16.31488121,0
          76.77619462,16.31488209,0
          76.77619627,16.31488222,0
          76.77619854,16.31488429,0
          76.77619906,16.31488868,0
          76.77620858,16.31488847,0
          76.77622104,16.31488535,0
          76.77623486,16.31487969,0
          76.77625133,16.31487243,0
          76.77627158,16.31486664,0
          76.77629754,16.31486451,0
          76.77632739,16.31486633,0
          76.77635875,16.31486828,0
          76.77638816,16.3148697,0
          76.77641478,16.31487029,0
          76.77643841,16.31487192,0
          76.77646347,16.31487643,0
          76.77649317,16.31488497,0
          76.77652408,16.31489501,0
          76.77655814,16.31490638,0
          76.77659864,16.31491945,0
          76.77664074,16.31493326,0
          76.77668172,16.31494582,0
          76.77672038,16.31495698,0
          76.7767556,16.31496659,0
          76.77678916,16.3149753,0
          76.77682348,16.31498346,0
          76.77685946,16.31499245,0
          76.77689782,16.31500208,0
          76.77694002,16.31501301,0
          76.7769932,16.31503046,0
          76.77704719,16.31504394,0
          76.77709814,16.31505321,0
          76.77714112,16.31506409,0
          76.77718148,16.31507808,0
          76.77722402,16.31509005,0
          76.77726169,16.31510182,0
          76.77729971,16.31511461,0
          76.77734695,16.31512609,0
          76.77739627,16.31513676,0
          76.77744122,16.31514866,0
          76.7774865,16.31515373,0
          76.77752898,16.31516455,0
          76.77756984,16.31517328,0
          76.77761492,16.3151875,0
          76.77765909,16.31519674,0
          76.77769328,16.31520297,0
          76.77773326,16.31521488,0
          76.77776979,16.3152257,0
          76.77781228,16.31522663,0
          76.77785395,16.31523682,0
          76.77790362,16.31524399,0
          76.77795704,16.31525743,0
          76.77800952,16.31526576,0
          76.77805603,16.31527843,0
          76.77811286,16.31528971,0
          76.77816267,16.315308,0
          76.77821676,16.31532397,0
          76.77826717,16.31533653,0
          76.77832189,16.31534534,0
          76.7783727,16.31535756,0
          76.77842008,16.31536971,0
          76.77846336,16.31537859,0
          76.77850746,16.31538199,0
          76.77856203,16.31539127,0
          76.77860945,16.31539986,0
          76.77866134,16.31540912,0
          76.7787136,16.31541719,0
          76.77876552,16.31542919,0
          76.77881949,16.31543939,0
          76.77887599,16.31544498,0
          76.77892295,16.3154562,0
          76.77897113,16.31546042,0
          76.77901953,16.31546554,0
          76.77906964,16.31547223,0
          76.77911649,16.315482,0
          76.77916352,16.31549287,0
          76.77921356,16.31549814,0
          76.77926096,16.31550228,0
          76.77930583,16.31550824,0
          76.77935494,16.31551804,0
          76.77940581,16.31552616,0
          76.77946019,16.31553216,0
          76.77950828,16.31554126,0
          76.7795618,16.31555211,0
          76.77960692,16.31556337,0
          76.77965717,16.31557449,0
          76.77970792,16.31557588,0
          76.77976201,16.31558018,0
          76.7798194,16.31559232,0
          76.77987591,16.31560541,0
          76.77993918,16.31561015,0
          76.7799991,16.31562523,0
          76.78006949,16.31563993,0
          76.78013368,16.3156508,0
          76.78019929,16.31565543,0
          76.78025903,16.31566506,0
          76.78031333,16.31567267,0
          76.78037026,16.31569063,0
          76.78042439,16.31570208,0
          76.78048292,16.31571107,0
          76.78053587,16.31572388,0
          76.78058944,16.31572776,0
          76.78063908,16.31573915,0
          76.78068924,16.31574513,0
          76.78073695,16.31575424,0
          76.78076883,16.31575903,0
          76.78078913,16.31576685,0
          76.78081086,16.31577608,0
          76.78083634,16.31578667,0
          76.78086333,16.31579933,0
          76.78093327,16.31583822,0
          76.78105042,16.31589731,0
          76.78109843,16.31592515,0
          76.78114874,16.31594983,0
          76.78119766,16.31597293,0
          76.78124639,16.31599634,0
          76.78129498,16.3160127,0
          76.78133451,16.31603857,0
          76.78138078,16.31605697,0
          76.78140927,16.31607129,0
          76.78143089,16.31608591,0
          76.78144664,16.31609209,0
          76.78145668,16.3160976,0
          76.78147418,16.31609542,0
          76.78148095,16.31609622,0
          76.78148201,16.3160988,0
          76.78148499,16.31610332,0
          76.78148462,16.31610279,0
          76.78148421,16.31610107,0
          76.78148479,16.31609946,0
          76.78148614,16.31609948,0
          76.78148554,16.3160989,0
          76.78148568,16.31609903,0
          76.78148629,16.31609889,0
          76.78148465,16.31609881,0
          76.78148549,16.31609937,0
          76.78148647,16.31609955,0
          76.78148642,16.31609888,0
          76.78148703,16.31609915,0
          76.78148729,16.31609926,0
          76.78148591,16.31609663,0
          76.78149047,16.31610082,0
          76.78149192,16.31610114,0
          76.78149282,16.31610188,0
          76.78149332,16.31610233,0
          76.78149376,16.31610265,0
          76.78149658,16.31609966,0
          76.78149623,16.31609914,0
          76.78149301,16.31609956,0
          76.78149042,16.31609853,0
          76.7814884,16.31609737,0
          76.78148772,16.31609862,0
          76.78148739,16.31609896,0
          76.78148748,16.31609941,0
          76.78148635,16.31609965,0
          76.78148592,16.31610036,0
          76.78148492,16.31610022,0
          76.78148507,16.31610009,0
          76.78148568,16.31609941,0
          76.7814864,16.316099,0
          76.78148676,16.31609888,0
          76.78148659,16.31609976,0
          76.78148594,16.31610056,0
          76.78148621,16.31609675,0
          76.78148604,16.31609336,0
          76.78148565,16.31609177,0
          76.78148453,16.31609202,0
          76.78148314,16.3160937,0
          76.78148284,16.31609563,0
          76.78148227,16.31609635,0
          76.78148203,16.31609705,0
          76.78148247,16.31609827,0
          76.7814824,16.31609864,0
          76.78148296,16.31609956,0
          76.78148351,16.31610042,0
          76.78148376,16.31610065,0
          76.78148341,16.3160998,0
          76.78148323,16.31609908,0
          76.78148318,16.31609878,0
          76.78148352,16.31609869,0
          76.78148497,16.31609843,0
          76.78148698,16.31610026,0
          76.7814886,16.3161027,0
          76.78149116,16.31610429,0
          76.7814938,16.31610489,0
          76.78149519,16.31610623,0
          76.78149676,16.31610748,0
          76.78149741,16.31610857,0
          76.78149764,16.31611145,0
          76.78149852,16.31611443,0
          76.78149994,16.31611583,0
          76.78150068,16.31611731,0
          76.78150072,16.31611815,0
          76.78150073,16.31611887,0
          76.78150095,16.31611847,0
          76.78150114,16.31611818,0
          76.78150052,16.31611823,0
          76.78150024,16.31611853,0
          76.78150016,16.31611863,0
          76.78150007,16.31611839,0
          76.78150003,16.31611823,0
          76.7815,16.31611815,0
          76.7815005,16.31611712,0
          76.78150152,16.31611814,0
          76.78150226,16.31611635,0
          76.78150286,16.3161157,0
          76.78150381,16.3161165,0
          76.78150348,16.3161137,0
          76.78150396,16.31611215,0
          76.78150347,16.31611079,0
          76.78150322,16.31611069,0
          76.78150392,16.31610917,0
          76.78150532,16.31610791,0
          76.78150711,16.31610675,0
          76.78151027,16.31610869,0
          76.78151424,16.31611126,0
          76.78151792,16.31611354,0
          76.78152463,16.31611671,0
          76.7815335,16.31612062,0
          76.78154479,16.31612516,0
          76.78155676,16.31613065,0
          76.78156762,16.31613535,0
          76.78157606,16.31614029,0
          76.78158464,16.3161453,0
          76.78159501,16.31615012,0
          76.78160522,16.31615496,0
          76.78161525,16.31615996,0
          76.78162582,16.31616415,0
          76.78163482,16.31616786,0
          76.78164126,16.31617128,0
          76.78164691,16.31617457,0
          76.78165169,16.31617824,0
          76.78165547,16.31618232,0
          76.7816593,16.31618486,0
          76.78166518,16.31618755,0
          76.78167199,16.3161899,0
          76.78168036,16.31619232,0
          76.78169479,16.31619809,0
          76.7817023,16.31620223,0
          76.78170963,16.31620472,0
          76.78171721,16.3162061,0
          76.78172548,16.31620801,0
          76.78173399,16.31621124,0
          76.78174258,16.31621405,0
          76.78175043,16.31621643,0
          76.78175821,16.31621796,0
          76.78176597,16.31622004,0
          76.78177334,16.31622235,0
          76.78178182,16.31622485,0
          76.78179191,16.31622789,0
          76.78180194,16.31623085,0
          76.78181206,16.31623454,0
          76.78182174,16.31623882,0
          76.78183089,16.3162427,0
          76.78183963,16.31624566,0
          76.78184841,16.31624873,0
          76.7818578,16.31625177,0
          76.78186613,16.3162554,0
          76.78187426,16.31625872,0
          76.78188103,16.31626058,0
          76.78188712,16.31626191,0
          76.78189422,16.31626361,0
          76.78190071,16.31626505,0
          76.78190657,16.31626648,0
          76.78191231,16.3162678,0
          76.78191628,16.31626859,0
          76.78192189,16.31627004,0
          76.78192898,16.31627212,0
          76.78193646,16.31627367,0
          76.78194452,16.31627535,0
          76.78195286,16.31627639,0
          76.78196098,16.31627658,0
          76.78196867,16.31627776,0
          76.78197671,16.31627926,0
          76.7819832,16.31628186,0
          76.78199025,16.31628594,0
          76.78199793,16.31629146,0
          76.78200628,16.31629779,0
          76.78201544,16.31630429,0
          76.78202641,16.31631108,0
          76.78203764,16.31631679,0
          76.78204922,16.31632218,0
          76.78206012,16.31632719,0
          76.78207073,16.31633199,0
          76.78208122,16.31633586,0
          76.7820922,16.3163388,0
          76.78210382,16.31634164,0
          76.78211463,16.31634465,0
          76.78212483,16.31634874,0
          76.7821348,16.31635385,0
          76.78214481,16.31635983,0
          76.78215521,16.3163649,0
          76.78216595,16.31636923,0
          76.78217639,16.31637283,0
          76.78218721,16.3163762,0
          76.78219875,16.31637983,0
          76.78220999,16.3163837,0
          76.78222071,16.31638718,0
          76.78223157,16.31639212,0
          76.78224101,16.31639711,0
          76.78224997,16.31640217,0
          76.78225792,16.31640727,0
          76.78226556,16.31641272,0
          76.78227258,16.31641878,0
          76.78227991,16.31642576,0
          76.7822874,16.31643227,0
          76.78229579,16.31643854,0
          76.78230482,16.31644537,0
          76.782314,16.31645196,0
          76.78232257,16.31645805,0
          76.78233099,16.31646323,0
          76.78234032,16.31646858,0
          76.78235004,16.31647395,0
          76.7823599,16.31647937,0
          76.7823698,16.31648483,0
          76.78237868,16.31649084,0
          76.78238738,16.31649744,0
          76.78239568,16.31650446,0
          76.78240506,16.31651062,0
          76.78241437,16.31651579,0
          76.78242328,16.31651973,0
          76.78243161,16.31652389,0
          76.78244005,16.31652894,0
          76.78244787,16.3165345,0
          76.78245677,16.31654007,0
          76.78246584,16.31654478,0
          76.78247511,16.31654933,0
          76.78248479,16.31655357,0
          76.78249427,16.31655736,0
          76.78250367,16.3165621,0
          76.78251333,16.31656829,0
          76.78252225,16.31657523,0
          76.78253177,16.31658254,0
          76.78254172,16.31658959,0
          76.78255265,16.31659636,0
          76.78256455,16.31660224,0
          76.78257595,16.31660661,0
          76.78258645,16.31661096,0
          76.78259581,16.31661582,0
          76.78260494,16.31662189,0
          76.78261482,16.31662761,0
          76.78262492,16.31663274,0
          76.78263596,16.31663729,0
          76.78264609,16.31664108,0
          76.7826559,16.31664568,0
          76.78266521,16.31665114,0
          76.78267434,16.31665757,0
          76.78268416,16.31666437,0
          76.78269437,16.31667074,0
          76.78270408,16.31667588,0
          76.78271436,16.31668004,0
          76.78272348,16.31668436,0
          76.78273208,16.31668935,0
          76.78274049,16.31669555,0
          76.78274894,16.31670191,0
          76.78275884,16.31670837,0
          76.78276922,16.3167143,0
          76.78277836,16.31671934,0
          76.78278756,16.31672425,0
          76.78279738,16.3167282,0
          76.78280771,16.31673333,0
          76.78281734,16.31673895,0
          76.78282618,16.3167452,0
          76.78283424,16.31675159,0
          76.782843,16.31675701,0
          76.78285204,16.31676191,0
          76.78286089,16.31676651,0
          76.78287009,16.31677205,0
          76.78287895,16.31677888,0
          76.78288731,16.31678566,0
          76.78289618,16.31679244,0
          76.78290605,16.31679786,0
          76.78291666,16.316803,0
          76.78292743,16.31680867,0
          76.78293918,16.31681493,0
          76.78295204,16.31682226,0
          76.7829638,16.31682899,0
          76.78297459,16.31683605,0
          76.78298411,16.31684297,0
          76.78299357,16.31685006,0
          76.78300363,16.3168577,0
          76.78301286,16.31686478,0
          76.78302275,16.31687188,0
          76.78303285,16.31687801,0
          76.78304279,16.31688426,0
          76.78305253,16.31689189,0
          76.78306167,16.31689938,0
          76.78307094,16.31690593,0
          76.78308098,16.31691149,0
          76.78309212,16.31691757,0
          76.78310227,16.3169237,0
          76.7831123,16.31693019,0
          76.78312156,16.31693664,0
          76.78313139,16.31694372,0
          76.7831412,16.3169512,0
          76.78315123,16.31695866,0
          76.7831614,16.31696498,0
          76.78317129,16.3169701,0
          76.78318117,16.3169742,0
          76.78319009,16.31697901,0
          76.78319902,16.3169826,0
          76.7832072,16.3169862,0
          76.78321631,16.31698807,0
          76.78322618,16.3169874,0
          76.78323604,16.31698613,0
          76.78324536,16.31698764,0
          76.78325318,16.31699356,0
          76.78325957,16.31700258,0
          76.7832648,16.31701153,0
          76.78327171,16.31701926,0
          76.78328068,16.31702573,0
          76.78328909,16.31703098,0
          76.78329799,16.3170373,0
          76.7833063,16.31704271,0
          76.78331481,16.31704707,0
          76.78332401,16.31705115,0
          76.78333348,16.31705665,0
          76.78334195,16.31706365,0
          76.78335078,16.31707065,0
          76.78335995,16.3170768,0
          76.78336766,16.31708141,0
          76.78337473,16.31708656,0
          76.78338189,16.3170925,0
          76.78338981,16.31709913,0
          76.78339622,16.31710585,0
          76.78340208,16.31711143,0
          76.783409,16.31711787,0
          76.7834156,16.31712305,0
          76.7834225,16.31712697,0
          76.78342893,16.31712915,0
          76.7834357,16.31713098,0
          76.78344417,16.31713388,0
          76.78345253,16.31713764,0
          76.7834612,16.31714203,0
          76.78347153,16.31714651,0
          76.78348107,16.31714941,0
          76.78348911,16.31715213,0
          76.78349602,16.31715628,0
          76.78349995,16.31716249,0
          76.78350286,16.31716996,0
          76.78350585,16.31717668,0
          76.78351075,16.31718169,0
          76.78351754,16.31718631,0
          76.7835237,16.31719095,0
          76.78353035,16.31719628,0
          76.78353753,16.31719935,0
          76.78354486,16.31719707,0
          76.78355117,16.31718975,0
          76.78355747,16.31718344,0
          76.78356471,16.31718078,0
          76.78357194,16.31717948,0
          76.78357862,16.31717779,0
          76.78358688,16.31717576,0
          76.78359539,16.31717585,0
          76.78360228,16.31717909,0
          76.78360831,16.31718651,0
          76.78361311,16.31719475,0
          76.78361856,16.31720233,0
          76.78362387,16.31720928,0
          76.78363005,16.31721571,0
          76.78363753,16.31722217,0
          76.78364516,16.3172291,0
          76.78365285,16.31723598,0
          76.7836604,16.31724326,0
          76.78366862,16.31725036,0
          76.78367729,16.31725716,0
          76.7836855,16.31726417,0
          76.78369374,16.31727165,0
          76.78370146,16.31727744,0
          76.78371048,16.31728305,0
          76.78372041,16.31728992,0
          76.78372886,16.31729725,0
          76.78373738,16.31730437,0
          76.78374625,16.31731023,0
          76.78375612,16.31731479,0
          76.78376516,16.31732017,0
          76.78377381,16.31732598,0
          76.78378278,16.3173312,0
          76.78379146,16.31733547,0
          76.78379968,16.31733872,0
          76.78380753,16.31734109,0
          76.78381422,16.31734324,0
          76.78382042,16.31734515,0
          76.78382618,16.3173487,0
          76.78383026,16.31735293,0
          76.7838345,16.31735807,0
          76.78383877,16.31736342,0
          76.78384341,16.31736782,0
          76.78384845,16.31737064,0
          76.78385477,16.31737413,0
          76.78386024,16.31737536,0
          76.78386568,16.31737533,0
          76.78387061,16.31737524,0
          76.78387527,16.31737591,0
          76.78388094,16.31737758,0
          76.78388536,16.3173771,0
          76.78388957,16.31737761,0
          76.78389125,16.31738191,0
          76.78388945,16.31738469,0
          76.78388681,16.31738524,0
          76.78387636,16.31738176,0
          76.78387469,16.31738102,0
          76.78387387,16.31738061,0
          76.78387132,16.31737829,0
          76.78386958,16.31737666,0
          76.78386948,16.31737638,0
          76.78386937,16.31737626,0
          76.78386864,16.31737569,0
          76.78386805,16.31737516,0
          76.78386787,16.31737492,0
          76.78386777,16.31737478,0
          76.78386772,16.31737472,0
        </coordinates>
      </LineString>
    </Placemark>
    <Placemark>
      <name>DPO-2</name>
      <styleUrl>#msn_ylw-pushpin110</styleUrl>
      <LineString>
        <tessellate>1</tessellate>
        <coordinates>
          76.7664066690743,16.3072973661418,0
          76.766182265619,16.3072414410226,0
          76.7659566989471,16.3072059506973,0
          76.7657155654818,16.3071763196776,0
          76.7655828797501,16.3077614926099,0
          76.7653484466234,16.3080502874114,0
          76.7652102648995,16.3085014212786,0
          76.7655925645894,16.3089322879118,0
          76.765621401963,16.3094350422281,0
          76.7659068056513,16.309465915212,0
          76.7659509634777,16.3095617173299,0
          76.7661692600377,16.309669753557,0
          76.7663310620251,16.3097777839208,0
          76.7664521844317,16.3098331336965,0
          76.7664489794406,16.3100589749049,0
          76.7662524388304,16.310208020733,0
          76.7661617903756,16.3105206212996,0
          76.7661338308392,16.3107044490232,0
          76.7661634931758,16.311132120569,0
          76.7662016341783,16.3112620789146,0
          76.7662129687895,16.3115117808294,0
          76.7661924505102,16.312061549716,0
          76.7663917015483,16.3121163623894,0
        </coordinates>
      </LineString>
    </Placemark>
    <Placemark>
      <name>DPO-1</name>
      <styleUrl>#msn_ylw-pushpin110</styleUrl>
      <LineString>
        <tessellate>1</tessellate>
        <coordinates>
          76.7664033474242,16.3068506750981,0
          76.7664555820602,16.3068434167996,0
          76.7665254242793,16.3071678666418,0
          76.7665893484002,16.307508476702,0
          76.7666652044395,16.3079144958845,0
          76.7666809338647,16.3079927743641,0
          76.7668537408642,16.3079559774344,0
          76.7670634390416,16.3079310449783,0
          76.7671079319922,16.308070609202,0
          76.7673252993315,16.3080213157739,0
          76.7673300526736,16.3080961005193,0
          76.7673534268489,16.3081707976044,0
          76.767510061866,16.3081820817921,0
          76.7675286982248,16.3083584939083,0
          76.7677936664142,16.3084147290996,0
          76.7678061104136,16.3084657777401,0
          76.768127564839,16.3086266338066,0
        </coordinates>
      </LineString>
    </Placemark>
    <Placemark>
      <name>DPO-3</name>
      <styleUrl>#msn_ylw-pushpin110</styleUrl>
      <LineString>
        <tessellate>1</tessellate>
        <coordinates>
          76.7710463567884,16.3116498412441,0
          76.7713344415298,16.3131691941116,0
          76.7715705553146,16.3140159527921,0
          76.7717809321792,16.3166435140117,0
          76.7716354581076,16.3173967206274,0
          76.7717501915892,16.3183569065875,0
        </coordinates>
      </LineString>
    </Placemark>
    <Placemark>
      <name>DPO-4</name>
      <styleUrl>#msn_ylw-pushpin110</styleUrl>
      <LineString>
        <tessellate>1</tessellate>
        <coordinates>
          76.7720796798309,16.3120998741909,0
          76.7719459675723,16.3111848759972,0
          76.772449761042,16.3114634273373,0
          76.7730865911026,16.3118617021233,0
          76.7740491668075,16.3128273320303,0
          76.7753361014946,16.3132959636181,0
          76.7761320932033,16.3134854506622,0
          76.7768509406971,16.3135496966567,0
          76.7773979218465,16.3135214824394,0
          76.7774829616691,16.3125955052854,0
          76.7775649008614,16.3115676424038,0
        </coordinates>
      </LineString>
    </Placemark>
    <Placemark>
      <name>DPO-5</name>
      <styleUrl>#msn_ylw-pushpin110</styleUrl>
      <LineString>
        <tessellate>1</tessellate>
        <coordinates>
          76.7795108528423,16.3199971295225,0
          76.7779142589348,16.3201671418474,0
          76.7776710850374,16.3219738669163,0
          76.7768488323654,16.3218914810456,0
        </coordinates>
      </LineString>
    </Placemark>
    <Placemark>
      <name>DPO-6</name>
      <styleUrl>#msn_ylw-pushpin110</styleUrl>
      <LineString>
        <tessellate>1</tessellate>
        <coordinates>
          76.7797416384033,16.3200971121765,0
          76.78009087317,16.3200892801606,0
          76.78015821786,16.3207170168573,0
          76.7805540058346,16.3206379805063,0
          76.7812239877018,16.3205225936346,0
          76.7814943451875,16.3216408861731,0
          76.7820336815688,16.3215826699528,0
          76.7828780501641,16.3214296663857,0
        </coordinates>
      </LineString>
    </Placemark>
    <Placemark>
      <name>DPO-7</name>
      <styleUrl>#msn_ylw-pushpin110</styleUrl>
      <LineString>
        <tessellate>1</tessellate>
        <coordinates>
          76.7801855734249,16.3222600183842,0
          76.7795909397327,16.3221377383294,0
          76.7790088396486,16.3219380818299,0
          76.7784823030434,16.3219465275148,0
        </coordinates>
      </LineString>
    </Placemark>
    <Placemark>
      <name>DPO-8</name>
      <styleUrl>#msn_ylw-pushpin110</styleUrl>
      <LineString>
        <tessellate>1</tessellate>
        <coordinates>
          76.7808275483206,16.324345545895,0
          76.7818490865195,16.3243702779539,0
        </coordinates>
      </LineString>
    </Placemark>
    <Placemark>
      <name>Lateral 6</name>
      <styleUrl>#straightLineStyle8</styleUrl>
      <LineString>
        <tessellate>1</tessellate>
        <coordinates>
          76.7806444358004,16.3243428919414,0
          76.7805978964758,16.3244191119617,0
          76.7804170344156,16.3245050976395,0
          76.7803326606503,16.3249857821622,0
          76.780242578041,16.3254995284179,0
          76.7801475381459,16.3260775495225,0
          76.7800877733893,16.3262690079482,0
          76.7796803657863,16.3267389612426,0
          76.7791260189177,16.3274008010793,0
          76.7789516481575,16.3277346633273,0
          76.7787336430392,16.3284419991228,0
          76.7787517769787,16.3295280899945,0
          76.7793859650785,16.330571828836,0
          76.7794596233767,16.3306989798398,0
          76.7795040116725,16.3312994827784,0
          76.779569208121,16.3321716225886,0
          76.7795951092919,16.332553286968,0
          76.7795164281757,16.332590841995,0
          76.7795179564252,16.332760097123,0
          76.7795333292155,16.3329614309439,0
          76.7795336728768,16.3331737851369,0
          76.7795819516376,16.3335817438067,0
          76.779584666916,16.3336349095004,0
          76.7795835931868,16.3337189709882,0
        </coordinates>
      </LineString>
    </Placemark>
    <Placemark>
      <name>Lateral-7</name>
      <styleUrl>#msn_ylw-pushpin11</styleUrl>
      <LineString>
        <tessellate>1</tessellate>
        <coordinates>
          76.7826389122015,16.3251161109093,0
          76.7829807104656,16.3257538970558,0
          76.783199415318,16.3261692213314,0
          76.7836422659902,16.3266209262606,0
          76.7840114850656,16.3268993971973,0
          76.7846638231504,16.3271201728112,0
          76.7852274932567,16.3273756422715,0
          76.7853125641408,16.3280450061032,0
          76.7853689379541,16.3284380844422,0
          76.7858198989855,16.3284802652142,0
          76.7861197236328,16.328486878159,0
          76.786324728903,16.3285073231949,0
          76.7871075812138,16.3285773458069,0
          76.7873475982472,16.3286219174308,0
          76.7877860976222,16.3288532044608,0
          76.7882584883561,16.3290461557997,0
          76.7884007788708,16.3294503157845,0
          76.7885619672584,16.3301406770437,0
          76.7887928298503,16.3308067379966,0
          76.7890192121451,16.3313860362107,0
          76.7890893215294,16.3315161740991,0
          76.7895410810484,16.3316231116112,0
          76.790032862029,16.3317798030332,0
          76.7905345348941,16.3322672951183,0
          76.7910301728641,16.3327302420277,0
          76.7915280014002,16.3331819191007,0
          76.7918964429522,16.3335495842615,0
          76.7920765727793,16.3336426580909,0
          76.7923904827397,16.3337264670867,0
          76.7927831924081,16.3337781011681,0
          76.7931353142007,16.3338293265617,0
          76.7936005224346,16.3339393802544,0
          76.79431975405,16.3340712351194,0
          76.7949805360448,16.3342505997606,0
          76.7956564954684,16.3343717402235,0
          76.796214971001,16.3345129056203,0
          76.7963505447703,16.3345526908642,0
          76.7963030084955,16.3347941817493,0
          76.7963157945885,16.3348490341665,0
          76.7968998959052,16.3350404315144,0
          76.7973748927099,16.3351677201299,0
          76.7975991814573,16.335218346685,0
          76.7978992385689,16.3352544729806,0
          76.7985013744218,16.335283652847,0
          76.7989703273166,16.3353097231586,0
          76.7997530940713,16.3353096698093,0
        </coordinates>
      </LineString>
    </Placemark>
    <Placemark>
      <name>L6 FIC5</name>
      <styleUrl>#straightLineStyle13</styleUrl>
      <LineString>
        <tessellate>1</tessellate>
        <coordinates>
          76.7793202058055,16.3304126543707,0
          76.7794595796439,16.3306334250208,0
          76.7796992153403,16.3306136638211,0
          76.7801412530146,16.3306100472117,0
          76.7803500624869,16.3305988660692,0
          76.7806009628497,16.3305904990027,0
          76.7806153166541,16.3309629367149,0
        </coordinates>
      </LineString>
    </Placemark>
    <Placemark>
      <name>L6 FIC4</name>
      <styleUrl>#msn_ylw-pushpin12</styleUrl>
      <LineString>
        <tessellate>1</tessellate>
        <coordinates>
          76.7788866854716,16.3277216522733,0
          76.7786974693564,16.3276817840675,0
          76.7787044361016,16.3278587479033,0
          76.778677677218,16.3283184514741,0
          76.778681942741,16.3283589578116,0
          76.7784336074914,16.3284249041149,0
          76.7784615957778,16.3288609069266,0
          76.7780240865582,16.3289291873327,0
          76.7777920522444,16.3291759045335,0
          76.7777632659078,16.3297979570627,0
        </coordinates>
      </LineString>
    </Placemark>
    <Placemark>
      <name>L6 FIC3</name>
      <styleUrl>#msn_ylw-pushpin12</styleUrl>
      <LineString>
        <tessellate>1</tessellate>
        <coordinates>
          76.7788899390001,16.3277303514048,0
          76.7787094258751,16.3276910771904,0
          76.7786878207323,16.3280862719307,0
          76.7786810523557,16.32835825157,0
          76.7784279268308,16.3284301756177,0
          76.778464534219,16.3288620225814,0
          76.7780215950077,16.3289377622458,0
          76.7780113837019,16.329079076806,0
          76.7780165922097,16.3291574723524,0
          76.7780204845628,16.3294172606415,0
          76.7780361667861,16.3297546142325,0
        </coordinates>
      </LineString>
    </Placemark>
    <Placemark>
      <name>L6 FIC2</name>
      <styleUrl>#straightLineStyle15</styleUrl>
      <LineString>
        <tessellate>1</tessellate>
        <coordinates>
          76.779843997896,16.3266046661661,0
          76.7802067789551,16.3266190431058,0
          76.7806613105065,16.3266128751197,0
          76.7809295645482,16.3265969255278,0
          76.7815560479139,16.3265972314964,0
          76.7815841295577,16.3269711876174,0
          76.7816003373171,16.3274668286952,0
          76.7816499940147,16.328035858607,0
        </coordinates>
      </LineString>
    </Placemark>
    <Placemark>
      <name>L6 FIC1</name>
      <styleUrl>#straightLineStyle16</styleUrl>
      <LineString>
        <tessellate>1</tessellate>
        <coordinates>
          76.7802719216459,16.3256389922946,0
          76.7807119808156,16.325641551407,0
          76.7812516615446,16.3256723451457,0
          76.7815570552449,16.3256675215681,0
          76.7822912306365,16.3256518499767,0
          76.7823297569608,16.3261067546373,0
        </coordinates>
      </LineString>
    </Placemark>
    <Placemark>
      <name>L5 FIC3</name>
      <styleUrl>#m_ylw-pushpin32</styleUrl>
      <LineString>
        <tessellate>1</tessellate>
        <coordinates>
          76.7826147680928,16.3166578733673,0
          76.7828819117269,16.3168012912832,0
          76.7831577535118,16.3169550578453,0
          76.7831618938955,16.3172215057336,0
          76.7831629387204,16.3174164104313,0
          76.7831358476732,16.3177884985361,0
          76.7834621538477,16.3178232988993,0
          76.7837956293214,16.3178113535029,0
          76.7841573757371,16.3178252563544,0
        </coordinates>
      </LineString>
    </Placemark>
    <Placemark>
      <name>L5 FIC2</name>
      <styleUrl>#m_ylw-pushpin32</styleUrl>
      <LineString>
        <tessellate>1</tessellate>
        <coordinates>
          76.7776403273273,16.3151506294288,0
          76.7785147744011,16.3153690519156,0
          76.7790382300466,16.3154312340087,0
          76.7800187076655,16.3155695590889,0
          76.7807131782357,16.31567045626,0
          76.7810625441232,16.3158271614778,0
          76.7814351323905,16.3160162175851,0
          76.7819623238307,16.316209246605,0
          76.7823475088079,16.3163373978222,0
          76.782880324839,16.3163355067343,0
          76.7834298901584,16.3163325452763,0
          76.7839250291151,16.3163080120929,0
        </coordinates>
      </LineString>
    </Placemark>
    <Placemark>
      <name>L5 FIC1</name>
      <styleUrl>#m_ylw-pushpin32</styleUrl>
      <LineString>
        <tessellate>1</tessellate>
        <coordinates>
          76.7775905106961,16.315218783235,0
          76.7779852730278,16.3153213941538,0
          76.778506506883,16.3154307137463,0
          76.7789048844159,16.3155165209258,0
          76.7794024241495,16.3155862005367,0
          76.7801051364077,16.3156701631563,0
          76.7807988518762,16.3157858931833,0
          76.7811354020119,16.3159396801705,0
          76.7816340679996,16.3161647567728,0
          76.7820019220126,16.3163030125037,0
          76.7822247997802,16.3164251312417,0
          76.7822633249741,16.3169446227125,0
          76.7823152765531,16.3173862849437,0
          76.7824551672713,16.3173973682687,0
          76.7824805536238,16.317746126118,0
          76.7824673149152,16.3180579229441,0
          76.7823733682865,16.3182187069679,0
          76.7822650721473,16.3183967506169,0
          76.782148737582,16.3185781703734,0
          76.782121085205,16.3186453252763,0
          76.7824859031429,16.3187467156394,0
          76.782843206596,16.3188140967097,0
          76.7830553984636,16.3188457168066,0
          76.7832427843258,16.3189920930137,0
          76.7835401975418,16.3189543494598,0
          76.7839042053204,16.3188988721139,0
        </coordinates>
      </LineString>
    </Placemark>
    <Placemark>
      <name>L4 FIC3</name>
      <styleUrl>#msn_ylw-pushpin12</styleUrl>
      <LineString>
        <tessellate>1</tessellate>
        <coordinates>
          76.7726442627084,16.3164350692055,0
          76.7727364175508,16.3166033261137,0
          76.7728183090364,16.3168073531277,0
          76.7722536678955,16.3168495910037,0
          76.7722447547712,16.3169236718644,0
          76.7720416714548,16.3169653151506,0
        </coordinates>
      </LineString>
    </Placemark>
    <Placemark>
      <name>L4 FIC2</name>
      <styleUrl>#m_ylw-pushpin32</styleUrl>
      <LineString>
        <tessellate>1</tessellate>
        <coordinates>
          76.7722679019623,16.3123822641487,0
          76.7724645703173,16.3125696128014,0
          76.7725065867976,16.3129419347186,0
          76.7725765627033,16.3136339514119,0
          76.7726352917914,16.3143175241,0
          76.7726992028256,16.3148073044041,0
          76.7726895896403,16.314898585091,0
          76.7726505574494,16.315166025181,0
          76.7725909003943,16.315520544593,0
          76.7725477352365,16.3158072645145,0
          76.7725495587045,16.3159604205341,0
          76.7726417552209,16.316190539245,0
        </coordinates>
      </LineString>
    </Placemark>
    <Placemark>
      <name>L4 FIC1</name>
      <styleUrl>#m_ylw-pushpin32</styleUrl>
      <LineString>
        <tessellate>1</tessellate>
        <coordinates>
          76.7715076542056,16.3119249703201,0
          76.7718210297297,16.312142071906,0
          76.7721569799819,16.3124075121921,0
          76.7723635447142,16.3125468527223,0
          76.7723927854304,16.3129218161896,0
          76.7724817547442,16.3135231627732,0
          76.7725758275743,16.3142105620845,0
          76.7726193920907,16.3148553434428,0
          76.7725373053293,16.3148780821522,0
          76.7722999740258,16.3148984266957,0
          76.772071882055,16.3149155842099,0
        </coordinates>
      </LineString>
    </Placemark>
    <Placemark>
      <name>L3 FIC3</name>
      <styleUrl>#straightLineStyle17</styleUrl>
      <LineString>
        <tessellate>1</tessellate>
        <coordinates>
          76.7744693176315,16.3087579389571,0
          76.7747941974613,16.3088943590901,0
          76.7752308392919,16.3091308008938,0
          76.7757146917017,16.3093914576027,0
          76.7758859882676,16.3094983603015,0
          76.7759267004025,16.3096210765977,0
          76.7759020570844,16.3098370393285,0
          76.7759283036336,16.3105038487502,0
          76.7759335352153,16.3106830727335,0
          76.7759559330295,16.3109908557474,0
        </coordinates>
      </LineString>
    </Placemark>
    <Placemark>
      <name>L3 FIC2</name>
      <styleUrl>#msn_ylw-pushpin0</styleUrl>
      <LineString>
        <tessellate>1</tessellate>
        <coordinates>
          76.774217709389,16.3085860308461,0
          76.7742303871731,16.3085507306196,0
          76.7744990490422,16.3086872698866,0
          76.7746911759391,16.3087658055105,0
          76.7752879219399,16.3085890560148,0
          76.7758636356341,16.3084608614297,0
          76.7760811466041,16.3084032821322,0
          76.7761930962735,16.3088883885445,0
          76.7764716097624,16.3088410528369,0
          76.7770185811344,16.3088054563488,0
          76.7771936469532,16.3087633582749,0
          76.7773151801348,16.3087665730445,0
          76.7774368713301,16.30926251849,0
          76.7778434481531,16.3091975543312,0
        </coordinates>
      </LineString>
    </Placemark>
    <Placemark>
      <name>L3 FIC1</name>
      <styleUrl>#m_ylw-pushpin32</styleUrl>
      <LineString>
        <tessellate>1</tessellate>
        <coordinates>
          76.7718221651328,16.3095328243625,0
          76.7719197858277,16.3095996990354,0
          76.7719539914117,16.3097047529289,0
          76.7720680717489,16.3096984081291,0
          76.7721806006569,16.3097121995658,0
          76.7722027675519,16.3102551174736,0
          76.7725178086239,16.3102563472164,0
          76.7728070751755,16.3102338984647,0
          76.7730700787523,16.3102268312423,0
          76.7734887773815,16.3101827627201,0
          76.7738173437421,16.3101530306011,0
          76.7741009977837,16.3100887360616,0
          76.7744528219092,16.3100313790632,0
          76.7749896923463,16.3099557079632,0
        </coordinates>
      </LineString>
    </Placemark>
    <Placemark>
      <name>L2 FIC14</name>
      <styleUrl>#msn_ylw-pushpin1</styleUrl>
      <LineString>
        <tessellate>1</tessellate>
        <coordinates>
          76.7853329186712,16.3067798163611,0
          76.7854681078825,16.3071901430283,0
          76.7856276599702,16.307675169558,0
          76.7857399596891,16.3080345354838,0
          76.7856349236644,16.308111502074,0
          76.7857160104702,16.3086180730616,0
          76.7863727631875,16.3085705224927,0
          76.7869856677681,16.308532517982,0
        </coordinates>
      </LineString>
    </Placemark>
    <Placemark>
      <name>L2 FIC13</name>
      <styleUrl>#msn_ylw-pushpin2</styleUrl>
      <LineString>
        <tessellate>1</tessellate>
        <coordinates>
          76.7830680572259,16.3061067017206,0
          76.7834274091748,16.3061040289336,0
          76.7836632390052,16.3061118576032,0
          76.7839653776029,16.3060891154033,0
          76.7841879647755,16.3060788556046,0
          76.7841476644898,16.3059082584402,0
          76.7841130357172,16.3057591135944,0
          76.7844532677098,16.3057373982302,0
          76.7848043296796,16.3057132648037,0
          76.7848669419898,16.3058375253338,0
          76.7848972515393,16.3060139393925,0
          76.7851022894853,16.3060256384265,0
          76.7852156097364,16.3060085959663,0
          76.7853065621654,16.3059988437151,0
          76.7854767965542,16.3059727979377,0
        </coordinates>
      </LineString>
    </Placemark>
    <Placemark>
      <name>L2 FIC11</name>
      <styleUrl>#msn_ylw-pushpin12</styleUrl>
      <LineString>
        <tessellate>1</tessellate>
        <coordinates>
          76.7800498854139,16.3029492522263,0
          76.780209839768,16.3032335575042,0
          76.780330782443,16.3034460093811,0
          76.7805006087703,16.3037761752336,0
          76.7802891105025,16.3037872980145,0
          76.7802219434818,16.3037916514486,0
        </coordinates>
      </LineString>
    </Placemark>
    <Placemark>
      <name>L2 FIC12</name>
      <styleUrl>#m_ylw-pushpin32</styleUrl>
      <LineString>
        <tessellate>1</tessellate>
        <coordinates>
          76.7813663169173,16.3049744690075,0
          76.7815496887925,16.305112009997,0
          76.7817851242868,16.3053003013044,0
          76.782004673093,16.3054699519253,0
          76.7822495340221,16.3056825557777,0
          76.782394390658,16.3057952748255,0
          76.7824160747414,16.3059492392919,0
          76.7824520101419,16.3061639664927,0
          76.7824924428062,16.3064228879977,0
          76.7825515646825,16.3067607585996,0
          76.7825877515594,16.3069633815713,0
          76.7826118924293,16.3073116787412,0
          76.782629268043,16.3076260466126,0
          76.7826538146265,16.3080013575235,0
          76.78270110153,16.3080727000903,0
          76.7829033192522,16.3080654034954,0
          76.7830675141413,16.3080784109792,0
          76.783147238986,16.3080572925801,0
          76.7834722568676,16.3080568523336,0
          76.7837760449772,16.3080395497132,0
          76.7838302685379,16.3080352153365,0
          76.7838489981812,16.3081281554178,0
          76.7838871918209,16.3083817471601,0
          76.7839226930098,16.3085231279811,0
          76.7839387328042,16.3086405557841,0
          76.7840060399544,16.3090237693682,0
          76.7841694179294,16.3090485607386,0
          76.7841740328129,16.3095116560567,0
          76.7841712389993,16.3099987671689,0
          76.7843304501747,16.3100460930339,0
          76.7845943508051,16.3101021755611,0
          76.7850313069656,16.3102112550158,0
          76.7853244486456,16.3102847212514,0
          76.7855925724906,16.3103480808489,0
        </coordinates>
      </LineString>
    </Placemark>
    <Placemark>
      <name>L2 FIC10</name>
      <styleUrl>#m_ylw-pushpin32</styleUrl>
      <LineString>
        <tessellate>1</tessellate>
        <coordinates>
          76.7785593776008,16.3013510584362,0
          76.77932756045,16.3017442396835,0
          76.7795243942124,16.3018769450748,0
          76.779906547758,16.3025106538657,0
          76.7801063105458,16.3028046515489,0
          76.780437932129,16.3027151099186,0
          76.7805509085778,16.3028696872689,0
          76.7809872153921,16.3028162168257,0
          76.781124625709,16.302818113425,0
          76.7815115470559,16.3027176741601,0
          76.7816422847984,16.3027621282356,0
          76.7819114650606,16.3027244880671,0
          76.7820508454208,16.3026700825878,0
          76.7823671156966,16.3026957352012,0
          76.7827162163764,16.3026742115777,0
          76.7829395480683,16.3027321580457,0
          76.7833436535956,16.3027127851393,0
          76.7837923053451,16.30264901232,0
          76.784115619308,16.3025888389534,0
        </coordinates>
      </LineString>
    </Placemark>
    <Placemark>
      <name>L2 FIC9</name>
      <styleUrl>#msn_ylw-pushpin2</styleUrl>
      <LineString>
        <tessellate>1</tessellate>
        <coordinates>
          76.7793204167267,16.3018335137394,0
          76.7794035183153,16.3022964202039,0
          76.7794700319481,16.3027648225891,0
          76.7796427182649,16.3038045765265,0
        </coordinates>
      </LineString>
    </Placemark>
    <Placemark>
      <name>L2 FIC8</name>
      <styleUrl>#msn_ylw-pushpin1</styleUrl>
      <LineString>
        <tessellate>1</tessellate>
        <coordinates>
          76.7757975848765,16.299966998581,0
          76.7760972499094,16.3001356165344,0
          76.7763615628074,16.3002654693298,0
          76.7766176489561,16.3003758731708,0
          76.7770918213081,16.3006254153503,0
          76.7770779541759,16.3003550062534,0
          76.7770290496146,16.2999664764571,0
          76.7770174900186,16.2997511574922,0
          76.7769860244234,16.2994972890534,0
          76.7769799703973,16.2992640951926,0
          76.7769791654723,16.2991734739541,0
          76.7771804110206,16.2991456444931,0
          76.7773937196533,16.2991195256244,0
          76.7777859547178,16.2990985984505,0
          76.7782366898169,16.2990728035797,0
          76.7786373294814,16.299046464963,0
          76.7788896533606,16.2990592068943,0
          76.7791850197376,16.2990566086557,0
          76.7794185851426,16.2990886763184,0
          76.7798901962021,16.2990864056731,0
          76.7800917691802,16.2991186579912,0
          76.7804402665343,16.2991314062176,0
          76.7807185286158,16.299353932187,0
          76.7808966731702,16.2994875142019,0
          76.7810972440129,16.299558124095,0
          76.7814978138529,16.299630554791,0
          76.7817659568455,16.2996399493504,0
          76.7820753081883,16.2996447549378,0
          76.7819028462539,16.299143966873,0
          76.7816806724477,16.2984837753531,0
          76.7833489117378,16.2978983572952,0
        </coordinates>
      </LineString>
    </Placemark>
    <Placemark>
      <name>L2 FIC7</name>
      <styleUrl>#msn_ylw-pushpin</styleUrl>
      <LineString>
        <tessellate>1</tessellate>
        <coordinates>
          76.7771067417209,16.3007097045977,0
          76.7770997742564,16.3008092047491,0
          76.7771413669391,16.3012309208242,0
          76.777160996803,16.3016071323474,0
          76.7771890658435,16.3020917165632,0
          76.7772306189903,16.3024712780371,0
          76.7772517663813,16.3027854448202,0
          76.7772202419922,16.3032950788263,0
          76.7772101417905,16.3034001717491,0
          76.7771440803093,16.3034155795032,0
          76.7765522818731,16.3036736821526,0
          76.7768280758649,16.304337995025,0
          76.7771907022095,16.304242323833,0
          76.7775233294211,16.304996455844,0
          76.7768491894381,16.3052153622913,0
          76.7771263371472,16.3060572317539,0
          76.7771972480647,16.306253440272,0
          76.7774207376366,16.3060930213939,0
          76.7777186797547,16.3067884754669,0
          76.7777809405226,16.3069761495187,0
          76.7780527870691,16.3079749386627,0
        </coordinates>
      </LineString>
    </Placemark>
    <Placemark>
      <name>L2 FIC6</name>
      <styleUrl>#m_ylw-pushpin</styleUrl>
      <LineString>
        <tessellate>1</tessellate>
        <coordinates>
          76.7752614900053,16.2998286823114,0
          76.775318065861,16.299838536026,0
          76.7753080784754,16.3003787540738,0
          76.775157543933,16.3003183379226,0
          76.7751579255184,16.3008641087314,0
          76.77515197173,16.3015780730328,0
          76.7751184473452,16.3016472281529,0
          76.7750758078294,16.3016962469767,0
          76.7748009972965,16.3015045840109,0
          76.7748588690539,16.3017163699536,0
          76.7749819529346,16.3020440290329,0
          76.7750896248808,16.3023514220695,0
          76.7751507029582,16.3026483925351,0
          76.7752110812723,16.3030687351427,0
          76.7754797821181,16.3037001691457,0
          76.7757053320959,16.3040142628169,0
          76.7759532458373,16.3042941967968,0
          76.7761027209407,16.3045479534219,0
        </coordinates>
      </LineString>
    </Placemark>
    <Placemark>
      <name>L2 FIC5</name>
      <styleUrl>#m_ylw-pushpin</styleUrl>
      <LineString>
        <tessellate>1</tessellate>
        <coordinates>
          76.7708623608224,16.2989327202697,0
          76.7712976194988,16.2990695777457,0
          76.7718969770742,16.2992757830853,0
          76.7723055100124,16.2994282336319,0
          76.7725044842065,16.2994946234216,0
          76.7729778061433,16.2996623608674,0
          76.7729709142004,16.2996995987892,0
          76.7729597732593,16.3000057685142,0
          76.7729537106307,16.3003500229593,0
          76.7729328341013,16.3005244476827,0
          76.7729284139624,16.3005822558387,0
          76.7729770811882,16.3006189624172,0
          76.772983421136,16.3008708946513,0
          76.7730061904958,16.3013345437654,0
          76.7731158744107,16.3021251617053,0
          76.7731067134429,16.3029409370194,0
          76.7730307986668,16.3029734962466,0
          76.7730513800062,16.303444695254,0
          76.7730948607863,16.3041612749602,0
          76.7731124264203,16.3048156794031,0
        </coordinates>
      </LineString>
    </Placemark>
    <Placemark>
      <name>L2 FIC4</name>
      <styleUrl>#m_ylw-pushpin32</styleUrl>
      <LineString>
        <tessellate>1</tessellate>
        <coordinates>
          76.7710303481865,16.2988507471348,0
          76.7719759709207,16.2991620981492,0
          76.7728388970878,16.2994638369994,0
          76.7732581451601,16.2995895392636,0
          76.7741261257804,16.2996332539485,0
          76.7752256590679,16.2996851525039,0
          76.7752946514692,16.2996934020956,0
          76.7753384498872,16.2995597122958,0
          76.7753328304318,16.2993221424473,0
          76.7752945737139,16.2989400448098,0
          76.7752456021416,16.2987413257112,0
          76.7752357098868,16.2985471983967,0
          76.7752112053695,16.2983706586139,0
          76.7756415242453,16.298323879971,0
          76.7757930435034,16.298270184216,0
          76.7761239680327,16.2982278849048,0
          76.7761747658276,16.2982226044824,0
          76.7761471428426,16.2979720186158,0
          76.7760615192186,16.2976138779149,0
          76.7760123262016,16.2973917023428,0
          76.7759093100229,16.29703046213,0
          76.7757621900675,16.2966358895335,0
          76.7756304301651,16.2963443303227,0
        </coordinates>
      </LineString>
    </Placemark>
    <Placemark>
      <name>L2 FIC3</name>
      <styleUrl>#m_ylw-pushpin32</styleUrl>
      <LineString>
        <tessellate>1</tessellate>
        <coordinates>
          76.7664119137487,16.299626821714,0
          76.7671683137067,16.2995958872528,0
          76.7680562384033,16.2995844141473,0
          76.7686322482958,16.2995858330219,0
          76.7688796912948,16.2993391251,0
          76.7688666683341,16.2990121434448,0
          76.7696512502042,16.2987301758003,0
          76.7700610427601,16.2985444359644,0
          76.770412083845,16.2982990123635,0
          76.7713770167161,16.2977896324082,0
          76.7717662858904,16.2976377539829,0
          76.7722958593949,16.2974085059801,0
          76.7727299021771,16.2972529516167,0
          76.7731133346453,16.2970987511337,0
          76.7734847972751,16.2969892614787,0
          76.7737878933489,16.296887847315,0
          76.7740589575148,16.29654702416,0
          76.7742080426507,16.2960605422586,0
          76.7743804091396,16.2956907778042,0
        </coordinates>
      </LineString>
    </Placemark>
    <Placemark>
      <name>L2 FIC2</name>
      <styleUrl>#msn_ylw-pushpin12</styleUrl>
      <LineString>
        <tessellate>1</tessellate>
        <coordinates>
          76.7655285936342,16.2995912685534,0
          76.765565867487,16.2989946106452,0
          76.7655820087426,16.2986030570951,0
          76.7656770422635,16.2982107776463,0
          76.7658094958561,16.2977039658692,0
          76.7658258544692,16.2972854078397,0
          76.7658909315903,16.2969761146923,0
          76.7659053892526,16.2966547974658,0
          76.7659710955761,16.2963192439672,0
          76.7663463067734,16.2961587529695,0
          76.7668992850988,16.2960333006602,0
          76.7674102472619,16.2958634038674,0
          76.7678575993097,16.2957371421763,0
          76.7683470425467,16.2956150429573,0
          76.7685751627851,16.2955742215947,0
          76.7688391831337,16.2955129876,0
          76.7689750597936,16.2954830801143,0
          76.769199099343,16.2954342237869,0
          76.7694746507708,16.2954078678871,0
          76.7698040896259,16.2953510872427,0
          76.7699682206915,16.29531880503,0
          76.7701288452384,16.2952952538422,0
        </coordinates>
      </LineString>
    </Placemark>
    <Placemark>
      <name>L2 FIC1</name>
      <styleUrl>#msn_ylw-pushpin</styleUrl>
      <LineString>
        <tessellate>1</tessellate>
        <coordinates>
          76.7652115348575,16.2997523254708,0
          76.7652447527105,16.2998183631983,0
          76.7655087713651,16.2997778562572,0
          76.7659578654061,16.2997616579845,0
          76.7662315636496,16.2997845347179,0
          76.7663387632435,16.3001993295545,0
          76.7664497316536,16.300626718354,0
          76.7665749367029,16.3011494616998,0
          76.7666801548101,16.3015715170026,0
          76.7667767903505,16.3019554875921,0
          76.7668833110346,16.3022563759767,0
          76.7670893034929,16.3022598461163,0
          76.7672243557361,16.3022307137354,0
          76.7673714922611,16.3020455045377,0
          76.7674378687638,16.3021470797719,0
          76.7676916803578,16.3021585527678,0
          76.7680565404061,16.3021300193208,0
          76.768582007998,16.3020939156769,0
          76.7685536977151,16.3024943026935,0
          76.7688909718486,16.3025282356328,0
        </coordinates>
      </LineString>
    </Placemark>
    <Placemark>
      <name>L1 FIC6</name>
      <styleUrl>#msn_ylw-pushpin12</styleUrl>
      <LineString>
        <tessellate>1</tessellate>
        <coordinates>
          76.7593861396712,16.3033332164248,0
          76.7593009050943,16.3034417238233,0
          76.7592110386553,16.3035325215915,0
          76.7591395929912,16.3035987065208,0
          76.7589817395357,16.3037280923079,0
          76.7588919674708,16.3037963686072,0
          76.7587678192596,16.3038290490006,0
          76.7586240184833,16.3038769302071,0
        </coordinates>
      </LineString>
    </Placemark>
    <Placemark>
      <name>L1 FIC5</name>
      <styleUrl>#m_ylw-pushpin32</styleUrl>
      <LineString>
        <tessellate>1</tessellate>
        <coordinates>
          76.7601070180933,16.3021289965144,0
          76.7599322626817,16.3024589269786,0
          76.7597231551505,16.3028658243454,0
          76.7594921319539,16.3032740912218,0
          76.7592829831709,16.3035967589368,0
          76.7591932062882,16.3036947683126,0
          76.7590398383194,16.3037931114496,0
          76.7590453674884,16.3039608275009,0
          76.759066595916,16.3042917679429,0
          76.7590961539945,16.3048282875737,0
          76.7591073364472,16.3053037191157,0
          76.7591303537975,16.3056069091589,0
          76.7591188391885,16.3059036042349,0
          76.7591431495717,16.3062881814904,0
          76.7591059266958,16.3069763181784,0
          76.7591080339965,16.3071535315474,0
        </coordinates>
      </LineString>
    </Placemark>
    <Placemark>
      <name>L1 FIC4</name>
      <styleUrl>#m_ylw-pushpin32</styleUrl>
      <LineString>
        <tessellate>1</tessellate>
        <coordinates>
          76.7604287038979,16.3013617684713,0
          76.7602107424111,16.3013501236295,0
          76.760045842855,16.3013642557646,0
          76.7600304029822,16.3010970479575,0
          76.7595669415345,16.3011129798909,0
          76.7595527834053,16.3012017213137,0
          76.7595550542771,16.3013286816749,0
          76.7595637334678,16.301488905551,0
          76.7592973187471,16.3014688301063,0
          76.7589142242477,16.3014885512441,0
        </coordinates>
      </LineString>
    </Placemark>
    <Placemark>
      <name>L1 FIC3</name>
      <styleUrl>#msn_ylw-pushpin12</styleUrl>
      <LineString>
        <tessellate>1</tessellate>
        <coordinates>
          76.7605554568152,16.301361543858,0
          76.7611722104567,16.3013382234968,0
          76.761255334796,16.3022039931389,0
          76.7614407542693,16.3022153020539,0
          76.761898635961,16.3021324636076,0
          76.762201812736,16.3020818614721,0
          76.7623758768722,16.3021083747326,0
          76.7623921894304,16.3024465353262,0
          76.7623882798304,16.3027234424347,0
          76.7624036889334,16.3030006103021,0
          76.7624292624703,16.3032306796815,0
          76.7624498229519,16.3033503099481,0
          76.7625163789985,16.3034766851592,0
          76.7626703766449,16.3035880204693,0
          76.7628319456734,16.3037153015595,0
        </coordinates>
      </LineString>
    </Placemark>
    <Placemark>
      <name>L1 FIC2</name>
      <styleUrl>#msn_ylw-pushpin14</styleUrl>
      <LineString>
        <tessellate>1</tessellate>
        <coordinates>
          76.762311009883,16.3002727398285,0
          76.7623844241647,16.3009003658,0
          76.7624270297177,16.3013934450546,0
          76.7629187024057,16.3013335129274,0
          76.7630135087044,16.3018654922727,0
          76.7631865140406,16.3024330397293,0
          76.7633329876721,16.302847043164,0
          76.763440159234,16.3031659843828,0
          76.7636271770774,16.3035619418588,0
          76.7636613244051,16.3040158996424,0
        </coordinates>
      </LineString>
    </Placemark>
    <Placemark>
      <name>L1 FIC1</name>
      <styleUrl>#m_ylw-pushpin32</styleUrl>
      <LineString>
        <tessellate>1</tessellate>
        <coordinates>
          76.7647233015109,16.2998309649493,0
          76.7647560574693,16.2999016730886,0
          76.7643924467344,16.2999917845412,0
          76.7646239136316,16.300604123941,0
          76.7647474468532,16.3010336840459,0
          76.7649916896145,16.3017457734325,0
          76.7650634715965,16.3021121410129,0
          76.7651257399555,16.3022080043112,0
          76.7652907151563,16.3022121003999,0
        </coordinates>
      </LineString>
    </Placemark>
    <Placemark>
      <name>L1A FIC3</name>
      <styleUrl>#m_ylw-pushpin31</styleUrl>
      <LineString>
        <tessellate>1</tessellate>
        <coordinates>
          76.7683316881241,16.2886073607752,0
          76.7686953719215,16.288923206425,0
          76.7690896505434,16.2892625920754,0
          76.7696046787265,16.2896152072011,0
          76.7699671363833,16.2899659245321,0
          76.7702284883521,16.2901526989211,0
          76.7707014411053,16.2902361106735,0
          76.7711558534529,16.2902437955605,0
          76.7714755296336,16.2902568138541,0
          76.7717217037163,16.2903280045984,0
          76.7717445607602,16.2906065749891,0
          76.7718100775716,16.2913283426476,0
          76.7718938693181,16.2919361100852,0
          76.7719748845868,16.2926143386757,0
          76.7720551586082,16.2934005521454,0
          76.7720827310532,16.2937149380694,0
          76.7720947097683,16.2942228661599,0
          76.7721457527059,16.294675056924,0
          76.7721255598254,16.2950524146009,0
        </coordinates>
      </LineString>
    </Placemark>
    <Placemark>
      <name>L1A FIC2</name>
      <styleUrl>#msn_ylw-pushpin12</styleUrl>
      <LineString>
        <tessellate>1</tessellate>
        <coordinates>
          76.7645353428826,16.2927847043889,0
          76.7645598496784,16.2924300379639,0
          76.7651622387327,16.2923005569352,0
          76.7651042430432,16.2918686448492,0
          76.7649702982136,16.2914009832674,0
        </coordinates>
      </LineString>
    </Placemark>
    <Placemark>
      <name>L1A FIC1</name>
      <styleUrl>#m_ylw-pushpin32</styleUrl>
      <LineString>
        <tessellate>1</tessellate>
        <coordinates>
          76.7643474082594,16.2942493534829,0
          76.7645799669517,16.294215818554,0
          76.7646508943253,16.2941832484606,0
          76.7648777614319,16.2941512128547,0
          76.7651490653354,16.2941070097701,0
          76.7655564099256,16.2940516363184,0
          76.7655257246662,16.2938190840146,0
          76.765764241363,16.2937902911256,0
          76.7660335856893,16.2937916332154,0
          76.7662219845173,16.2937814040885,0
          76.7664699215799,16.293769085347,0
          76.7664936050746,16.2939316413419,0
          76.7665519856217,16.2941197224674,0
          76.7668037880397,16.2940960939411,0
          76.7671646397791,16.2940239215998,0
          76.7674077314014,16.2939865433718,0
          76.7672622520276,16.2936051902262,0
          76.767149378705,16.2932976332028,0
          76.7670925893726,16.2930916056805,0
          76.767079591593,16.2929906642361,0
          76.7670979314274,16.2928782840925,0
        </coordinates>
      </LineString>
    </Placemark>
    <Placemark>
      <name>D-10</name>
      <LookAt>
        <longitude>76.768821710114</longitude>
        <latitude>16.3068360804616</latitude>
        <altitude>0</altitude>
        <heading>-0.00388180526803681</heading>
        <tilt>29.4618268877139</tilt>
        <range>5595.03366167081</range>
        <gx:altitudeMode>relativeToSeaFloor</gx:altitudeMode>
      </LookAt>
      <styleUrl>#m_ylw-pushpin01</styleUrl>
      <Point>
        <coordinates>
          76.7645479893589,16.2964372944576,0
        </coordinates>
        <gx:drawOrder>1</gx:drawOrder>
      </Point>
    </Placemark>
    <Placemark>
      <name>Lateral-1A</name>
      <LookAt>
        <longitude>76.768821710114</longitude>
        <latitude>16.3068360804616</latitude>
        <altitude>0</altitude>
        <heading>-0.00388180526803681</heading>
        <tilt>29.4618268877139</tilt>
        <range>5595.03366167081</range>
        <gx:altitudeMode>relativeToSeaFloor</gx:altitudeMode>
      </LookAt>
      <styleUrl>#m_ylw-pushpin01</styleUrl>
      <Point>
        <coordinates>
          76.7723667858514,16.2879998166433,0
        </coordinates>
        <gx:drawOrder>1</gx:drawOrder>
      </Point>
    </Placemark>
    <Placemark>
      <name>Lateral 1</name>
      <LookAt>
        <longitude>76.768821710114</longitude>
        <latitude>16.3068360804616</latitude>
        <altitude>0</altitude>
        <heading>-0.00388180526803681</heading>
        <tilt>29.4618268877139</tilt>
        <range>5595.03366167081</range>
        <gx:altitudeMode>relativeToSeaFloor</gx:altitudeMode>
      </LookAt>
      <styleUrl>#m_ylw-pushpin01</styleUrl>
      <Point>
        <coordinates>
          76.759846648105,16.3028130461622,0
        </coordinates>
        <gx:drawOrder>1</gx:drawOrder>
      </Point>
    </Placemark>
    <Placemark>
      <name>Lateral-2</name>
      <LookAt>
        <longitude>76.768821710114</longitude>
        <latitude>16.3068360804616</latitude>
        <altitude>0</altitude>
        <heading>-0.00388180526803681</heading>
        <tilt>29.4618268877139</tilt>
        <range>5595.03366167081</range>
        <gx:altitudeMode>relativeToSeaFloor</gx:altitudeMode>
      </LookAt>
      <styleUrl>#m_ylw-pushpin01</styleUrl>
      <Point>
        <coordinates>
          76.7781841859482,16.3010501032869,0
        </coordinates>
        <gx:drawOrder>1</gx:drawOrder>
      </Point>
    </Placemark>
    <Placemark>
      <name>Lateral-3</name>
      <LookAt>
        <longitude>76.768821710114</longitude>
        <latitude>16.3068360804616</latitude>
        <altitude>0</altitude>
        <heading>-0.00388180526803681</heading>
        <tilt>29.4618268877139</tilt>
        <range>5595.03366167081</range>
        <gx:altitudeMode>relativeToSeaFloor</gx:altitudeMode>
      </LookAt>
      <styleUrl>#m_ylw-pushpin01</styleUrl>
      <Point>
        <coordinates>
          76.776912729108,16.3097760028684,0
        </coordinates>
        <gx:drawOrder>1</gx:drawOrder>
      </Point>
    </Placemark>
    <Placemark>
      <name>Lateral-4</name>
      <LookAt>
        <longitude>76.768821710114</longitude>
        <latitude>16.3068360804616</latitude>
        <altitude>0</altitude>
        <heading>-0.00388180526803681</heading>
        <tilt>29.4618268877139</tilt>
        <range>5595.03366167081</range>
        <gx:altitudeMode>relativeToSeaFloor</gx:altitudeMode>
      </LookAt>
      <styleUrl>#m_ylw-pushpin01</styleUrl>
      <Point>
        <coordinates>
          76.7731370287156,16.3179350056893,0
        </coordinates>
        <gx:drawOrder>1</gx:drawOrder>
      </Point>
    </Placemark>
    <Placemark>
      <name>Lateral-5</name>
      <LookAt>
        <longitude>76.768821710114</longitude>
        <latitude>16.3068360804616</latitude>
        <altitude>0</altitude>
        <heading>-0.00388180526803681</heading>
        <tilt>29.4618268877139</tilt>
        <range>5595.03366167081</range>
        <gx:altitudeMode>relativeToSeaFloor</gx:altitudeMode>
      </LookAt>
      <styleUrl>#m_ylw-pushpin01</styleUrl>
      <Point>
        <coordinates>
          76.7797830110189,16.3157035531121,0
        </coordinates>
        <gx:drawOrder>1</gx:drawOrder>
      </Point>
    </Placemark>
    <Placemark>
      <name>Lateral-6</name>
      <LookAt>
        <longitude>76.768821710114</longitude>
        <latitude>16.3068360804616</latitude>
        <altitude>0</altitude>
        <heading>-0.00388180526803681</heading>
        <tilt>29.4618268877139</tilt>
        <range>5595.03366167081</range>
        <gx:altitudeMode>relativeToSeaFloor</gx:altitudeMode>
      </LookAt>
      <styleUrl>#m_ylw-pushpin01</styleUrl>
      <Point>
        <coordinates>
          76.778892744455,16.3297029230526,0
        </coordinates>
        <gx:drawOrder>1</gx:drawOrder>
      </Point>
    </Placemark>
    <Placemark>
      <name>Lateral-7</name>
      <LookAt>
        <longitude>76.768821710114</longitude>
        <latitude>16.3068360804616</latitude>
        <altitude>0</altitude>
        <heading>-0.00388180526803681</heading>
        <tilt>29.4618268877139</tilt>
        <range>5595.03366167081</range>
        <gx:altitudeMode>relativeToSeaFloor</gx:altitudeMode>
      </LookAt>
      <styleUrl>#m_ylw-pushpin01</styleUrl>
      <Point>
        <coordinates>
          76.7878646307933,16.3288239527726,0
        </coordinates>
        <gx:drawOrder>1</gx:drawOrder>
      </Point>
    </Placemark>
    <Placemark>
      <name>NRBC Canal</name>
      <LookAt>
        <longitude>76.768821710114</longitude>
        <latitude>16.3068360804616</latitude>
        <altitude>0</altitude>
        <heading>-0.00388180526803681</heading>
        <tilt>29.4618268877139</tilt>
        <range>5595.03366167081</range>
        <gx:altitudeMode>relativeToSeaFloor</gx:altitudeMode>
      </LookAt>
      <styleUrl>#m_ylw-pushpin01</styleUrl>
      <Point>
        <coordinates>
          76.7827982561999,16.2884534177937,0
        </coordinates>
        <gx:drawOrder>1</gx:drawOrder>
      </Point>
    </Placemark>
    <Placemark>
      <name>L1A FIC-2</name>
      <LookAt>
        <longitude>76.774261467082</longitude>
        <latitude>16.293606891024</latitude>
        <altitude>0</altitude>
        <heading>-0.0525431194180282</heading>
        <tilt>23.4735710606756</tilt>
        <range>2266.08113485108</range>
        <gx:altitudeMode>relativeToSeaFloor</gx:altitudeMode>
      </LookAt>
      <styleUrl>#m_ylw-pushpin3</styleUrl>
      <Point>
        <coordinates>
          76.7649283984118,16.2923415094806,0
        </coordinates>
        <gx:drawOrder>1</gx:drawOrder>
      </Point>
    </Placemark>
    <Placemark>
      <name>L1A FIC-1</name>
      <LookAt>
        <longitude>76.774261467082</longitude>
        <latitude>16.293606891024</latitude>
        <altitude>0</altitude>
        <heading>-0.0525431194180282</heading>
        <tilt>23.4735710606756</tilt>
        <range>2266.08113485108</range>
        <gx:altitudeMode>relativeToSeaFloor</gx:altitudeMode>
      </LookAt>
      <styleUrl>#m_ylw-pushpin3</styleUrl>
      <Point>
        <coordinates>
          76.7650029275043,16.2941298683145,0
        </coordinates>
        <gx:drawOrder>1</gx:drawOrder>
      </Point>
    </Placemark>
    <Placemark id="D-10_Laterals__DPO___FIC_s_Final.68">
      <name>Unplanned  FIC</name>
      <LineString>
        <coordinates>
          76.768635,16.299585,0
          76.768664848685,16.2995819951256,0
          76.7687950871406,16.2997434569321,0
          76.7690998811936,16.2997651862413,0
          76.7693809913644,16.2997926235893,0
          76.7698416412193,16.2998696451558,0
          76.7701178923151,16.2998916313275,0
          76.7703707947351,16.2999117592333,0
          76.7705973608613,16.2999048041635,0
          76.7708126996816,16.2999182874101,0
          76.7708322771181,16.3002522801039,0
          76.7708398127255,16.3003108323538,0
          76.7708987305042,16.3007686280265,0
          76.7709620247283,16.3012604290169,0
          76.7710193727951,16.3017060279075,0
          76.7710567489108,16.3019964432015,0
          76.7710698310266,16.3020980922474,0
          76.7711011060214,16.3023411013633,0
          76.7711011060214,16.3025347153022,0
          76.7710922545121,16.3026179732194,0
          76.7711612245669,16.3029267702283,0
          76.7711459557218,16.3034210651488,0
          76.7711410684393,16.3036113486924,0
          76.771132912755,16.3041947767713,0
          76.7710904044396,16.3045919544795,0
          76.7707602040405,16.3045741590239,0
          76.7704580669797,16.3045784243102,0
          76.7702064003527,16.3045874464067,0
        </coordinates>
      </LineString>
    </Placemark>
  </Document>
</kml>
