{
  "type": "FeatureCollection",
  "features": [
    {
      "type": "Feature",
      "geometry": {
        "type": "Polygon",
        "coordinates": [
          [
            [
              76.76356824987116,
              16.29498876242761
            ],
            [
              76.76439534837098,
              16.294981859844835
            ],
            [
              76.76438897710786,
              16.29426991717338
            ],
            [
              76.76356188159092,
              16.2942768194383
            ],
            [
              76.76356824987116,
              16.29498876242761
            ]
          ]
        ]
      },
      "properties": {
        "id": 1,
        "area": "NRBC_D10_Survey_1",
        "canal": "D-10pa",
        "type": "distributary",
        "chainage_m": 0.0,
        "status": "clear",
        "blockage_pct": 34,
        "lon": 76.7639786,
        "lat": 16.2946293,
        "image": "images/0001.jpg"
      }
    },
    {
      "type": "Feature",
      "geometry": {
        "type": "Polygon",
        "coordinates": [
          [
            [
              76.76394606830254,
              16.295389849705558
            ],
            [
              76.76453965312899,
              16.295384895077987
            ],
            [
              76.76453209011713,
              16.2945398704049
            ],
            [
              76.76393850783161,
              16.29454482476167
            ],
            [
              76.76394606830254,
              16.295389849705558
            ]
          ]
        ]
      },
      "properties": {
        "id": 2,
        "area": "NRBC_D10_Survey_1",
        "canal": "D-10pa",
        "type": "distributary",
        "chainage_m": 50.0,
        "status": "partial",
        "blockage_pct": 39,
        "lon": 76.7642391,
        "lat": 16.2949649,
        "image": "images/0002.jpg"
      }
    },
    {
      "type": "Feature",
      "geometry": {
        "type": "Polygon",
        "coordinates": [
          [
            [
              76.76407855263164,
              16.29583610700775
            ],
            [
              76.764608540255,
              16.295831682863
            ],
            [
              76.76460065187398,
              16.29495036314571
            ],
            [
              76.76407066661685,
              16.294954787038275
            ],
            [
              76.76407855263164,
              16.29583610700775
            ]
          ]
        ]
      },
      "properties": {
        "id": 3,
        "area": "NRBC_D10_Survey_1",
        "canal": "D-10pa",
        "type": "distributary",
        "chainage_m": 100.0,
        "status": "clear",
        "blockage_pct": 21,
        "lon": 76.7643396,
        "lat": 16.2953932,
        "image": "images/0003.jpg"
      }
    },
    {
      "type": "Feature",
      "geometry": {
        "type": "Polygon",
        "coordinates": [
          [
            [
              76.76414776019872,
              16.296282892331096
            ],
            [
              76.764677749003,
              16.29627846789503
            ],
            [
              76.76466986286111,
              16.295397458462492
            ],
            [
              76.7641398764223,
              16.295401882646456
            ],
            [
              76.76414776019872,
              16.296282892331096
            ]
          ]
        ]
      },
      "properties": {
        "id": 4,
        "area": "NRBC_D10_Survey_1",
        "canal": "D-10pa",
        "type": "distributary",
        "chainage_m": 150.0,
        "status": "clear",
        "blockage_pct": 25,
        "lon": 76.7644088,
        "lat": 16.2958402,
        "image": "images/0004.jpg"
      }
    },
    {
      "type": "Feature",
      "geometry": {
        "type": "Polygon",
        "coordinates": [
          [
            [
              76.76421664697783,
              16.296729680264242
            ],
            [
              76.76474695816918,
              16.2967252528556
            ],
            [
              76.76473907148987,
              16.295844243493207
            ],
            [
              76.76420876266549,
              16.295848670649573
            ],
            [
              76.76421664697783,
              16.296729680264242
            ]
          ]
        ]
      },
      "properties": {
        "id": 5,
        "area": "NRBC_D10_Survey_1",
        "canal": "D-10pa",
        "type": "distributary",
        "chainage_m": 200.0,
        "status": "clear",
        "blockage_pct": 14,
        "lon": 76.7644779,
        "lat": 16.296287,
        "image": "images/0005.jpg"
      }
    },
    {
      "type": "Feature",
      "geometry": {
        "type": "Polygon",
        "coordinates": [
          [
            [
              76.76428585815691,
              16.29717677565949
            ],
            [
              76.7648158493241,
              16.297172350641482
            ],
            [
              76.76480795933149,
              16.296291031134533
            ],
            [
              76.76427797053077,
              16.296295455900328
            ],
            [
              76.76428585815691,
              16.29717677565949
            ]
          ]
        ]
      },
      "properties": {
        "id": 6,
        "area": "NRBC_D10_Survey_1",
        "canal": "D-10pa",
        "type": "distributary",
        "chainage_m": 250.0,
        "status": "clear",
        "blockage_pct": 24,
        "lon": 76.7645469,
        "lat": 16.2967339,
        "image": "images/0006.jpg"
      }
    },
    {
      "type": "Feature",
      "geometry": {
        "type": "Polygon",
        "coordinates": [
          [
            [
              76.76435474577036,
              16.29762356345025
            ],
            [
              76.7648850593261,
              16.297619135459293
            ],
            [
              76.76487716879588,
              16.296737816022507
            ],
            [
              76.76434685760807,
              16.296742243761088
            ],
            [
              76.76435474577036,
              16.29762356345025
            ]
          ]
        ]
      },
      "properties": {
        "id": 7,
        "area": "NRBC_D10_Survey_1",
        "canal": "D-10pa",
        "type": "distributary",
        "chainage_m": 300.0,
        "status": "clear",
        "blockage_pct": 32,
        "lon": 76.764616,
        "lat": 16.2971807,
        "image": "images/0007.jpg"
      }
    },
    {
      "type": "Feature",
      "geometry": {
        "type": "Polygon",
        "coordinates": [
          [
            [
              76.76442395500882,
              16.298070348488135
            ],
            [
              76.76495426974634,
              16.298065920205644
            ],
            [
              76.76494637867843,
              16.29718460083902
            ],
            [
              76.76441606630893,
              16.297189028869123
            ],
            [
              76.76442395500882,
              16.298070348488135
            ]
          ]
        ]
      },
      "properties": {
        "id": 8,
        "area": "NRBC_D10_Survey_1",
        "canal": "D-10pa",
        "type": "distributary",
        "chainage_m": 350.0,
        "status": "clear",
        "blockage_pct": 30,
        "lon": 76.7646852,
        "lat": 16.2976275,
        "image": "images/0008.jpg"
      }
    },
    {
      "type": "Feature",
      "geometry": {
        "type": "Polygon",
        "coordinates": [
          [
            [
              76.76449316466545,
              16.298517133454567
            ],
            [
              76.76502315937594,
              16.298512707563297
            ],
            [
              76.76501527054944,
              16.297631698481172
            ],
            [
              76.76448527820477,
              16.29763612412028
            ],
            [
              76.76449316466545,
              16.298517133454567
            ]
          ]
        ]
      },
      "properties": {
        "id": 9,
        "area": "NRBC_D10_Survey_1",
        "canal": "D-10pa",
        "type": "distributary",
        "chainage_m": 400.0,
        "status": "clear",
        "blockage_pct": 34,
        "lon": 76.7647542,
        "lat": 16.2980744,
        "image": "images/0009.jpg"
      }
    },
    {
      "type": "Feature",
      "geometry": {
        "type": "Polygon",
        "coordinates": [
          [
            [
              76.76456205353061,
              16.298963921031675
            ],
            [
              76.76509237063192,
              16.298959492166905
            ],
            [
              76.76508448126789,
              16.298078483154917
            ],
            [
              76.76455416653393,
              16.29808291176737
            ],
            [
              76.76456205353061,
              16.298963921031675
            ]
          ]
        ]
      },
      "properties": {
        "id": 10,
        "area": "NRBC_D10_Survey_1",
        "canal": "D-10pa",
        "type": "distributary",
        "chainage_m": 450.0,
        "status": "partial",
        "blockage_pct": 35,
        "lon": 76.7648233,
        "lat": 16.2985212,
        "image": "images/0010.jpg"
      }
    },
    {
      "type": "Feature",
      "geometry": {
        "type": "Polygon",
        "coordinates": [
          [
            [
              76.76463126680035,
              16.299411016069865
            ],
            [
              76.76516158508439,
              16.29940658691344
            ],
            [
              76.7651536924046,
              16.2985252677572
            ],
            [
              76.76462337648879,
              16.298529696661205
            ],
            [
              76.76463126680035,
              16.299411016069865
            ]
          ]
        ]
      },
      "properties": {
        "id": 11,
        "area": "NRBC_D10_Survey_1",
        "canal": "D-10pa",
        "type": "distributary",
        "chainage_m": 500.0,
        "status": "partial",
        "blockage_pct": 39,
        "lon": 76.7648925,
        "lat": 16.2989681,
        "image": "images/0011.jpg"
      }
    },
    {
      "type": "Feature",
      "geometry": {
        "type": "Polygon",
        "coordinates": [
          [
            [
              76.76470047771112,
              16.299857800822082
            ],
            [
              76.76523047596606,
              16.29985337405737
            ],
            [
              76.76522258274996,
              16.298972054971152
            ],
            [
              76.76469258686188,
              16.298976481483578
            ],
            [
              76.76470047771112,
              16.299857800822082
            ]
          ]
        ]
      },
      "properties": {
        "id": 12,
        "area": "NRBC_D10_Survey_1",
        "canal": "D-10pa",
        "type": "distributary",
        "chainage_m": 550.0,
        "status": "partial",
        "blockage_pct": 39,
        "lon": 76.7649615,
        "lat": 16.2994149,
        "image": "images/0012.jpg"
      }
    },
    {
      "type": "Feature",
      "geometry": {
        "type": "Polygon",
        "coordinates": [
          [
            [
              76.7647693511617,
              16.30030272689883
            ],
            [
              76.76531316269723,
              16.30029818445458
            ],
            [
              76.76530528833325,
              16.29941903694544
            ],
            [
              76.76476147922038,
              16.29942357913147
            ],
            [
              76.7647693511617,
              16.30030272689883
            ]
          ]
        ]
      },
      "properties": {
        "id": 13,
        "area": "NRBC_D10_Survey_1",
        "canal": "D-10pa",
        "type": "distributary",
        "chainage_m": 600.0,
        "status": "partial",
        "blockage_pct": 39,
        "lon": 76.7650373,
        "lat": 16.2998609,
        "image": "images/0013.jpg"
      }
    },
    {
      "type": "Feature",
      "geometry": {
        "type": "Polygon",
        "coordinates": [
          [
            [
              76.76485267681312,
              16.3007472219622
            ],
            [
              76.76539648955024,
              16.30074267918325
            ],
            [
              76.765388614588,
              16.299863531750642
            ],
            [
              76.76484480427362,
              16.299868074271355
            ],
            [
              76.76485267681312,
              16.3007472219622
            ]
          ]
        ]
      },
      "properties": {
        "id": 14,
        "area": "NRBC_D10_Survey_1",
        "canal": "D-10pa",
        "type": "distributary",
        "chainage_m": 650.0,
        "status": "partial",
        "blockage_pct": 90,
        "lon": 76.7651206,
        "lat": 16.3003054,
        "image": "images/0014.jpg"
      }
    },
    {
      "type": "Feature",
      "geometry": {
        "type": "Polygon",
        "coordinates": [
          [
            [
              76.76493600294272,
              16.301191716938
            ],
            [
              76.76548013809462,
              16.301187171140448
            ],
            [
              76.76547226253271,
              16.300308023784527
            ],
            [
              76.76492812980503,
              16.300312569323673
            ],
            [
              76.76493600294272,
              16.301191716938
            ]
          ]
        ]
      },
      "properties": {
        "id": 15,
        "area": "NRBC_D10_Survey_1",
        "canal": "D-10pa",
        "type": "distributary",
        "chainage_m": 700.0,
        "status": "partial",
        "blockage_pct": 97,
        "lon": 76.7652041,
        "lat": 16.3007499,
        "image": "images/0015.jpg"
      }
    },
    {
      "type": "Feature",
      "geometry": {
        "type": "Polygon",
        "coordinates": [
          [
            [
              76.76501932955054,
              16.301636211826217
            ],
            [
              76.76556346590485,
              16.301631665693744
            ],
            [
              76.76555558974464,
              16.300752518414356
            ],
            [
              76.76501145581464,
              16.30075706428841
            ],
            [
              76.76501932955054,
              16.301636211826217
            ]
          ]
        ]
      },
      "properties": {
        "id": 16,
        "area": "NRBC_D10_Survey_1",
        "canal": "D-10pa",
        "type": "distributary",
        "chainage_m": 750.0,
        "status": "partial",
        "blockage_pct": 80,
        "lon": 76.7652875,
        "lat": 16.3011944,
        "image": "images/0016.jpg"
      }
    },
    {
      "type": "Feature",
      "geometry": {
        "type": "Polygon",
        "coordinates": [
          [
            [
              76.76510297785129,
              16.3020807039434
            ],
            [
              76.76564679419336,
              16.302076160159444
            ],
            [
              76.76563892021412,
              16.301197323170868
            ],
            [
              76.76509510629415,
              16.301201866696637
            ],
            [
              76.76510297785129,
              16.3020807039434
            ]
          ]
        ]
      },
      "properties": {
        "id": 17,
        "area": "NRBC_D10_Survey_1",
        "canal": "D-10pa",
        "type": "distributary",
        "chainage_m": 800.0,
        "status": "partial",
        "blockage_pct": 55,
        "lon": 76.7653709,
        "lat": 16.301639,
        "image": "images/0017.jpg"
      }
    },
    {
      "type": "Feature",
      "geometry": {
        "type": "Polygon",
        "coordinates": [
          [
            [
              76.76518630819515,
              16.302525508870566
            ],
            [
              76.76573012573982,
              16.30252096475176
            ],
            [
              76.76572224838277,
              16.301641817625484
            ],
            [
              76.76517843326116,
              16.301646361485997
            ],
            [
              76.76518630819515,
              16.302525508870566
            ]
          ]
        ]
      },
      "properties": {
        "id": 18,
        "area": "NRBC_D10_Survey_1",
        "canal": "D-10pa",
        "type": "distributary",
        "chainage_m": 850.0,
        "status": "clear",
        "blockage_pct": 34,
        "lon": 76.7654543,
        "lat": 16.3020837,
        "image": "images/0018.jpg"
      }
    },
    {
      "type": "Feature",
      "geometry": {
        "type": "Polygon",
        "coordinates": [
          [
            [
              76.7652696362387,
              16.302970003495805
            ],
            [
              76.76581377620114,
              16.302965456357565
            ],
            [
              76.76580589824428,
              16.30208630930798
            ],
            [
              76.7652617607064,
              16.302090856187764
            ],
            [
              76.7652696362387,
              16.302970003495805
            ]
          ]
        ]
      },
      "properties": {
        "id": 19,
        "area": "NRBC_D10_Survey_1",
        "canal": "D-10pa",
        "type": "distributary",
        "chainage_m": 900.0,
        "status": "clear",
        "blockage_pct": 26,
        "lon": 76.7655378,
        "lat": 16.3025282,
        "image": "images/0019.jpg"
      }
    },
    {
      "type": "Feature",
      "geometry": {
        "type": "Polygon",
        "coordinates": [
          [
            [
              76.76535296476054,
              16.303414498033455
            ],
            [
              76.7658971059255,
              16.303409950560237
            ],
            [
              76.76588922737027,
              16.3025308035872
            ],
            [
              76.76534508862991,
              16.302535350801946
            ],
            [
              76.76535296476054,
              16.303414498033455
            ]
          ]
        ]
      },
      "properties": {
        "id": 20,
        "area": "NRBC_D10_Survey_1",
        "canal": "D-10pa",
        "type": "distributary",
        "chainage_m": 950.0,
        "status": "clear",
        "blockage_pct": 22,
        "lon": 76.7656211,
        "lat": 16.3029727,
        "image": "images/0020.jpg"
      }
    },
    {
      "type": "Feature",
      "geometry": {
        "type": "Polygon",
        "coordinates": [
          [
            [
              76.7654366149782,
              16.303858989799263
            ],
            [
              76.76598043612823,
              16.303854444675313
            ],
            [
              76.76597255975472,
              16.302975607992984
            ],
            [
              76.76542874102708,
              16.3029801528587
            ],
            [
              76.7654366149782,
              16.303858989799263
            ]
          ]
        ]
      },
      "properties": {
        "id": 21,
        "area": "NRBC_D10_Survey_1",
        "canal": "D-10pa",
        "type": "distributary",
        "chainage_m": 1000.0,
        "status": "clear",
        "blockage_pct": 48,
        "lon": 76.7657046,
        "lat": 16.3034173,
        "image": "images/0021.jpg"
      }
    },
    {
      "type": "Feature",
      "geometry": {
        "type": "Polygon",
        "coordinates": [
          [
            [
              76.76551994723705,
              16.304303794375723
            ],
            [
              76.76606376958985,
              16.304299248916877
            ],
            [
              76.76605588983759,
              16.303420102096965
            ],
            [
              76.76551206990811,
              16.303424647297472
            ],
            [
              76.76551994723705,
              16.304303794375723
            ]
          ]
        ]
      },
      "properties": {
        "id": 22,
        "area": "NRBC_D10_Survey_1",
        "canal": "D-10pa",
        "type": "distributary",
        "chainage_m": 1050.0,
        "status": "partial",
        "blockage_pct": 50,
        "lon": 76.7657879,
        "lat": 16.3038619,
        "image": "images/0022.jpg"
      }
    },
    {
      "type": "Feature",
      "geometry": {
        "type": "Polygon",
        "coordinates": [
          [
            [
              76.76560327719481,
              16.304748288650348
            ],
            [
              76.76614742196837,
              16.30474374017123
            ],
            [
              76.7661395416162,
              16.30386459342803
            ],
            [
              76.7655953992675,
              16.303869141648644
            ],
            [
              76.76560327719481,
              16.304748288650348
            ]
          ]
        ]
      },
      "properties": {
        "id": 23,
        "area": "NRBC_D10_Survey_1",
        "canal": "D-10pa",
        "type": "distributary",
        "chainage_m": 1100.0,
        "status": "partial",
        "blockage_pct": 36,
        "lon": 76.7658714,
        "lat": 16.3043064,
        "image": "images/0023.jpg"
      }
    },
    {
      "type": "Feature",
      "geometry": {
        "type": "Polygon",
        "coordinates": [
          [
            [
              76.76568692885057,
              16.305192780152538
            ],
            [
              76.76623075360716,
              16.305188234023234
            ],
            [
              76.76622287265651,
              16.30430908735659
            ],
            [
              76.76567905032341,
              16.304313633227533
            ],
            [
              76.76568692885057,
              16.305192780152538
            ]
          ]
        ]
      },
      "properties": {
        "id": 24,
        "area": "NRBC_D10_Survey_1",
        "canal": "D-10pa",
        "type": "distributary",
        "chainage_m": 1150.0,
        "status": "partial",
        "blockage_pct": 61,
        "lon": 76.7659549,
        "lat": 16.3047509,
        "image": "images/0024.jpg"
      }
    },
    {
      "type": "Feature",
      "geometry": {
        "type": "Polygon",
        "coordinates": [
          [
            [
              76.76577025976579,
              16.305637274251765
            ],
            [
              76.7663140857244,
              16.30563272778762
            ],
            [
              76.76630620695622,
              16.304753891411597
            ],
            [
              76.76576238342031,
              16.304758437617448
            ],
            [
              76.76577025976579,
              16.305637274251765
            ]
          ]
        ]
      },
      "properties": {
        "id": 25,
        "area": "NRBC_D10_Survey_1",
        "canal": "D-10pa",
        "type": "distributary",
        "chainage_m": 1200.0,
        "status": "partial",
        "blockage_pct": 69,
        "lon": 76.7660382,
        "lat": 16.3051956,
        "image": "images/0025.jpg"
      }
    },
    {
      "type": "Feature",
      "geometry": {
        "type": "Polygon",
        "coordinates": [
          [
            [
              76.76585359393992,
              16.306082078477463
            ],
            [
              76.76639742110143,
              16.306077531678376
            ],
            [
              76.76638953895356,
              16.305198385164893
            ],
            [
              76.76584571421569,
              16.305202931705587
            ],
            [
              76.76585359393992,
              16.306082078477463
            ]
          ]
        ]
      },
      "properties": {
        "id": 26,
        "area": "NRBC_D10_Survey_1",
        "canal": "D-10pa",
        "type": "distributary",
        "chainage_m": 1250.0,
        "status": "blocked",
        "blockage_pct": 77,
        "lon": 76.7661216,
        "lat": 16.3056402,
        "image": "images/0026.jpg"
      }
    },
    {
      "type": "Feature",
      "geometry": {
        "type": "Polygon",
        "coordinates": [
          [
            [
              76.76593692581218,
              16.306526572401438
            ],
            [
              76.76648107539742,
              16.306522022581234
            ],
            [
              76.76647319264956,
              16.305642876144464
            ],
            [
              76.76592904548946,
              16.30564742570611
            ],
            [
              76.76593692581218,
              16.306526572401438
            ]
          ]
        ]
      },
      "properties": {
        "id": 27,
        "area": "NRBC_D10_Survey_1",
        "canal": "D-10pa",
        "type": "distributary",
        "chainage_m": 1300.0,
        "status": "blocked",
        "blockage_pct": 98,
        "lon": 76.7662051,
        "lat": 16.3060847,
        "image": "images/0027.jpg"
      }
    },
    {
      "type": "Feature",
      "geometry": {
        "type": "Polygon",
        "coordinates": [
          [
            [
              76.76602057938535,
              16.306971063552155
            ],
            [
              76.76656440895094,
              16.30696651608251
            ],
            [
              76.7665565256045,
              16.306087369722313
            ],
            [
              76.76601269846267,
              16.306091916933543
            ],
            [
              76.76602057938535,
              16.306971063552155
            ]
          ]
        ]
      },
      "properties": {
        "id": 28,
        "area": "NRBC_D10_Survey_1",
        "canal": "D-10pa",
        "type": "distributary",
        "chainage_m": 1350.0,
        "status": "blocked",
        "blockage_pct": 97,
        "lon": 76.7662886,
        "lat": 16.3065292,
        "image": "images/0028.jpg"
      }
    },
    {
      "type": "Feature",
      "geometry": {
        "type": "Polygon",
        "coordinates": [
          [
            [
              76.76610391221521,
              16.30741555730069
            ],
            [
              76.76664774298297,
              16.307411009496157
            ],
            [
              76.76663986181973,
              16.306532173426476
            ],
            [
              76.76609603347497,
              16.306536720972666
            ],
            [
              76.76610391221521,
              16.30741555730069
            ]
          ]
        ]
      },
      "properties": {
        "id": 29,
        "area": "NRBC_D10_Survey_1",
        "canal": "D-10pa",
        "type": "distributary",
        "chainage_m": 1400.0,
        "status": "blocked",
        "blockage_pct": 93,
        "lon": 76.7663719,
        "lat": 16.3069739,
        "image": "images/0029.jpg"
      }
    },
    {
      "type": "Feature",
      "geometry": {
        "type": "Polygon",
        "coordinates": [
          [
            [
              76.7661872483049,
              16.307860361175578
            ],
            [
              76.7667310802757,
              16.307855813036056
            ],
            [
              76.76672319573183,
              16.30697666682904
            ],
            [
              76.76617936618496,
              16.306981214710113
            ],
            [
              76.7661872483049,
              16.307860361175578
            ]
          ]
        ]
      },
      "properties": {
        "id": 30,
        "area": "NRBC_D10_Survey_1",
        "canal": "D-10pa",
        "type": "distributary",
        "chainage_m": 1450.0,
        "status": "blocked",
        "blockage_pct": 86,
        "lon": 76.7664552,
        "lat": 16.3074185,
        "image": "images/0030.jpg"
      }
    },
    {
      "type": "Feature",
      "geometry": {
        "type": "Polygon",
        "coordinates": [
          [
            [
              76.76660373685479,
              16.310026366558077
            ],
            [
              76.76724908249038,
              16.310020967380716
            ],
            [
              76.76724170386508,
              16.30919859071952
            ],
            [
              76.76659636092053,
              16.309203989609927
            ],
            [
              76.76660373685479,
              16.310026366558077
            ]
          ]
        ]
      },
      "properties": {
        "id": 31,
        "area": "NRBC_D10_Survey_1",
        "canal": "D-10pa",
        "type": "distributary",
        "chainage_m": 1700.0,
        "status": "blocked",
        "blockage_pct": 84,
        "lon": 76.7669227,
        "lat": 16.3096125,
        "image": "images/0031.jpg"
      }
    },
    {
      "type": "Feature",
      "geometry": {
        "type": "Polygon",
        "coordinates": [
          [
            [
              76.76679841039464,
              16.310312327846336
            ],
            [
              76.76761240141563,
              16.31030551654344
            ],
            [
              76.76760587022416,
              16.309577755243335
            ],
            [
              76.76679188220699,
              16.30958456622588
            ],
            [
              76.76679841039464,
              16.310312327846336
            ]
          ]
        ]
      },
      "properties": {
        "id": 32,
        "area": "NRBC_D10_Survey_1",
        "canal": "D-10pa",
        "type": "distributary",
        "chainage_m": 1750.0,
        "status": "blocked",
        "blockage_pct": 75,
        "lon": 76.7672021,
        "lat": 16.309945,
        "image": "images/0032.jpg"
      }
    },
    {
      "type": "Feature",
      "geometry": {
        "type": "Polygon",
        "coordinates": [
          [
            [
              76.7671617265489,
              16.310596567574773
            ],
            [
              76.76797603981211,
              16.310589752067497
            ],
            [
              76.76796950994178,
              16.309862301143927
            ],
            [
              76.76715519968235,
              16.309869116330802
            ],
            [
              76.7671617265489,
              16.310596567574773
            ]
          ]
        ]
      },
      "properties": {
        "id": 33,
        "area": "NRBC_D10_Survey_1",
        "canal": "D-10pa",
        "type": "distributary",
        "chainage_m": 1800.0,
        "status": "blocked",
        "blockage_pct": 65,
        "lon": 76.7675656,
        "lat": 16.3102294,
        "image": "images/0033.jpg"
      }
    },
    {
      "type": "Feature",
      "geometry": {
        "type": "Polygon",
        "coordinates": [
          [
            [
              76.76752536495836,
              16.310880803878945
            ],
            [
              76.76833967923598,
              16.31087398685457
            ],
            [
              76.76833314790285,
              16.310146536093875
            ],
            [
              76.76751883662908,
              16.31015335279777
            ],
            [
              76.76752536495836,
              16.310880803878945
            ]
          ]
        ]
      },
      "properties": {
        "id": 34,
        "area": "NRBC_D10_Survey_1",
        "canal": "D-10pa",
        "type": "distributary",
        "chainage_m": 1850.0,
        "status": "partial",
        "blockage_pct": 90,
        "lon": 76.7679293,
        "lat": 16.3105137,
        "image": "images/0034.jpg"
      }
    },
    {
      "type": "Feature",
      "geometry": {
        "type": "Polygon",
        "coordinates": [
          [
            [
              76.76788804370142,
              16.31105801575357
            ],
            [
              76.76876403445334,
              16.31105068070111
            ],
            [
              76.76875846538496,
              16.310430563982923
            ],
            [
              76.76788247738766,
              16.31043789874144
            ],
            [
              76.76788804370142,
              16.31105801575357
            ]
          ]
        ]
      },
      "properties": {
        "id": 35,
        "area": "NRBC_D10_Survey_1",
        "canal": "D-10pa",
        "type": "distributary",
        "chainage_m": 1900.0,
        "status": "blocked",
        "blockage_pct": 63,
        "lon": 76.7683233,
        "lat": 16.3107443,
        "image": "images/0035.jpg"
      }
    },
    {
      "type": "Feature",
      "geometry": {
        "type": "Polygon",
        "coordinates": [
          [
            [
              76.76831529657335,
              16.311199629479564
            ],
            [
              76.76920831287875,
              16.311192149963173
            ],
            [
              76.76920300430086,
              16.310601193461853
            ],
            [
              76.7683099906716,
              16.310608672692613
            ],
            [
              76.76831529657335,
              16.311199629479564
            ]
          ]
        ]
      },
      "properties": {
        "id": 36,
        "area": "NRBC_D10_Survey_1",
        "canal": "D-10pa",
        "type": "distributary",
        "chainage_m": 1950.0,
        "status": "blocked",
        "blockage_pct": 70,
        "lon": 76.7687592,
        "lat": 16.3109004,
        "image": "images/0036.jpg"
      }
    },
    {
      "type": "Feature",
      "geometry": {
        "type": "Polygon",
        "coordinates": [
          [
            [
              76.7687595751233,
              16.311341099682966
            ],
            [
              76.76965259185486,
              16.311333618225422
            ],
            [
              76.76964728189571,
              16.310742661874382
            ],
            [
              76.7687542678403,
              16.31075014304621
            ],
            [
              76.7687595751233,
              16.311341099682966
            ]
          ]
        ]
      },
      "properties": {
        "id": 37,
        "area": "NRBC_D10_Survey_1",
        "canal": "D-10pa",
        "type": "distributary",
        "chainage_m": 2000.0,
        "status": "partial",
        "blockage_pct": 62,
        "lon": 76.7692034,
        "lat": 16.3110419,
        "image": "images/0037.jpg"
      }
    },
    {
      "type": "Feature",
      "geometry": {
        "type": "Polygon",
        "coordinates": [
          [
            [
              76.76920417545328,
              16.31148256619538
            ],
            [
              76.77009719261082,
              16.311475082795297
            ],
            [
              76.7700918812694,
              16.310884126594658
            ],
            [
              76.76919886678803,
              16.310891609708953
            ],
            [
              76.76920417545328,
              16.31148256619538
            ]
          ]
        ]
      },
      "properties": {
        "id": 38,
        "area": "NRBC_D10_Survey_1",
        "canal": "D-10pa",
        "type": "distributary",
        "chainage_m": 2050.0,
        "status": "partial",
        "blockage_pct": 61,
        "lon": 76.769648,
        "lat": 16.3111833,
        "image": "images/0038.jpg"
      }
    },
    {
      "type": "Feature",
      "geometry": {
        "type": "Polygon",
        "coordinates": [
          [
            [
              76.76964845510489,
              16.31162403439847
            ],
            [
              76.7705414726885,
              16.311616549057177
            ],
            [
              76.77053615996576,
              16.311025593006867
            ],
            [
              76.76964314505834,
              16.31103307806231
            ],
            [
              76.76964845510489,
              16.31162403439847
            ]
          ]
        ]
      },
      "properties": {
        "id": 39,
        "area": "NRBC_D10_Survey_1",
        "canal": "D-10pa",
        "type": "distributary",
        "chainage_m": 2100.0,
        "status": "partial",
        "blockage_pct": 68,
        "lon": 76.7700923,
        "lat": 16.3113248,
        "image": "images/0039.jpg"
      }
    },
    {
      "type": "Feature",
      "geometry": {
        "type": "Polygon",
        "coordinates": [
          [
            [
              76.77009273530722,
              16.31176550160171
            ],
            [
              76.77098575331685,
              16.311758014319164
            ],
            [
              76.77098043921276,
              16.31116705841924
            ],
            [
              76.77008742387933,
              16.311174545415852
            ],
            [
              76.77009273530722,
              16.31176550160171
            ]
          ]
        ]
      },
      "properties": {
        "id": 40,
        "area": "NRBC_D10_Survey_1",
        "canal": "D-10pa",
        "type": "distributary",
        "chainage_m": 2150.0,
        "status": "blocked",
        "blockage_pct": 55,
        "lon": 76.7705366,
        "lat": 16.3114663,
        "image": "images/0040.jpg"
      }
    },
    {
      "type": "Feature",
      "geometry": {
        "type": "Polygon",
        "coordinates": [
          [
            [
              76.77053701606025,
              16.311906967805072
            ],
            [
              76.77143003449585,
              16.311899478581253
            ],
            [
              76.77142471901038,
              16.311308522831734
            ],
            [
              76.77053170325102,
              16.311316011769556
            ],
            [
              76.77053701606025,
              16.311906967805072
            ]
          ]
        ]
      },
      "properties": {
        "id": 41,
        "area": "NRBC_D10_Survey_1",
        "canal": "D-10pa",
        "type": "distributary",
        "chainage_m": 2200.0,
        "status": "partial",
        "blockage_pct": 52,
        "lon": 76.7709809,
        "lat": 16.3116077,
        "image": "images/0041.jpg"
      }
    },
    {
      "type": "Feature",
      "geometry": {
        "type": "Polygon",
        "coordinates": [
          [
            [
              76.77098173255146,
              16.312096826244844
            ],
            [
              76.77185130185651,
              16.312089531815566
            ],
            [
              76.77184554965899,
              16.311450182995497
            ],
            [
              76.77097598317336,
              16.3114574771234
            ],
            [
              76.77098173255146,
              16.312096826244844
            ]
          ]
        ]
      },
      "properties": {
        "id": 42,
        "area": "NRBC_D10_Survey_1",
        "canal": "D-10pa",
        "type": "distributary",
        "chainage_m": 2250.0,
        "status": "partial",
        "blockage_pct": 49,
        "lon": 76.7714136,
        "lat": 16.3117735,
        "image": "images/0042.jpg"
      }
    },
    {
      "type": "Feature",
      "geometry": {
        "type": "Polygon",
        "coordinates": [
          [
            [
              76.77140176219372,
              16.312327841957757
            ],
            [
              76.77225334343402,
              16.312320696673762
            ],
            [
              76.77224725206409,
              16.311643812252143
            ],
            [
              76.77139567374701,
              16.311650957223605
            ],
            [
              76.77140176219372,
              16.312327841957757
            ]
          ]
        ]
      },
      "properties": {
        "id": 43,
        "area": "NRBC_D10_Survey_1",
        "canal": "D-10pa",
        "type": "distributary",
        "chainage_m": 2300.0,
        "status": "partial",
        "blockage_pct": 52,
        "lon": 76.7718245,
        "lat": 16.3119858,
        "image": "images/0043.jpg"
      }
    },
    {
      "type": "Feature",
      "geometry": {
        "type": "Polygon",
        "coordinates": [
          [
            [
              76.77180380385002,
              16.312559007671414
            ],
            [
              76.77265538590369,
              16.312551860668226
            ],
            [
              76.77264929306119,
              16.31187497640921
            ],
            [
              76.77179771393078,
              16.31188212309979
            ],
            [
              76.77180380385002,
              16.312559007671414
            ]
          ]
        ]
      },
      "properties": {
        "id": 44,
        "area": "NRBC_D10_Survey_1",
        "canal": "D-10pa",
        "type": "distributary",
        "chainage_m": 2350.0,
        "status": "partial",
        "blockage_pct": 49,
        "lon": 76.7722265,
        "lat": 16.312217,
        "image": "images/0044.jpg"
      }
    },
    {
      "type": "Feature",
      "geometry": {
        "type": "Polygon",
        "coordinates": [
          [
            [
              76.77220584919024,
              16.312790482734183
            ],
            [
              76.77305711082789,
              16.312783336708886
            ],
            [
              76.77305101372082,
              16.31210614239971
            ],
            [
              76.77219975500672,
              16.312113288112304
            ],
            [
              76.77220584919024,
              16.312790482734183
            ]
          ]
        ]
      },
      "properties": {
        "id": 45,
        "area": "NRBC_D10_Survey_1",
        "canal": "D-10pa",
        "type": "distributary",
        "chainage_m": 2400.0,
        "status": "blocked",
        "blockage_pct": 67,
        "lon": 76.7726284,
        "lat": 16.3124483,
        "image": "images/0045.jpg"
      }
    },
    {
      "type": "Feature",
      "geometry": {
        "type": "Polygon",
        "coordinates": [
          [
            [
              76.77260758257002,
              16.313022890267938
            ],
            [
              76.77345852379516,
              16.313015745222632
            ],
            [
              76.77345241683565,
              16.31233762043816
            ],
            [
              76.77260147853701,
              16.31234476517038
            ],
            [
              76.77260758257002,
              16.313022890267938
            ]
          ]
        ]
      },
      "properties": {
        "id": 46,
        "area": "NRBC_D10_Survey_1",
        "canal": "D-10pa",
        "type": "distributary",
        "chainage_m": 2450.0,
        "status": "partial",
        "blockage_pct": 65,
        "lon": 76.77303,
        "lat": 16.3126803,
        "image": "images/0046.jpg"
      }
    },
    {
      "type": "Feature",
      "geometry": {
        "type": "Polygon",
        "coordinates": [
          [
            [
              76.7730089956153,
              16.313255299635877
            ],
            [
              76.77385961642744,
              16.313248155573103
            ],
            [
              76.77385350799533,
              16.312570030951367
            ],
            [
              76.77300289010861,
              16.312577174701094
            ],
            [
              76.7730089956153,
              16.313255299635877
            ]
          ]
        ]
      },
      "properties": {
        "id": 47,
        "area": "NRBC_D10_Survey_1",
        "canal": "D-10pa",
        "type": "distributary",
        "chainage_m": 2500.0,
        "status": "partial",
        "blockage_pct": 54,
        "lon": 76.7734313,
        "lat": 16.3129127,
        "image": "images/0047.jpg"
      }
    },
    {
      "type": "Feature",
      "geometry": {
        "type": "Polygon",
        "coordinates": [
          [
            [
              76.77341008553141,
              16.31348740062731
            ],
            [
              76.77426102839205,
              16.313480252151354
            ],
            [
              76.77425492128124,
              16.312802437904956
            ],
            [
              76.77340398134585,
              16.31280958606783
            ],
            [
              76.77341008553141,
              16.31348740062731
            ]
          ]
        ]
      },
      "properties": {
        "id": 48,
        "area": "NRBC_D10_Survey_1",
        "canal": "D-10pa",
        "type": "distributary",
        "chainage_m": 2550.0,
        "status": "partial",
        "blockage_pct": 50,
        "lon": 76.7738325,
        "lat": 16.3131449,
        "image": "images/0048.jpg"
      }
    },
    {
      "type": "Feature",
      "geometry": {
        "type": "Polygon",
        "coordinates": [
          [
            [
              76.77381117913633,
              16.313719810970873
            ],
            [
              76.77466212281543,
              16.313712660780098
            ],
            [
              76.77465601423259,
              16.313034846696418
            ],
            [
              76.77380507347881,
              16.313041996574043
            ],
            [
              76.77381117913633,
              16.313719810970873
            ]
          ]
        ]
      },
      "properties": {
        "id": 49,
        "area": "NRBC_D10_Survey_1",
        "canal": "D-10pa",
        "type": "distributary",
        "chainage_m": 2600.0,
        "status": "partial",
        "blockage_pct": 44,
        "lon": 76.7742336,
        "lat": 16.3133773,
        "image": "images/0049.jpg"
      }
    },
    {
      "type": "Feature",
      "geometry": {
        "type": "Polygon",
        "coordinates": [
          [
            [
              76.77421264238603,
              16.313957491366352
            ],
            [
              76.77506005335107,
              16.313950369162434
            ],
            [
              76.77505389576798,
              16.31326728163105
            ],
            [
              76.77420648773881,
              16.31327440352062
            ],
            [
              76.77421264238603,
              16.313957491366352
            ]
          ]
        ]
      },
      "properties": {
        "id": 50,
        "area": "NRBC_D10_Survey_1",
        "canal": "D-10pa",
        "type": "distributary",
        "chainage_m": 2650.0,
        "status": "partial",
        "blockage_pct": 50,
        "lon": 76.7746333,
        "lat": 16.3136124,
        "image": "images/0050.jpg"
      }
    },
    {
      "type": "Feature",
      "geometry": {
        "type": "Polygon",
        "coordinates": [
          [
            [
              76.7746100423597,
              16.31420761449062
            ],
            [
              76.77544974463481,
              16.3142005554134
            ],
            [
              76.77544347651954,
              16.313505369764897
            ],
            [
              76.77460377720519,
              16.313512428525037
            ],
            [
              76.7746100423597,
              16.31420761449062
            ]
          ]
        ]
      },
      "properties": {
        "id": 51,
        "area": "NRBC_D10_Survey_1",
        "canal": "D-10pa",
        "type": "distributary",
        "chainage_m": 2700.0,
        "status": "partial",
        "blockage_pct": 48,
        "lon": 76.7750268,
        "lat": 16.3138565,
        "image": "images/0051.jpg"
      }
    },
    {
      "type": "Feature",
      "geometry": {
        "type": "Polygon",
        "coordinates": [
          [
            [
              76.77499973370323,
              16.314457801573003
            ],
            [
              76.77583911563393,
              16.3144507435431
            ],
            [
              76.77583284884055,
              16.31375586827051
            ],
            [
              76.77499346986818,
              16.31376292598352
            ],
            [
              76.77499973370323,
              16.314457801573003
            ]
          ]
        ]
      },
      "properties": {
        "id": 52,
        "area": "NRBC_D10_Survey_1",
        "canal": "D-10pa",
        "type": "distributary",
        "chainage_m": 2750.0,
        "status": "partial",
        "blockage_pct": 60,
        "lon": 76.7754163,
        "lat": 16.3141068,
        "image": "images/0052.jpg"
      }
    },
    {
      "type": "Feature",
      "geometry": {
        "type": "Polygon",
        "coordinates": [
          [
            [
              76.77538952991871,
              16.314755142792784
            ],
            [
              76.77617912176441,
              16.31474850195489
            ],
            [
              76.77617242832554,
              16.31400647458812
            ],
            [
              76.77538283945157,
              16.314013115107628
            ],
            [
              76.77538952991871,
              16.314755142792784
            ]
          ]
        ]
      },
      "properties": {
        "id": 53,
        "area": "NRBC_D10_Survey_1",
        "canal": "D-10pa",
        "type": "distributary",
        "chainage_m": 2800.0,
        "status": "partial",
        "blockage_pct": 51,
        "lon": 76.775781,
        "lat": 16.3143808,
        "image": "images/0053.jpg"
      }
    },
    {
      "type": "Feature",
      "geometry": {
        "type": "Polygon",
        "coordinates": [
          [
            [
              76.77572480243951,
              16.315133603027622
            ],
            [
              76.77643312346842,
              16.315127644603443
            ],
            [
              76.776425746038,
              16.314309925621146
            ],
            [
              76.77571742794693,
              16.31431588373053
            ],
            [
              76.77572480243951,
              16.315133603027622
            ]
          ]
        ]
      },
      "properties": {
        "id": 54,
        "area": "NRBC_D10_Survey_1",
        "canal": "D-10pa",
        "type": "distributary",
        "chainage_m": 2850.0,
        "status": "partial",
        "blockage_pct": 50,
        "lon": 76.7760753,
        "lat": 16.3147218,
        "image": "images/0054.jpg"
      }
    },
    {
      "type": "Feature",
      "geometry": {
        "type": "Polygon",
        "coordinates": [
          [
            [
              76.77597912513632,
              16.315512743545096
            ],
            [
              76.77668744743069,
              16.315506784133476
            ],
            [
              76.7766800687634,
              16.314689065293695
            ],
            [
              76.77597174940695,
              16.314695024390478
            ],
            [
              76.77597912513632,
              16.315512743545096
            ]
          ]
        ]
      },
      "properties": {
        "id": 55,
        "area": "NRBC_D10_Survey_1",
        "canal": "D-10pa",
        "type": "distributary",
        "chainage_m": 2900.0,
        "status": "partial",
        "blockage_pct": 54,
        "lon": 76.7763296,
        "lat": 16.3151009,
        "image": "images/0055.jpg"
      }
    },
    {
      "type": "Feature",
      "geometry": {
        "type": "Polygon",
        "coordinates": [
          [
            [
              76.77623313042139,
              16.31589219656104
            ],
            [
              76.77694177521762,
              16.315886233459214
            ],
            [
              76.77693439531323,
              16.315068514762004
            ],
            [
              76.77622575345634,
              16.315074477548798
            ],
            [
              76.77623313042139,
              16.31589219656104
            ]
          ]
        ]
      },
      "properties": {
        "id": 56,
        "area": "NRBC_D10_Survey_1",
        "canal": "D-10pa",
        "type": "distributary",
        "chainage_m": 2950.0,
        "status": "blocked",
        "blockage_pct": 56,
        "lon": 76.7765838,
        "lat": 16.3154804,
        "image": "images/0056.jpg"
      }
    },
    {
      "type": "Feature",
      "geometry": {
        "type": "Polygon",
        "coordinates": [
          [
            [
              76.77648743837337,
              16.31626947497452
            ],
            [
              76.77719929678577,
              16.316263483844256
            ],
            [
              76.77719193243236,
              16.315447626562325
            ],
            [
              76.77648007696597,
              16.3154536173768
            ],
            [
              76.77648743837337,
              16.31626947497452
            ]
          ]
        ]
      },
      "properties": {
        "id": 57,
        "area": "NRBC_D10_Survey_1",
        "canal": "D-10pa",
        "type": "distributary",
        "chainage_m": 3000.0,
        "status": "clear",
        "blockage_pct": 30,
        "lon": 76.7768397,
        "lat": 16.3158586,
        "image": "images/0057.jpg"
      }
    },
    {
      "type": "Feature",
      "geometry": {
        "type": "Polygon",
        "coordinates": [
          [
            [
              76.77674524455051,
              16.31664269047874
            ],
            [
              76.77746288646433,
              16.316636649663987
            ],
            [
              76.77745555444763,
              16.315824515070172
            ],
            [
              76.77673791549027,
              16.315830555567977
            ],
            [
              76.77674524455051,
              16.31664269047874
            ]
          ]
        ]
      },
      "properties": {
        "id": 58,
        "area": "NRBC_D10_Survey_1",
        "canal": "D-10pa",
        "type": "distributary",
        "chainage_m": 3050.0,
        "status": "clear",
        "blockage_pct": 31,
        "lon": 76.7771004,
        "lat": 16.3162336,
        "image": "images/0058.jpg"
      }
    },
    {
      "type": "Feature",
      "geometry": {
        "type": "Polygon",
        "coordinates": [
          [
            [
              76.7770091552491,
              16.317015854183893
            ],
            [
              76.77772679841961,
              16.31700981233812
            ],
            [
              76.77771946513755,
              16.316197677889697
            ],
            [
              76.7770018249236,
              16.316203719418482
            ],
            [
              76.7770091552491,
              16.317015854183893
            ]
          ]
        ]
      },
      "properties": {
        "id": 59,
        "area": "NRBC_D10_Survey_1",
        "canal": "D-10pa",
        "type": "distributary",
        "chainage_m": 3100.0,
        "status": "partial",
        "blockage_pct": 48,
        "lon": 76.7773643,
        "lat": 16.3166068,
        "image": "images/0059.jpg"
      }
    },
    {
      "type": "Feature",
      "geometry": {
        "type": "Polygon",
        "coordinates": [
          [
            [
              76.77727274575123,
              16.317389020151985
            ],
            [
              76.77799039017856,
              16.317382977276242
            ],
            [
              76.77798305563243,
              16.316570842973096
            ],
            [
              76.77726541416172,
              16.316576885531802
            ],
            [
              76.77727274575123,
              16.317389020151985
            ]
          ]
        ]
      },
      "properties": {
        "id": 60,
        "area": "NRBC_D10_Survey_1",
        "canal": "D-10pa",
        "type": "distributary",
        "chainage_m": 3150.0,
        "status": "clear",
        "blockage_pct": 46,
        "lon": 76.7776279,
        "lat": 16.3169799,
        "image": "images/0060.jpg"
      }
    },
    {
      "type": "Feature",
      "geometry": {
        "type": "Polygon",
        "coordinates": [
          [
            [
              76.77753665853135,
              16.317762182974636
            ],
            [
              76.77825430421538,
              16.317756139067782
            ],
            [
              76.7782469684038,
              16.316944004910077
            ],
            [
              76.77752932567648,
              16.31695004849984
            ],
            [
              76.77753665853135,
              16.317762182974636
            ]
          ]
        ]
      },
      "properties": {
        "id": 61,
        "area": "NRBC_D10_Survey_1",
        "canal": "D-10pa",
        "type": "distributary",
        "chainage_m": 3200.0,
        "status": "clear",
        "blockage_pct": 56,
        "lon": 76.7778918,
        "lat": 16.3173531,
        "image": "images/0061.jpg"
      }
    },
    {
      "type": "Feature",
      "geometry": {
        "type": "Polygon",
        "coordinates": [
          [
            [
              76.77780025111394,
              16.3181353480611
            ],
            [
              76.77851789805484,
              16.31812930312419
            ],
            [
              76.77851056097907,
              16.317317169111792
            ],
            [
              76.77779291699495,
              16.317323213731573
            ],
            [
              76.77780025111394,
              16.3181353480611
            ]
          ]
        ]
      },
      "properties": {
        "id": 62,
        "area": "NRBC_D10_Survey_1",
        "canal": "D-10pa",
        "type": "distributary",
        "chainage_m": 3250.0,
        "status": "clear",
        "blockage_pct": 59,
        "lon": 76.7781554,
        "lat": 16.3177263,
        "image": "images/0062.jpg"
      }
    },
    {
      "type": "Feature",
      "geometry": {
        "type": "Polygon",
        "coordinates": [
          [
            [
              76.77806384473655,
              16.318508512706956
            ],
            [
              76.77878149293431,
              16.318502466739936
            ],
            [
              76.7787741545943,
              16.31769033287287
            ],
            [
              76.77805650935338,
              16.3176963785227
            ],
            [
              76.77806384473655,
              16.318508512706956
            ]
          ]
        ]
      },
      "properties": {
        "id": 63,
        "area": "NRBC_D10_Survey_1",
        "canal": "D-10pa",
        "type": "distributary",
        "chainage_m": 3300.0,
        "status": "partial",
        "blockage_pct": 77,
        "lon": 76.778419,
        "lat": 16.3180994,
        "image": "images/0063.jpg"
      }
    },
    {
      "type": "Feature",
      "geometry": {
        "type": "Polygon",
        "coordinates": [
          [
            [
              76.77832776063893,
              16.318881674205894
            ],
            [
              76.77904541009346,
              16.31887562720765
            ],
            [
              76.77903807048783,
              16.318063493486072
            ],
            [
              76.77832042399022,
              16.318069540167095
            ],
            [
              76.77832776063893,
              16.318881674205894
            ]
          ]
        ]
      },
      "properties": {
        "id": 64,
        "area": "NRBC_D10_Survey_1",
        "canal": "D-10pa",
        "type": "distributary",
        "chainage_m": 3350.0,
        "status": "blocked",
        "blockage_pct": 70,
        "lon": 76.7786829,
        "lat": 16.3184726,
        "image": "images/0064.jpg"
      }
    },
    {
      "type": "Feature",
      "geometry": {
        "type": "Polygon",
        "coordinates": [
          [
            [
              76.77859135634219,
              16.319254837969975
            ],
            [
              76.77930900705363,
              16.319248789941536
            ],
            [
              76.77930166898756,
              16.318436966576787
            ],
            [
              76.77858402123199,
              16.318443014288075
            ],
            [
              76.77859135634219,
              16.319254837969975
            ]
          ]
        ]
      },
      "properties": {
        "id": 65,
        "area": "NRBC_D10_Survey_1",
        "canal": "D-10pa",
        "type": "distributary",
        "chainage_m": 3400.0,
        "status": "blocked",
        "blockage_pct": 85,
        "lon": 76.7789465,
        "lat": 16.3188459,
        "image": "images/0065.jpg"
      }
    },
    {
      "type": "Feature",
      "geometry": {
        "type": "Polygon",
        "coordinates": [
          [
            [
              76.77885527432643,
              16.319627998586185
            ],
            [
              76.77957292629468,
              16.319621949526425
            ],
            [
              76.77956558696334,
              16.31881012630715
            ],
            [
              76.77884793795106,
              16.318816175049704
            ],
            [
              76.77885527432643,
              16.319627998586185
            ]
          ]
        ]
      },
      "properties": {
        "id": 66,
        "area": "NRBC_D10_Survey_1",
        "canal": "D-10pa",
        "type": "distributary",
        "chainage_m": 3450.0,
        "status": "blocked",
        "blockage_pct": 87,
        "lon": 76.7792104,
        "lat": 16.3192191,
        "image": "images/0066.jpg"
      }
    },
    {
      "type": "Feature",
      "geometry": {
        "type": "Polygon",
        "coordinates": [
          [
            [
              76.7791188721105,
              16.320001161468404
            ],
            [
              76.77983652533568,
              16.31999511137837
            ],
            [
              76.77982918474038,
              16.319183288304433
            ],
            [
              76.7791115344712,
              16.31918933807722
            ],
            [
              76.7791188721105,
              16.320001161468404
            ]
          ]
        ]
      },
      "properties": {
        "id": 67,
        "area": "NRBC_D10_Survey_1",
        "canal": "D-10pa",
        "type": "distributary",
        "chainage_m": 3500.0,
        "status": "blocked",
        "blockage_pct": 83,
        "lon": 76.779474,
        "lat": 16.3195922,
        "image": "images/0067.jpg"
      }
    },
    {
      "type": "Feature",
      "geometry": {
        "type": "Polygon",
        "coordinates": [
          [
            [
              76.7793832773387,
              16.32042798777245
            ],
            [
              76.77997372019745,
              16.32042300943639
            ],
            [
              76.77996589353803,
              16.319557519898297
            ],
            [
              76.77937545327215,
              16.319562497956053
            ],
            [
              76.7793832773387,
              16.32042798777245
            ]
          ]
        ]
      },
      "properties": {
        "id": 68,
        "area": "NRBC_D10_Survey_1",
        "canal": "D-10pa",
        "type": "distributary",
        "chainage_m": 3550.0,
        "status": "clear",
        "blockage_pct": 97,
        "lon": 76.7796746,
        "lat": 16.3199928,
        "image": "images/0068.jpg"
      }
    },
    {
      "type": "Feature",
      "geometry": {
        "type": "Polygon",
        "coordinates": [
          [
            [
              76.77951414215183,
              16.32086648753
            ],
            [
              76.78008595420845,
              16.320861665835483
            ],
            [
              76.78007805389252,
              16.319988110892837
            ],
            [
              76.77950624437044,
              16.319992932315305
            ],
            [
              76.77951414215183,
              16.32086648753
            ]
          ]
        ]
      },
      "properties": {
        "id": 69,
        "area": "NRBC_D10_Survey_1",
        "canal": "D-10pa",
        "type": "distributary",
        "chainage_m": 3600.0,
        "status": "blocked",
        "blockage_pct": 95,
        "lon": 76.7797961,
        "lat": 16.3204273,
        "image": "images/0069.jpg"
      }
    },
    {
      "type": "Feature",
      "geometry": {
        "type": "Polygon",
        "coordinates": [
          [
            [
              76.77962669676523,
              16.321305141523787
            ],
            [
              76.78019851006076,
              16.321300319398564
            ],
            [
              76.78019060902128,
              16.32042676454578
            ],
            [
              76.77961879826036,
              16.320431586398936
            ],
            [
              76.77962669676523,
              16.321305141523787
            ]
          ]
        ]
      },
      "properties": {
        "id": 70,
        "area": "NRBC_D10_Survey_1",
        "canal": "D-10pa",
        "type": "distributary",
        "chainage_m": 3650.0,
        "status": "blocked",
        "blockage_pct": 99,
        "lon": 76.7799087,
        "lat": 16.320866,
        "image": "images/0070.jpg"
      }
    },
    {
      "type": "Feature",
      "geometry": {
        "type": "Polygon",
        "coordinates": [
          [
            [
              76.77973893073381,
              16.321743798099448
            ],
            [
              76.78031074526837,
              16.321738975544363
            ],
            [
              76.78030284070077,
              16.32086511057007
            ],
            [
              76.77973102870179,
              16.32086993285297
            ],
            [
              76.77973893073381,
              16.321743798099448
            ]
          ]
        ]
      },
      "properties": {
        "id": 71,
        "area": "NRBC_D10_Survey_1",
        "canal": "D-10pa",
        "type": "distributary",
        "chainage_m": 3700.0,
        "status": "blocked",
        "blockage_pct": 99,
        "lon": 76.7800209,
        "lat": 16.3213045,
        "image": "images/0071.jpg"
      }
    },
    {
      "type": "Feature",
      "geometry": {
        "type": "Polygon",
        "coordinates": [
          [
            [
              76.77985148373973,
              16.322182141628222
            ],
            [
              76.78042329951236,
              16.322177318642503
            ],
            [
              76.78041539702726,
              16.321303763969265
            ],
            [
              76.77984358378939,
              16.321308586682882
            ],
            [
              76.77985148373973,
              16.322182141628222
            ]
          ]
        ]
      },
      "properties": {
        "id": 72,
        "area": "NRBC_D10_Survey_1",
        "canal": "D-10pa",
        "type": "distributary",
        "chainage_m": 3750.0,
        "status": "blocked",
        "blockage_pct": 99,
        "lon": 76.7801334,
        "lat": 16.321743,
        "image": "images/0072.jpg"
      }
    },
    {
      "type": "Feature",
      "geometry": {
        "type": "Polygon",
        "coordinates": [
          [
            [
              76.7799637189047,
              16.32262079795063
            ],
            [
              76.78053553591644,
              16.322615974535026
            ],
            [
              76.78052763270908,
              16.321742419951512
            ],
            [
              76.77995581823218,
              16.321747243095
            ],
            [
              76.7799637189047,
              16.32262079795063
            ]
          ]
        ]
      },
      "properties": {
        "id": 73,
        "area": "NRBC_D10_Survey_1",
        "canal": "D-10pa",
        "type": "distributary",
        "chainage_m": 3800.0,
        "status": "blocked",
        "blockage_pct": 99,
        "lon": 76.7802457,
        "lat": 16.3221816,
        "image": "images/0073.jpg"
      }
    },
    {
      "type": "Feature",
      "geometry": {
        "type": "Polygon",
        "coordinates": [
          [
            [
              76.78007627591391,
              16.32305945143693
            ],
            [
              76.7806480941647,
              16.323054627590555
            ],
            [
              76.78064019023365,
              16.322181073096917
            ],
            [
              76.78006837451778,
              16.32218589667115
            ],
            [
              76.78007627591391,
              16.32305945143693
            ]
          ]
        ]
      },
      "properties": {
        "id": 74,
        "area": "NRBC_D10_Survey_1",
        "canal": "D-10pa",
        "type": "distributary",
        "chainage_m": 3850.0,
        "status": "blocked",
        "blockage_pct": 99,
        "lon": 76.7803582,
        "lat": 16.3226203,
        "image": "images/0074.jpg"
      }
    },
    {
      "type": "Feature",
      "geometry": {
        "type": "Polygon",
        "coordinates": [
          [
            [
              76.7801885122756,
              16.323498107506044
            ],
            [
              76.78076033176556,
              16.323493283229745
            ],
            [
              76.78075242430526,
              16.32261941861474
            ],
            [
              76.78018060735117,
              16.322624242618787
            ],
            [
              76.7801885122756,
              16.323498107506044
            ]
          ]
        ]
      },
      "properties": {
        "id": 75,
        "area": "NRBC_D10_Survey_1",
        "canal": "D-10pa",
        "type": "distributary",
        "chainage_m": 3900.0,
        "status": "blocked",
        "blockage_pct": 95,
        "lon": 76.7804705,
        "lat": 16.3230588,
        "image": "images/0075.jpg"
      }
    },
    {
      "type": "Feature",
      "geometry": {
        "type": "Polygon",
        "coordinates": [
          [
            [
              76.78030106767648,
              16.323936450527416
            ],
            [
              76.78087288840467,
              16.3239316258204
            ],
            [
              76.78086498302774,
              16.323058071506356
            ],
            [
              76.78029316483462,
              16.323062895941195
            ],
            [
              76.78030106767648,
              16.323936450527416
            ]
          ]
        ]
      },
      "properties": {
        "id": 76,
        "area": "NRBC_D10_Survey_1",
        "canal": "D-10pa",
        "type": "distributary",
        "chainage_m": 3950.0,
        "status": "blocked",
        "blockage_pct": 97,
        "lon": 76.780583,
        "lat": 16.3234973,
        "image": "images/0076.jpg"
      }
    },
    {
      "type": "Feature",
      "geometry": {
        "type": "Polygon",
        "coordinates": [
          [
            [
              76.7804136264831,
              16.32437510363292
            ],
            [
              76.78098544845044,
              16.32437027849508
            ],
            [
              76.7809775423497,
              16.323496724270928
            ],
            [
              76.78040572291751,
              16.32350154913658
            ],
            [
              76.7804136264831,
              16.32437510363292
            ]
          ]
        ]
      },
      "properties": {
        "id": 77,
        "area": "NRBC_D10_Survey_1",
        "canal": "D-10pa",
        "type": "distributary",
        "chainage_m": 4000.0,
        "status": "partial",
        "blockage_pct": 42,
        "lon": 76.7806956,
        "lat": 16.3239359,
        "image": "images/0077.jpg"
      }
    },
    {
      "type": "Feature",
      "geometry": {
        "type": "Polygon",
        "coordinates": [
          [
            [
              76.78052586464013,
              16.324813759321955
            ],
            [
              76.78109768784678,
              16.32480893375414
            ],
            [
              76.78108978102365,
              16.32393537961973
            ],
            [
              76.78051796035223,
              16.32394020491533
            ],
            [
              76.78052586464013,
              16.324813759321955
            ]
          ]
        ]
      },
      "properties": {
        "id": 78,
        "area": "NRBC_D10_Survey_1",
        "canal": "D-10pa",
        "type": "distributary",
        "chainage_m": 4050.0,
        "status": "blocked",
        "blockage_pct": 73,
        "lon": 76.7808078,
        "lat": 16.3243746,
        "image": "images/0078.jpg"
      }
    },
    {
      "type": "Feature",
      "geometry": {
        "type": "Polygon",
        "coordinates": [
          [
            [
              76.78063620218819,
              16.324900314508827
            ],
            [
              76.7815469433367,
              16.324892627597137
            ],
            [
              76.7815422108823,
              16.324369922228474
            ],
            [
              76.78063147214995,
              16.324377608880702
            ],
            [
              76.78063620218819,
              16.324900314508827
            ]
          ]
        ]
      },
      "properties": {
        "id": 79,
        "area": "NRBC_D10_Survey_1",
        "canal": "D-10pa",
        "type": "distributary",
        "chainage_m": 4100.0,
        "status": "blocked",
        "blockage_pct": 58,
        "lon": 76.7810892,
        "lat": 16.3246351,
        "image": "images/0079.jpg"
      }
    },
    {
      "type": "Feature",
      "geometry": {
        "type": "Polygon",
        "coordinates": [
          [
            [
              76.78109818702657,
              16.324970561803497
            ],
            [
              76.78200924951945,
              16.324962870153602
            ],
            [
              76.78200451581586,
              16.324440164920368
            ],
            [
              76.78109345574,
              16.324447856310634
            ],
            [
              76.78109818702657,
              16.324970561803497
            ]
          ]
        ]
      },
      "properties": {
        "id": 80,
        "area": "NRBC_D10_Survey_1",
        "canal": "D-10pa",
        "type": "distributary",
        "chainage_m": 4150.0,
        "status": "blocked",
        "blockage_pct": 60,
        "lon": 76.7815514,
        "lat": 16.3247054,
        "image": "images/0080.jpg"
      }
    },
    {
      "type": "Feature",
      "geometry": {
        "type": "Polygon",
        "coordinates": [
          [
            [
              76.78156049333954,
              16.325040805340908
            ],
            [
              76.78247123467851,
              16.32503311437711
            ],
            [
              76.7824664997266,
              16.324510409279227
            ],
            [
              76.78155576080381,
              16.324518099983436
            ],
            [
              76.78156049333954,
              16.325040805340908
            ]
          ]
        ]
      },
      "properties": {
        "id": 81,
        "area": "NRBC_D10_Survey_1",
        "canal": "D-10pa",
        "type": "distributary",
        "chainage_m": 4200.0,
        "status": "blocked",
        "blockage_pct": 60,
        "lon": 76.7820135,
        "lat": 16.3247756,
        "image": "images/0081.jpg"
      }
    },
    {
      "type": "Feature",
      "geometry": {
        "type": "Polygon",
        "coordinates": [
          [
            [
              76.78202279987794,
              16.3251110478318
            ],
            [
              76.78293354131193,
              16.325103354841218
            ],
            [
              76.78292880230008,
              16.324580339668163
            ],
            [
              76.78201806328369,
              16.324588032398925
            ],
            [
              76.78202279987794,
              16.3251110478318
            ]
          ]
        ]
      },
      "properties": {
        "id": 82,
        "area": "NRBC_D10_Survey_1",
        "canal": "D-10pa",
        "type": "distributary",
        "chainage_m": 4250.0,
        "status": "clear",
        "blockage_pct": 27,
        "lon": 76.7824758,
        "lat": 16.3248457,
        "image": "images/0082.jpg"
      }
    },
    {
      "type": "Feature",
      "geometry": {
        "type": "Polygon",
        "coordinates": [
          [
            [
              76.78248484721594,
              16.325188116625714
            ],
            [
              76.78339462502922,
              16.325180429751292
            ],
            [
              76.78338982291577,
              16.324650590080896
            ],
            [
              76.78248004754907,
              16.324658276692322
            ],
            [
              76.78248484721594,
              16.325188116625714
            ]
          ]
        ]
      },
      "properties": {
        "id": 83,
        "area": "NRBC_D10_Survey_1",
        "canal": "D-10pa",
        "type": "distributary",
        "chainage_m": 4300.0,
        "status": "partial",
        "blockage_pct": 44,
        "lon": 76.7829373,
        "lat": 16.3249194,
        "image": "images/0083.jpg"
      }
    },
    {
      "type": "Feature",
      "geometry": {
        "type": "Polygon",
        "coordinates": [
          [
            [
              76.78294594792918,
              16.325267053777782
            ],
            [
              76.78385508337969,
              16.32525937031131
            ],
            [
              76.78385026875334,
              16.32472828993619
            ],
            [
              76.7829411357534,
              16.324735973139166
            ],
            [
              76.78294594792918,
              16.325267053777782
            ]
          ]
        ]
      },
      "properties": {
        "id": 84,
        "area": "NRBC_D10_Survey_1",
        "canal": "D-10pa",
        "type": "distributary",
        "chainage_m": 4350.0,
        "status": "blocked",
        "blockage_pct": 68,
        "lon": 76.7833981,
        "lat": 16.3249977,
        "image": "images/0084.jpg"
      }
    },
    {
      "type": "Feature",
      "geometry": {
        "type": "Polygon",
        "coordinates": [
          [
            [
              76.78340672484788,
              16.325345682388956
            ],
            [
              76.78431586043259,
              16.32533799690199
            ],
            [
              76.7843110445385,
              16.324806916664617
            ],
            [
              76.78340191140438,
              16.32481460188802
            ],
            [
              76.78340672484788,
              16.325345682388956
            ]
          ]
        ]
      },
      "properties": {
        "id": 85,
        "area": "NRBC_D10_Survey_1",
        "canal": "D-10pa",
        "type": "distributary",
        "chainage_m": 4400.0,
        "status": "blocked",
        "blockage_pct": 88,
        "lon": 76.7838589,
        "lat": 16.3250763,
        "image": "images/0085.jpg"
      }
    },
    {
      "type": "Feature",
      "geometry": {
        "type": "Polygon",
        "coordinates": [
          [
            [
              76.78386750203147,
              16.325424309956354
            ],
            [
              76.78477663775031,
              16.325416622448873
            ],
            [
              76.78477182058849,
              16.32488554234927
            ],
            [
              76.78386268732025,
              16.324893229593126
            ],
            [
              76.78386750203147,
              16.325424309956354
            ]
          ]
        ]
      },
      "properties": {
        "id": 86,
        "area": "NRBC_D10_Survey_1",
        "canal": "D-10pa",
        "type": "distributary",
        "chainage_m": 4450.0,
        "status": "blocked",
        "blockage_pct": 93,
        "lon": 76.7843197,
        "lat": 16.3251549,
        "image": "images/0086.jpg"
      }
    },
    {
      "type": "Feature",
      "geometry": {
        "type": "Polygon",
        "coordinates": [
          [
            [
              76.78432795823042,
              16.32550293919642
            ],
            [
              76.78523741533284,
              16.32549524695194
            ],
            [
              76.7852325997177,
              16.324964477200417
            ],
            [
              76.78432314506534,
              16.324972169181258
            ],
            [
              76.78432795823042,
              16.32550293919642
            ]
          ]
        ]
      },
      "properties": {
        "id": 87,
        "area": "NRBC_D10_Survey_1",
        "canal": "D-10pa",
        "type": "distributary",
        "chainage_m": 4500.0,
        "status": "blocked",
        "blockage_pct": 88,
        "lon": 76.7847803,
        "lat": 16.3252337,
        "image": "images/0087.jpg"
      }
    },
    {
      "type": "Feature",
      "geometry": {
        "type": "Polygon",
        "coordinates": [
          [
            [
              76.78478881191802,
              16.32558994035565
            ],
            [
              76.7856960204474,
              16.325582265115607
            ],
            [
              76.7856911275584,
              16.325043119826624
            ],
            [
              76.78478392151158,
              16.32505079479946
            ],
            [
              76.78478881191802,
              16.32558994035565
            ]
          ]
        ]
      },
      "properties": {
        "id": 88,
        "area": "NRBC_D10_Survey_1",
        "canal": "D-10pa",
        "type": "distributary",
        "chainage_m": 4550.0,
        "status": "blocked",
        "blockage_pct": 77,
        "lon": 76.78524,
        "lat": 16.3253165,
        "image": "images/0088.jpg"
      }
    },
    {
      "type": "Feature",
      "geometry": {
        "type": "Polygon",
        "coordinates": [
          [
            [
              76.78524709872805,
              16.325677272420027
            ],
            [
              76.78614723994444,
              16.32566965499409
            ],
            [
              76.78614235987138,
              16.32513206089324
            ],
            [
              76.78524222111115,
              16.32513967805475
            ],
            [
              76.78524709872805,
              16.325677272420027
            ]
          ]
        ]
      },
      "properties": {
        "id": 89,
        "area": "NRBC_D10_Survey_1",
        "canal": "D-10pa",
        "type": "distributary",
        "chainage_m": 4600.0,
        "status": "blocked",
        "blockage_pct": 94,
        "lon": 76.7856947,
        "lat": 16.3254047,
        "image": "images/0089.jpg"
      }
    },
    {
      "type": "Feature",
      "geometry": {
        "type": "Polygon",
        "coordinates": [
          [
            [
              76.78569749658038,
              16.325638715210612
            ],
            [
              76.78660084989168,
              16.32563106868212
            ],
            [
              76.78659578551145,
              16.325073311060773
            ],
            [
              76.78569243475752,
              16.32508095731387
            ],
            [
              76.78569749658038,
              16.325638715210612
            ]
          ]
        ]
      },
      "properties": {
        "id": 90,
        "area": "NRBC_D10_Survey_1",
        "canal": "D-10pa",
        "type": "distributary",
        "chainage_m": 4650.0,
        "status": "blocked",
        "blockage_pct": 83,
        "lon": 76.7861466,
        "lat": 16.325356,
        "image": "images/0090.jpg"
      }
    },
    {
      "type": "Feature",
      "geometry": {
        "type": "Polygon",
        "coordinates": [
          [
            [
              76.78615009829309,
              16.325524441320805
            ],
            [
              76.78672674054309,
              16.325519559511267
            ],
            [
              76.7867223969448,
              16.32504121568563
            ],
            [
              76.78614575609483,
              16.325046097344373
            ],
            [
              76.78615009829309,
              16.325524441320805
            ]
          ]
        ]
      },
      "properties": {
        "id": 91,
        "area": "NRBC_D10_Survey_1",
        "canal": "D-10pa",
        "type": "distributary",
        "chainage_m": 4700.0,
        "status": "blocked",
        "blockage_pct": 76,
        "lon": 76.7864362,
        "lat": 16.3252828,
        "image": "images/0091.jpg"
      }
    },
    {
      "type": "Feature",
      "geometry": {
        "type": "Polygon",
        "coordinates": [
          [
            [
              76.75913768183916,
              16.297918657180233
            ],
            [
              76.75978748735938,
              16.297913247240626
            ],
            [
              76.75977991578088,
              16.297065118446906
            ],
            [
              76.75913011305296,
              16.29707052808978
            ],
            [
              76.75913768183916,
              16.297918657180233
            ]
          ]
        ]
      },
      "properties": {
        "id": 92,
        "area": "NRBC_D10_Survey_1",
        "canal": "NRBC canal",
        "type": "main",
        "chainage_m": 1550.0,
        "status": "partial",
        "blockage_pct": 98,
        "lon": 76.7594588,
        "lat": 16.2974919,
        "image": "images/0092.jpg"
      }
    },
    {
      "type": "Feature",
      "geometry": {
        "type": "Polygon",
        "coordinates": [
          [
            [
              76.75932383111567,
              16.297504180187477
            ],
            [
              76.7601059729328,
              16.297497667698313
            ],
            [
              76.76009926712565,
              16.296746636415378
            ],
            [
              76.75931712828466,
              16.296753148588223
            ],
            [
              76.75932383111567,
              16.297504180187477
            ]
          ]
        ]
      },
      "properties": {
        "id": 93,
        "area": "NRBC_D10_Survey_1",
        "canal": "NRBC canal",
        "type": "main",
        "chainage_m": 1600.0,
        "status": "partial",
        "blockage_pct": 86,
        "lon": 76.7597115,
        "lat": 16.2971254,
        "image": "images/0093.jpg"
      }
    },
    {
      "type": "Feature",
      "geometry": {
        "type": "Polygon",
        "coordinates": [
          [
            [
              76.75964997357408,
              16.29719060600049
            ],
            [
              76.76046969528669,
              16.297183779381076
            ],
            [
              76.76046326248992,
              16.29646345953563
            ],
            [
              76.75964354376883,
              16.29647028583702
            ],
            [
              76.75964997357408,
              16.29719060600049
            ]
          ]
        ]
      },
      "properties": {
        "id": 94,
        "area": "NRBC_D10_Survey_1",
        "canal": "NRBC canal",
        "type": "main",
        "chainage_m": 1650.0,
        "status": "partial",
        "blockage_pct": 97,
        "lon": 76.7600566,
        "lat": 16.296827,
        "image": "images/0094.jpg"
      }
    },
    {
      "type": "Feature",
      "geometry": {
        "type": "Polygon",
        "coordinates": [
          [
            [
              76.7600152690955,
              16.296908970139825
            ],
            [
              76.76085586792865,
              16.296901968268504
            ],
            [
              76.76084967767427,
              16.29620894749328
            ],
            [
              76.7600090817925,
              16.296215949050776
            ],
            [
              76.7600152690955,
              16.296908970139825
            ]
          ]
        ]
      },
      "properties": {
        "id": 95,
        "area": "NRBC_D10_Survey_1",
        "canal": "NRBC canal",
        "type": "main",
        "chainage_m": 1700.0,
        "status": "partial",
        "blockage_pct": 98,
        "lon": 76.7604325,
        "lat": 16.296559,
        "image": "images/0095.jpg"
      }
    },
    {
      "type": "Feature",
      "geometry": {
        "type": "Polygon",
        "coordinates": [
          [
            [
              76.76040136178109,
              16.296654151245086
            ],
            [
              76.76123906849453,
              16.296647172035414
            ],
            [
              76.76123283819574,
              16.295949808374576
            ],
            [
              76.76039513444192,
              16.29595678726947
            ],
            [
              76.76040136178109,
              16.296654151245086
            ]
          ]
        ]
      },
      "properties": {
        "id": 96,
        "area": "NRBC_D10_Survey_1",
        "canal": "NRBC canal",
        "type": "main",
        "chainage_m": 1750.0,
        "status": "partial",
        "blockage_pct": 93,
        "lon": 76.7608171,
        "lat": 16.296302,
        "image": "images/0096.jpg"
      }
    },
    {
      "type": "Feature",
      "geometry": {
        "type": "Polygon",
        "coordinates": [
          [
            [
              76.76078452101113,
              16.29639470259213
            ],
            [
              76.76161772956526,
              16.296387759453697
            ],
            [
              76.76161144259278,
              16.29568419161619
            ],
            [
              76.76077823700852,
              16.295691134438677
            ],
            [
              76.76078452101113,
              16.29639470259213
            ]
          ]
        ]
      },
      "properties": {
        "id": 97,
        "area": "NRBC_D10_Survey_1",
        "canal": "NRBC canal",
        "type": "main",
        "chainage_m": 1800.0,
        "status": "partial",
        "blockage_pct": 99,
        "lon": 76.761198,
        "lat": 16.2960394,
        "image": "images/0097.jpg"
      }
    },
    {
      "type": "Feature",
      "geometry": {
        "type": "Polygon",
        "coordinates": [
          [
            [
              76.7611628056832,
              16.29612908918139
            ],
            [
              76.76199697656139,
              16.296122136628725
            ],
            [
              76.76199069943411,
              16.295419809777844
            ],
            [
              76.76115653152391,
              16.295426762014696
            ],
            [
              76.7611628056832,
              16.29612908918139
            ]
          ]
        ]
      },
      "properties": {
        "id": 98,
        "area": "NRBC_D10_Survey_1",
        "canal": "NRBC canal",
        "type": "main",
        "chainage_m": 1850.0,
        "status": "partial",
        "blockage_pct": 98,
        "lon": 76.7615768,
        "lat": 16.2957744,
        "image": "images/0098.jpg"
      }
    },
    {
      "type": "Feature",
      "geometry": {
        "type": "Polygon",
        "coordinates": [
          [
            [
              76.76154238798185,
              16.2958650155542
            ],
            [
              76.76237752118705,
              16.29585805357839
            ],
            [
              76.76237125667721,
              16.29515727792931
            ],
            [
              76.76153612643681,
              16.295164239589575
            ],
            [
              76.76154238798185,
              16.2958650155542
            ]
          ]
        ]
      },
      "properties": {
        "id": 99,
        "area": "NRBC_D10_Survey_1",
        "canal": "NRBC canal",
        "type": "main",
        "chainage_m": 1900.0,
        "status": "partial",
        "blockage_pct": 82,
        "lon": 76.7619568,
        "lat": 16.2955111,
        "image": "images/0099.jpg"
      }
    },
    {
      "type": "Feature",
      "geometry": {
        "type": "Polygon",
        "coordinates": [
          [
            [
              76.76192294393226,
              16.295602174165875
            ],
            [
              76.76276385753384,
              16.29559516257652
            ],
            [
              76.76275766387218,
              16.294902452644674
            ],
            [
              76.76191675322151,
              16.29490946391988
            ],
            [
              76.76192294393226,
              16.295602174165875
            ]
          ]
        ]
      },
      "properties": {
        "id": 100,
        "area": "NRBC_D10_Survey_1",
        "canal": "NRBC canal",
        "type": "main",
        "chainage_m": 1950.0,
        "status": "partial",
        "blockage_pct": 77,
        "lon": 76.7623403,
        "lat": 16.2952523,
        "image": "images/0100.jpg"
      }
    },
    {
      "type": "Feature",
      "geometry": {
        "type": "Polygon",
        "coordinates": [
          [
            [
              76.76230967935543,
              16.295347967320915
            ],
            [
              76.76315284012556,
              16.295340935543788
            ],
            [
              76.76314667294155,
              16.294651327889685
            ],
            [
              76.76230351511691,
              16.29465835935317
            ],
            [
              76.76230967935543,
              16.295347967320915
            ]
          ]
        ]
      },
      "properties": {
        "id": 101,
        "area": "NRBC_D10_Survey_1",
        "canal": "NRBC canal",
        "type": "main",
        "chainage_m": 2000.0,
        "status": "partial",
        "blockage_pct": 98,
        "lon": 76.7627282,
        "lat": 16.2949996,
        "image": "images/0101.jpg"
      }
    },
    {
      "type": "Feature",
      "geometry": {
        "type": "Polygon",
        "coordinates": [
          [
            [
              76.76269868990234,
              16.295096843258637
            ],
            [
              76.76354345543935,
              16.29508979663564
            ],
            [
              76.76353731196268,
              16.294402981044154
            ],
            [
              76.76269254936479,
              16.29441002735411
            ],
            [
              76.76269868990234,
              16.295096843258637
            ]
          ]
        ]
      },
      "properties": {
        "id": 102,
        "area": "NRBC_D10_Survey_1",
        "canal": "NRBC canal",
        "type": "main",
        "chainage_m": 2050.0,
        "status": "partial",
        "blockage_pct": 100,
        "lon": 76.763118,
        "lat": 16.2947499,
        "image": "images/0102.jpg"
      }
    },
    {
      "type": "Feature",
      "geometry": {
        "type": "Polygon",
        "coordinates": [
          [
            [
              76.7630893303994,
              16.294848497109392
            ],
            [
              76.76391867694663,
              16.294841577694314
            ],
            [
              76.7639123435411,
              16.294133667621928
            ],
            [
              76.7630829999679,
              16.29414058672017
            ],
            [
              76.7630893303994,
              16.294848497109392
            ]
          ]
        ]
      },
      "properties": {
        "id": 103,
        "area": "NRBC_D10_Survey_1",
        "canal": "NRBC canal",
        "type": "main",
        "chainage_m": 2100.0,
        "status": "partial",
        "blockage_pct": 98,
        "lon": 76.7635008,
        "lat": 16.2944911,
        "image": "images/0103.jpg"
      }
    },
    {
      "type": "Feature",
      "geometry": {
        "type": "Polygon",
        "coordinates": [
          [
            [
              76.76346306754799,
              16.294577954209654
            ],
            [
              76.76419669442079,
              16.29457183236265
            ],
            [
              76.76418965232773,
              16.293784817622726
            ],
            [
              76.76345602837962,
              16.2937909391581
            ],
            [
              76.76346306754799,
              16.294577954209654
            ]
          ]
        ]
      },
      "properties": {
        "id": 104,
        "area": "NRBC_D10_Survey_1",
        "canal": "NRBC canal",
        "type": "main",
        "chainage_m": 2150.0,
        "status": "partial",
        "blockage_pct": 42,
        "lon": 76.7638264,
        "lat": 16.2941814,
        "image": "images/0104.jpg"
      }
    },
    {
      "type": "Feature",
      "geometry": {
        "type": "Polygon",
        "coordinates": [
          [
            [
              76.76373390651656,
              16.294223884625634
            ],
            [
              76.76435189925306,
              16.294218727179302
            ],
            [
              76.76434423491054,
              16.293362224382893
            ],
            [
              76.76372624485522,
              16.293367381543487
            ],
            [
              76.76373390651656,
              16.294223884625634
            ]
          ]
        ]
      },
      "properties": {
        "id": 105,
        "area": "NRBC_D10_Survey_1",
        "canal": "NRBC canal",
        "type": "main",
        "chainage_m": 2200.0,
        "status": "clear",
        "blockage_pct": 23,
        "lon": 76.7640391,
        "lat": 16.2937931,
        "image": "images/0105.jpg"
      }
    },
    {
      "type": "Feature",
      "geometry": {
        "type": "Polygon",
        "coordinates": [
          [
            [
              76.76388366123551,
              16.29380009095125
            ],
            [
              76.76442135227418,
              16.29379560348584
            ],
            [
              76.76441347687344,
              16.292915524368837
            ],
            [
              76.76387578823167,
              16.292920011578794
            ],
            [
              76.76388366123551,
              16.29380009095125
            ]
          ]
        ]
      },
      "properties": {
        "id": 106,
        "area": "NRBC_D10_Survey_1",
        "canal": "NRBC canal",
        "type": "main",
        "chainage_m": 2250.0,
        "status": "clear",
        "blockage_pct": 28,
        "lon": 76.7641486,
        "lat": 16.2933578,
        "image": "images/0106.jpg"
      }
    },
    {
      "type": "Feature",
      "geometry": {
        "type": "Polygon",
        "coordinates": [
          [
            [
              76.76395258033182,
              16.293353083453646
            ],
            [
              76.76442635122179,
              16.293349129466893
            ],
            [
              76.76441843161368,
              16.292464086879495
            ],
            [
              76.76394466284752,
              16.29246804063988
            ],
            [
              76.76395258033182,
              16.293353083453646
            ]
          ]
        ]
      },
      "properties": {
        "id": 107,
        "area": "NRBC_D10_Survey_1",
        "canal": "NRBC canal",
        "type": "main",
        "chainage_m": 2300.0,
        "status": "clear",
        "blockage_pct": 9,
        "lon": 76.7641855,
        "lat": 16.2929086,
        "image": "images/0107.jpg"
      }
    },
    {
      "type": "Feature",
      "geometry": {
        "type": "Polygon",
        "coordinates": [
          [
            [
              76.7639546424601,
              16.292901359795508
            ],
            [
              76.76442712746521,
              16.29289741663445
            ],
            [
              76.76441920530964,
              16.29201206379495
            ],
            [
              76.76394672242328,
              16.29201600673017
            ],
            [
              76.7639546424601,
              16.292901359795508
            ]
          ]
        ]
      },
      "properties": {
        "id": 108,
        "area": "NRBC_D10_Survey_1",
        "canal": "NRBC canal",
        "type": "main",
        "chainage_m": 2350.0,
        "status": "partial",
        "blockage_pct": 36,
        "lon": 76.7641869,
        "lat": 16.2924567,
        "image": "images/0108.jpg"
      }
    },
    {
      "type": "Feature",
      "geometry": {
        "type": "Polygon",
        "coordinates": [
          [
            [
              76.76394995950524,
              16.292449692403412
            ],
            [
              76.76442372822596,
              16.292445738635486
            ],
            [
              76.76441580631746,
              16.29156038575662
            ],
            [
              76.76394203972117,
              16.291564339298098
            ],
            [
              76.76394995950524,
              16.292449692403412
            ]
          ]
        ]
      },
      "properties": {
        "id": 109,
        "area": "NRBC_D10_Survey_1",
        "canal": "NRBC canal",
        "type": "main",
        "chainage_m": 2400.0,
        "status": "partial",
        "blockage_pct": 48,
        "lon": 76.7641829,
        "lat": 16.292005,
        "image": "images/0109.jpg"
      }
    },
    {
      "type": "Feature",
      "geometry": {
        "type": "Polygon",
        "coordinates": [
          [
            [
              76.76393917391037,
              16.291998075912232
            ],
            [
              76.7644132627475,
              16.291994119594133
            ],
            [
              76.76440534111774,
              16.291108766672515
            ],
            [
              76.76393125440644,
              16.29111272276402
            ],
            [
              76.76393917391037,
              16.291998075912232
            ]
          ]
        ]
      },
      "properties": {
        "id": 110,
        "area": "NRBC_D10_Survey_1",
        "canal": "NRBC canal",
        "type": "main",
        "chainage_m": 2450.0,
        "status": "partial",
        "blockage_pct": 67,
        "lon": 76.7641723,
        "lat": 16.2915534,
        "image": "images/0110.jpg"
      }
    },
    {
      "type": "Feature",
      "geometry": {
        "type": "Polygon",
        "coordinates": [
          [
            [
              76.76393224284634,
              16.29154642723746
            ],
            [
              76.76440311862352,
              16.291542497848514
            ],
            [
              76.76439519449565,
              16.290656834669512
            ],
            [
              76.76392432083054,
              16.29066076383333
            ],
            [
              76.76393224284634,
              16.29154642723746
            ]
          ]
        ]
      },
      "properties": {
        "id": 111,
        "area": "NRBC_D10_Survey_1",
        "canal": "NRBC canal",
        "type": "main",
        "chainage_m": 2500.0,
        "status": "partial",
        "blockage_pct": 81,
        "lon": 76.7641637,
        "lat": 16.2911016,
        "image": "images/0111.jpg"
      }
    },
    {
      "type": "Feature",
      "geometry": {
        "type": "Polygon",
        "coordinates": [
          [
            [
              76.7639317330877,
              16.291094414727915
            ],
            [
              76.76440453496735,
              16.2910904693622
            ],
            [
              76.76439661384055,
              16.290205116360905
            ],
            [
              76.76392381408083,
              16.290209061500633
            ],
            [
              76.7639317330877,
              16.291094414727915
            ]
          ]
        ]
      },
      "properties": {
        "id": 112,
        "area": "NRBC_D10_Survey_1",
        "canal": "NRBC canal",
        "type": "main",
        "chainage_m": 2550.0,
        "status": "clear",
        "blockage_pct": 34,
        "lon": 76.7641642,
        "lat": 16.2906498,
        "image": "images/0112.jpg"
      }
    },
    {
      "type": "Feature",
      "geometry": {
        "type": "Polygon",
        "coordinates": [
          [
            [
              76.76393315339268,
              16.290642696335553
            ],
            [
              76.76440627538545,
              16.290638748392357
            ],
            [
              76.76439835448267,
              16.28975339535416
            ],
            [
              76.76392523461118,
              16.28975734307121
            ],
            [
              76.76393315339268,
              16.290642696335553
            ]
          ]
        ]
      },
      "properties": {
        "id": 113,
        "area": "NRBC_D10_Survey_1",
        "canal": "NRBC canal",
        "type": "main",
        "chainage_m": 2600.0,
        "status": "partial",
        "blockage_pct": 63,
        "lon": 76.7641658,
        "lat": 16.290198,
        "image": "images/0113.jpg"
      }
    },
    {
      "type": "Feature",
      "geometry": {
        "type": "Polygon",
        "coordinates": [
          [
            [
              76.76393457380013,
              16.290190977925473
            ],
            [
              76.76441154905413,
              16.290186997919474
            ],
            [
              76.76440362835953,
              16.289301644846052
            ],
            [
              76.76392665524402,
              16.289305624624074
            ],
            [
              76.76393457380013,
              16.290190977925473
            ]
          ]
        ]
      },
      "properties": {
        "id": 114,
        "area": "NRBC_D10_Survey_1",
        "canal": "NRBC canal",
        "type": "main",
        "chainage_m": 2650.0,
        "status": "partial",
        "blockage_pct": 77,
        "lon": 76.7641691,
        "lat": 16.2897463,
        "image": "images/0114.jpg"
      }
    },
    {
      "type": "Feature",
      "geometry": {
        "type": "Polygon",
        "coordinates": [
          [
            [
              76.76394016984202,
              16.289739224661453
            ],
            [
              76.76451607195973,
              16.289734419152367
            ],
            [
              76.76450832864721,
              16.288868919839718
            ],
            [
              76.76393242905355,
              16.288873725079704
            ],
            [
              76.76394016984202,
              16.289739224661453
            ]
          ]
        ]
      },
      "properties": {
        "id": 115,
        "area": "NRBC_D10_Survey_1",
        "canal": "NRBC canal",
        "type": "main",
        "chainage_m": 2700.0,
        "status": "partial",
        "blockage_pct": 79,
        "lon": 76.7642242,
        "lat": 16.2893041,
        "image": "images/0115.jpg"
      }
    },
    {
      "type": "Feature",
      "geometry": {
        "type": "Polygon",
        "coordinates": [
          [
            [
              76.76405194867013,
              16.28930768168275
            ],
            [
              76.76476724765568,
              16.28930171252857
            ],
            [
              76.76476003637741,
              16.28849577453789
            ],
            [
              76.76404474031104,
              16.288501743380806
            ],
            [
              76.76405194867013,
              16.28930768168275
            ]
          ]
        ]
      },
      "properties": {
        "id": 116,
        "area": "NRBC_D10_Survey_1",
        "canal": "NRBC canal",
        "type": "main",
        "chainage_m": 2750.0,
        "status": "partial",
        "blockage_pct": 100,
        "lon": 76.764406,
        "lat": 16.2889017,
        "image": "images/0116.jpg"
      }
    },
    {
      "type": "Feature",
      "geometry": {
        "type": "Polygon",
        "coordinates": [
          [
            [
              76.76430882463853,
              16.28893759606562
            ],
            [
              76.76508257935566,
              16.28893113818246
            ],
            [
              76.76507570286552,
              16.288162736285415
            ],
            [
              76.76430195115898,
              16.2881691938475
            ],
            [
              76.76430882463853,
              16.28893759606562
            ]
          ]
        ]
      },
      "properties": {
        "id": 117,
        "area": "NRBC_D10_Survey_1",
        "canal": "NRBC canal",
        "type": "main",
        "chainage_m": 2800.0,
        "status": "partial",
        "blockage_pct": 99,
        "lon": 76.7646923,
        "lat": 16.2885502,
        "image": "images/0117.jpg"
      }
    },
    {
      "type": "Feature",
      "geometry": {
        "type": "Polygon",
        "coordinates": [
          [
            [
              76.7646257912372,
              16.288606098707707
            ],
            [
              76.76542459754866,
              16.288599430614898
            ],
            [
              76.76541793089152,
              16.287854605153033
            ],
            [
              76.76461912759272,
              16.287861272924488
            ],
            [
              76.7646257912372,
              16.288606098707707
            ]
          ]
        ]
      },
      "properties": {
        "id": 118,
        "area": "NRBC_D10_Survey_1",
        "canal": "NRBC canal",
        "type": "main",
        "chainage_m": 2850.0,
        "status": "partial",
        "blockage_pct": 99,
        "lon": 76.7650219,
        "lat": 16.2882304,
        "image": "images/0118.jpg"
      }
    },
    {
      "type": "Feature",
      "geometry": {
        "type": "Polygon",
        "coordinates": [
          [
            [
              76.76496801796401,
              16.288297657956676
            ],
            [
              76.76578898513289,
              16.288290803617254
            ],
            [
              76.76578256439227,
              16.287573587383974
            ],
            [
              76.7649616002048,
              16.287580441405307
            ],
            [
              76.76496801796401,
              16.288297657956676
            ]
          ]
        ]
      },
      "properties": {
        "id": 119,
        "area": "NRBC_D10_Survey_1",
        "canal": "NRBC canal",
        "type": "main",
        "chainage_m": 2900.0,
        "status": "partial",
        "blockage_pct": 100,
        "lon": 76.7653753,
        "lat": 16.2879356,
        "image": "images/0119.jpg"
      }
    },
    {
      "type": "Feature",
      "geometry": {
        "type": "Polygon",
        "coordinates": [
          [
            [
              76.76533428111101,
              16.28801910914139
            ],
            [
              76.76618351181601,
              16.288012017405865
            ],
            [
              76.76617750362593,
              16.28734102328017
            ],
            [
              76.7653282758062,
              16.287348114707793
            ],
            [
              76.76533428111101,
              16.28801910914139
            ]
          ]
        ]
      },
      "properties": {
        "id": 120,
        "area": "NRBC_D10_Survey_1",
        "canal": "NRBC canal",
        "type": "main",
        "chainage_m": 2950.0,
        "status": "partial",
        "blockage_pct": 99,
        "lon": 76.7657559,
        "lat": 16.2876801,
        "image": "images/0120.jpg"
      }
    },
    {
      "type": "Feature",
      "geometry": {
        "type": "Polygon",
        "coordinates": [
          [
            [
              76.76573250036043,
              16.287793964075224
            ],
            [
              76.76664564694661,
              16.287786336827367
            ],
            [
              76.76664111535418,
              16.287280376975513
            ],
            [
              76.76572797110731,
              16.28728800397366
            ],
            [
              76.76573250036043,
              16.287793964075224
            ]
          ]
        ]
      },
      "properties": {
        "id": 121,
        "area": "NRBC_D10_Survey_1",
        "canal": "NRBC canal",
        "type": "main",
        "chainage_m": 3000.0,
        "status": "partial",
        "blockage_pct": 99,
        "lon": 76.7661868,
        "lat": 16.2875372,
        "image": "images/0121.jpg"
      }
    },
    {
      "type": "Feature",
      "geometry": {
        "type": "Polygon",
        "coordinates": [
          [
            [
              76.76619611615672,
              16.287733628845597
            ],
            [
              76.76710926223451,
              16.28772599962371
            ],
            [
              76.76710472947094,
              16.287220039895992
            ],
            [
              76.76619158573249,
              16.28722766886811
            ],
            [
              76.76619611615672,
              16.287733628845597
            ]
          ]
        ]
      },
      "properties": {
        "id": 122,
        "area": "NRBC_D10_Survey_1",
        "canal": "NRBC canal",
        "type": "main",
        "chainage_m": 3050.0,
        "status": "partial",
        "blockage_pct": 99,
        "lon": 76.7666504,
        "lat": 16.2874768,
        "image": "images/0122.jpg"
      }
    },
    {
      "type": "Feature",
      "geometry": {
        "type": "Polygon",
        "coordinates": [
          [
            [
              76.76665973156396,
              16.287673292626486
            ],
            [
              76.76757127117948,
              16.287665674855067
            ],
            [
              76.76756663439645,
              16.28714823731984
            ],
            [
              76.76665509716909,
              16.28715585483621
            ],
            [
              76.76665973156396,
              16.287673292626486
            ]
          ]
        ]
      },
      "properties": {
        "id": 123,
        "area": "NRBC_D10_Survey_1",
        "canal": "NRBC canal",
        "type": "main",
        "chainage_m": 3100.0,
        "status": "partial",
        "blockage_pct": 99,
        "lon": 76.7671132,
        "lat": 16.2874108,
        "image": "images/0123.jpg"
      }
    },
    {
      "type": "Feature",
      "geometry": {
        "type": "Polygon",
        "coordinates": [
          [
            [
              76.76712163224035,
              16.287600870476588
            ],
            [
              76.76803317129324,
              16.287593250747513
            ],
            [
              76.76802853332067,
              16.28707581333824
            ],
            [
              76.76711699665593,
              16.287083432812192
            ],
            [
              76.76712163224035,
              16.287600870476588
            ]
          ]
        ]
      },
      "properties": {
        "id": 124,
        "area": "NRBC_D10_Survey_1",
        "canal": "NRBC canal",
        "type": "main",
        "chainage_m": 3150.0,
        "status": "partial",
        "blockage_pct": 99,
        "lon": 76.7675751,
        "lat": 16.2873383,
        "image": "images/0124.jpg"
      }
    },
    {
      "type": "Feature",
      "geometry": {
        "type": "Polygon",
        "coordinates": [
          [
            [
              76.76758321128315,
              16.287528450034944
            ],
            [
              76.76849699810604,
              16.287520809545686
            ],
            [
              76.7684925146876,
              16.287020744258466
            ],
            [
              76.76757873017836,
              16.287028384500502
            ],
            [
              76.76758321128315,
              16.287528450034944
            ]
          ]
        ]
      },
      "properties": {
        "id": 125,
        "area": "NRBC_D10_Survey_1",
        "canal": "NRBC canal",
        "type": "main",
        "chainage_m": 3200.0,
        "status": "partial",
        "blockage_pct": 99,
        "lon": 76.7680379,
        "lat": 16.2872746,
        "image": "images/0125.jpg"
      }
    },
    {
      "type": "Feature",
      "geometry": {
        "type": "Polygon",
        "coordinates": [
          [
            [
              76.76804752346183,
              16.28747430977519
            ],
            [
              76.76896195218445,
              16.287466661930782
            ],
            [
              76.76895750933264,
              16.286971249978972
            ],
            [
              76.76804308290372,
              16.286978897578216
            ],
            [
              76.76804752346183,
              16.28747430977519
            ]
          ]
        ]
      },
      "properties": {
        "id": 126,
        "area": "NRBC_D10_Survey_1",
        "canal": "NRBC canal",
        "type": "main",
        "chainage_m": 3250.0,
        "status": "partial",
        "blockage_pct": 87,
        "lon": 76.7685025,
        "lat": 16.2872228,
        "image": "images/0126.jpg"
      }
    },
    {
      "type": "Feature",
      "geometry": {
        "type": "Polygon",
        "coordinates": [
          [
            [
              76.76851251937974,
              16.28742481636045
            ],
            [
              76.76942694764251,
              16.287417166528392
            ],
            [
              76.76942249250675,
              16.286920513842965
            ],
            [
              76.76850806654345,
              16.286928163429174
            ],
            [
              76.76851251937974,
              16.28742481636045
            ]
          ]
        ]
      },
      "properties": {
        "id": 127,
        "area": "NRBC_D10_Survey_1",
        "canal": "NRBC canal",
        "type": "main",
        "chainage_m": 3300.0,
        "status": "partial",
        "blockage_pct": 99,
        "lon": 76.7689675,
        "lat": 16.2871727,
        "image": "images/0127.jpg"
      }
    },
    {
      "type": "Feature",
      "geometry": {
        "type": "Polygon",
        "coordinates": [
          [
            [
              76.76897750104722,
              16.287373770874787
            ],
            [
              76.76989096527328,
              16.287366127120972
            ],
            [
              76.76988645331645,
              16.286863270278616
            ],
            [
              76.7689729914161,
              16.286870913783712
            ],
            [
              76.76897750104722,
              16.287373770874787
            ]
          ]
        ]
      },
      "properties": {
        "id": 128,
        "area": "NRBC_D10_Survey_1",
        "canal": "NRBC canal",
        "type": "main",
        "chainage_m": 3350.0,
        "status": "partial",
        "blockage_pct": 100,
        "lon": 76.769432,
        "lat": 16.2871185,
        "image": "images/0128.jpg"
      }
    },
    {
      "type": "Feature",
      "geometry": {
        "type": "Polygon",
        "coordinates": [
          [
            [
              76.76944146314212,
              16.287316528171846
            ],
            [
              76.77035492687332,
              16.287308882440506
            ],
            [
              76.77035041375085,
              16.286806025721994
            ],
            [
              76.76943695234534,
              16.286813671204563
            ],
            [
              76.76944146314212,
              16.287316528171846
            ]
          ]
        ]
      },
      "properties": {
        "id": 129,
        "area": "NRBC_D10_Survey_1",
        "canal": "NRBC canal",
        "type": "main",
        "chainage_m": 3400.0,
        "status": "partial",
        "blockage_pct": 100,
        "lon": 76.7698959,
        "lat": 16.2870613,
        "image": "images/0129.jpg"
      }
    },
    {
      "type": "Feature",
      "geometry": {
        "type": "Polygon",
        "coordinates": [
          [
            [
              76.76990542486175,
              16.287259284476594
            ],
            [
              76.77081888809803,
              16.287251636767735
            ],
            [
              76.77081437380991,
              16.2867487801731
            ],
            [
              76.76990091289933,
              16.28675642763311
            ],
            [
              76.76990542486175,
              16.287259284476594
            ]
          ]
        ]
      },
      "properties": {
        "id": 130,
        "area": "NRBC_D10_Survey_1",
        "canal": "NRBC canal",
        "type": "main",
        "chainage_m": 3450.0,
        "status": "partial",
        "blockage_pct": 99,
        "lon": 76.7703599,
        "lat": 16.287004,
        "image": "images/0130.jpg"
      }
    },
    {
      "type": "Feature",
      "geometry": {
        "type": "Polygon",
        "coordinates": [
          [
            [
              76.77036938620608,
              16.287202039789033
            ],
            [
              76.77128188537935,
              16.287194398174034
            ],
            [
              76.77127730028938,
              16.286683786359383
            ],
            [
              76.77036480347518,
              16.28669142772189
            ],
            [
              76.77036938620608,
              16.287202039789033
            ]
          ]
        ]
      },
      "properties": {
        "id": 131,
        "area": "NRBC_D10_Survey_1",
        "canal": "NRBC canal",
        "type": "main",
        "chainage_m": 3500.0,
        "status": "partial",
        "blockage_pct": 100,
        "lon": 76.7708233,
        "lat": 16.2869429,
        "image": "images/0131.jpg"
      }
    },
    {
      "type": "Feature",
      "geometry": {
        "type": "Polygon",
        "coordinates": [
          [
            [
              76.7708323111989,
              16.28713673661945
            ],
            [
              76.77174448865173,
              16.28712909572834
            ],
            [
              76.77173988288024,
              16.286616312543078
            ],
            [
              76.77082770779565,
              16.286623953180644
            ],
            [
              76.7708323111989,
              16.28713673661945
            ]
          ]
        ]
      },
      "properties": {
        "id": 132,
        "area": "NRBC_D10_Survey_1",
        "canal": "NRBC canal",
        "type": "main",
        "chainage_m": 3550.0,
        "status": "partial",
        "blockage_pct": 100,
        "lon": 76.7712861,
        "lat": 16.2868765,
        "image": "images/0132.jpg"
      }
    },
    {
      "type": "Feature",
      "geometry": {
        "type": "Polygon",
        "coordinates": [
          [
            [
              76.77129489230583,
              16.2870689534463
            ],
            [
              76.77220706921622,
              16.287061310591255
            ],
            [
              76.7722024650498,
              16.286548837745123
            ],
            [
              76.77129029050622,
              16.286556480346714
            ],
            [
              76.77129489230583,
              16.2870689534463
            ]
          ]
        ]
      },
      "properties": {
        "id": 133,
        "area": "NRBC_D10_Survey_1",
        "canal": "NRBC canal",
        "type": "main",
        "chainage_m": 3600.0,
        "status": "partial",
        "blockage_pct": 100,
        "lon": 76.7717487,
        "lat": 16.2868089,
        "image": "images/0133.jpg"
      }
    },
    {
      "type": "Feature",
      "geometry": {
        "type": "Polygon",
        "coordinates": [
          [
            [
              76.77175747577643,
              16.28700147950526
            ],
            [
              76.77266965214574,
              16.28699383468615
            ],
            [
              76.77266504401037,
              16.286481051752
            ],
            [
              76.77175287000927,
              16.286488696317438
            ],
            [
              76.77175747577643,
              16.28700147950526
            ]
          ]
        ]
      },
      "properties": {
        "id": 134,
        "area": "NRBC_D10_Survey_1",
        "canal": "NRBC canal",
        "type": "main",
        "chainage_m": 3650.0,
        "status": "partial",
        "blockage_pct": 99,
        "lon": 76.7722113,
        "lat": 16.2867413,
        "image": "images/0134.jpg"
      }
    },
    {
      "type": "Feature",
      "geometry": {
        "type": "Polygon",
        "coordinates": [
          [
            [
              76.77221973763696,
              16.286934007274386
            ],
            [
              76.77313319821965,
              16.28692634971972
            ],
            [
              76.7731286613984,
              16.286421632460957
            ],
            [
              76.77221520314995,
              16.28642928976553
            ],
            [
              76.77221973763696,
              16.286934007274386
            ]
          ]
        ]
      },
      "properties": {
        "id": 135,
        "area": "NRBC_D10_Survey_1",
        "canal": "NRBC canal",
        "type": "main",
        "chainage_m": 3700.0,
        "status": "partial",
        "blockage_pct": 100,
        "lon": 76.7726742,
        "lat": 16.2866778,
        "image": "images/0135.jpg"
      }
    },
    {
      "type": "Feature",
      "geometry": {
        "type": "Polygon",
        "coordinates": [
          [
            [
              76.77268367750192,
              16.28687458615169
            ],
            [
              76.77359713757927,
              16.286866926620693
            ],
            [
              76.77359260516708,
              16.28636282991309
            ],
            [
              76.77267914742107,
              16.286370489194237
            ],
            [
              76.77268367750192,
              16.28687458615169
            ]
          ]
        ]
      },
      "properties": {
        "id": 136,
        "area": "NRBC_D10_Survey_1",
        "canal": "NRBC canal",
        "type": "main",
        "chainage_m": 3750.0,
        "status": "partial",
        "blockage_pct": 100,
        "lon": 76.7731381,
        "lat": 16.2866187,
        "image": "images/0136.jpg"
      }
    },
    {
      "type": "Feature",
      "geometry": {
        "type": "Polygon",
        "coordinates": [
          [
            [
              76.77314730415846,
              16.286816097371347
            ],
            [
              76.77406076373487,
              16.28680843586495
            ],
            [
              76.77405623015545,
              16.28630433928162
            ],
            [
              76.77314277291038,
              16.2863120005381
            ],
            [
              76.77314730415846,
              16.286816097371347
            ]
          ]
        ]
      },
      "properties": {
        "id": 137,
        "area": "NRBC_D10_Survey_1",
        "canal": "NRBC canal",
        "type": "main",
        "chainage_m": 3800.0,
        "status": "partial",
        "blockage_pct": 100,
        "lon": 76.7736018,
        "lat": 16.2865602,
        "image": "images/0137.jpg"
      }
    },
    {
      "type": "Feature",
      "geometry": {
        "type": "Polygon",
        "coordinates": [
          [
            [
              76.7736112516223,
              16.286757604906857
            ],
            [
              76.77452471069755,
              16.286749941423697
            ],
            [
              76.77452017874064,
              16.286246155177963
            ],
            [
              76.77360672199528,
              16.2862538184113
            ],
            [
              76.7736112516223,
              16.286757604906857
            ]
          ]
        ]
      },
      "properties": {
        "id": 138,
        "area": "NRBC_D10_Survey_1",
        "canal": "NRBC canal",
        "type": "main",
        "chainage_m": 3850.0,
        "status": "partial",
        "blockage_pct": 100,
        "lon": 76.7740657,
        "lat": 16.2865019,
        "image": "images/0138.jpg"
      }
    },
    {
      "type": "Feature",
      "geometry": {
        "type": "Polygon",
        "coordinates": [
          [
            [
              76.77407520149477,
              16.286699421664053
            ],
            [
              76.77498898125812,
              16.28669175350798
            ],
            [
              76.77498446767196,
              16.286190138878656
            ],
            [
              76.77407069022928,
              16.286197806785815
            ],
            [
              76.77407520149477,
              16.286699421664053
            ]
          ]
        ]
      },
      "properties": {
        "id": 139,
        "area": "NRBC_D10_Survey_1",
        "canal": "NRBC canal",
        "type": "main",
        "chainage_m": 3900.0,
        "status": "partial",
        "blockage_pct": 100,
        "lon": 76.7745298,
        "lat": 16.2864448,
        "image": "images/0139.jpg"
      }
    },
    {
      "type": "Feature",
      "geometry": {
        "type": "Polygon",
        "coordinates": [
          [
            [
              76.77453949170989,
              16.28664340622658
            ],
            [
              76.77545327098308,
              16.28663573609046
            ],
            [
              76.77544875902507,
              16.286134431798246
            ],
            [
              76.77453498207109,
              16.28614210168555
            ],
            [
              76.77453949170989,
              16.28664340622658
            ]
          ]
        ]
      },
      "properties": {
        "id": 140,
        "area": "NRBC_D10_Survey_1",
        "canal": "NRBC canal",
        "type": "main",
        "chainage_m": 3950.0,
        "status": "partial",
        "blockage_pct": 100,
        "lon": 76.7749941,
        "lat": 16.2863889,
        "image": "images/0140.jpg"
      }
    },
    {
      "type": "Feature",
      "geometry": {
        "type": "Polygon",
        "coordinates": [
          [
            [
              76.77500346315848,
              16.286587702704047
            ],
            [
              76.77591724194306,
              16.286580030589132
            ],
            [
              76.77591272602989,
              16.28607841620787
            ],
            [
              76.77499894956595,
              16.28608608807375
            ],
            [
              76.77500346315848,
              16.286587702704047
            ]
          ]
        ]
      },
      "properties": {
        "id": 141,
        "area": "NRBC_D10_Survey_1",
        "canal": "NRBC canal",
        "type": "main",
        "chainage_m": 4000.0,
        "status": "partial",
        "blockage_pct": 99,
        "lon": 76.7754581,
        "lat": 16.2863331,
        "image": "images/0141.jpg"
      }
    },
    {
      "type": "Feature",
      "geometry": {
        "type": "Polygon",
        "coordinates": [
          [
            [
              76.77546775263404,
              16.28653168527882
            ],
            [
              76.77638120974096,
              16.286524013881987
            ],
            [
              76.7763766759041,
              16.286020538347316
            ],
            [
              76.7754632211256,
              16.286028209494212
            ],
            [
              76.77546775263404,
              16.28653168527882
            ]
          ]
        ]
      },
      "properties": {
        "id": 142,
        "area": "NRBC_D10_Survey_1",
        "canal": "NRBC canal",
        "type": "main",
        "chainage_m": 4050.0,
        "status": "partial",
        "blockage_pct": 99,
        "lon": 76.7759222,
        "lat": 16.2862761,
        "image": "images/0142.jpg"
      }
    },
    {
      "type": "Feature",
      "geometry": {
        "type": "Polygon",
        "coordinates": [
          [
            [
              76.77593170100221,
              16.28647349806605
            ],
            [
              76.77684419404751,
              16.286465832788732
            ],
            [
              76.77683959478078,
              16.285955222483107
            ],
            [
              76.7759271040944,
              16.285962887507154
            ],
            [
              76.77593170100221,
              16.28647349806605
            ]
          ]
        ]
      },
      "properties": {
        "id": 143,
        "area": "NRBC_D10_Survey_1",
        "canal": "NRBC canal",
        "type": "main",
        "chainage_m": 4100.0,
        "status": "partial",
        "blockage_pct": 99,
        "lon": 76.7763856,
        "lat": 16.2862144,
        "image": "images/0143.jpg"
      }
    },
    {
      "type": "Feature",
      "geometry": {
        "type": "Polygon",
        "coordinates": [
          [
            [
              76.77639462117732,
              16.28640818305935
            ],
            [
              76.7773071136906,
              16.286400515814982
            ],
            [
              76.77730251324549,
              16.28588990563495
            ],
            [
              76.7763900230911,
              16.285897572625974
            ],
            [
              76.77639462117732,
              16.28640818305935
            ]
          ]
        ]
      },
      "properties": {
        "id": 144,
        "area": "NRBC_D10_Survey_1",
        "canal": "NRBC canal",
        "type": "main",
        "chainage_m": 4150.0,
        "status": "partial",
        "blockage_pct": 99,
        "lon": 76.7768486,
        "lat": 16.286149,
        "image": "images/0144.jpg"
      }
    },
    {
      "type": "Feature",
      "geometry": {
        "type": "Polygon",
        "coordinates": [
          [
            [
              76.77685754094047,
              16.28634286706865
            ],
            [
              76.77777003292167,
              16.28633519785726
            ],
            [
              76.77776543129816,
              16.28582458780284
            ],
            [
              76.77685294167587,
              16.28583225676082
            ],
            [
              76.77685754094047,
              16.28634286706865
            ]
          ]
        ]
      },
      "properties": {
        "id": 145,
        "area": "NRBC_D10_Survey_1",
        "canal": "NRBC canal",
        "type": "main",
        "chainage_m": 4200.0,
        "status": "partial",
        "blockage_pct": 85,
        "lon": 76.7773115,
        "lat": 16.2860837,
        "image": "images/0145.jpg"
      }
    },
    {
      "type": "Feature",
      "geometry": {
        "type": "Polygon",
        "coordinates": [
          [
            [
              76.76449565530537,
              16.300051238119337
            ],
            [
              76.76517501741714,
              16.300045564164925
            ],
            [
              76.76516931635737,
              16.299409004233777
            ],
            [
              76.764489956437,
              16.299414677954637
            ],
            [
              76.76449565530537,
              16.300051238119337
            ]
          ]
        ]
      },
      "properties": {
        "id": 146,
        "area": "NRBC_D10_Survey_1",
        "canal": "lateral 1",
        "type": "lateral",
        "chainage_m": 0.0,
        "status": "partial",
        "blockage_pct": 42,
        "lon": 76.7648325,
        "lat": 16.2997301,
        "image": "images/0146.jpg"
      }
    },
    {
      "type": "Feature",
      "geometry": {
        "type": "Polygon",
        "coordinates": [
          [
            [
              76.76404930720987,
              16.300177818926873
            ],
            [
              76.76494613017513,
              16.300170330146866
            ],
            [
              76.76494102427918,
              16.299600156033485
            ],
            [
              76.76404420390513,
              16.299607644537392
            ],
            [
              76.76404930720987,
              16.300177818926873
            ]
          ]
        ]
      },
      "properties": {
        "id": 147,
        "area": "NRBC_D10_Survey_1",
        "canal": "lateral 1",
        "type": "lateral",
        "chainage_m": 50.0,
        "status": "blocked",
        "blockage_pct": 67,
        "lon": 76.7644952,
        "lat": 16.299889,
        "image": "images/0147.jpg"
      }
    },
    {
      "type": "Feature",
      "geometry": {
        "type": "Polygon",
        "coordinates": [
          [
            [
              76.76359336015817,
              16.30027283469823
            ],
            [
              76.76449917770748,
              16.300265272707676
            ],
            [
              76.76449434246354,
              16.299725189268628
            ],
            [
              76.7635885273933,
              16.299732750995098
            ],
            [
              76.76359336015817,
              16.30027283469823
            ]
          ]
        ]
      },
      "properties": {
        "id": 148,
        "area": "NRBC_D10_Survey_1",
        "canal": "lateral 1",
        "type": "lateral",
        "chainage_m": 100.0,
        "status": "blocked",
        "blockage_pct": 80,
        "lon": 76.7640439,
        "lat": 16.299999,
        "image": "images/0148.jpg"
      }
    },
    {
      "type": "Feature",
      "geometry": {
        "type": "Polygon",
        "coordinates": [
          [
            [
              76.76313478459085,
              16.30036135646007
            ],
            [
              76.76404349367975,
              16.30035377226074
            ],
            [
              76.76403873184613,
              16.299821754272187
            ],
            [
              76.76313002520709,
              16.299829338210618
            ],
            [
              76.76313478459085,
              16.30036135646007
            ]
          ]
        ]
      },
      "properties": {
        "id": 149,
        "area": "NRBC_D10_Survey_1",
        "canal": "lateral 1",
        "type": "lateral",
        "chainage_m": 150.0,
        "status": "blocked",
        "blockage_pct": 57,
        "lon": 76.7635868,
        "lat": 16.3000916,
        "image": "images/0149.jpg"
      }
    },
    {
      "type": "Feature",
      "geometry": {
        "type": "Polygon",
        "coordinates": [
          [
            [
              76.76267305679696,
              16.300420741191147
            ],
            [
              76.76358465729622,
              16.300413134822108
            ],
            [
              76.76358014650623,
              16.299909036023415
            ],
            [
              76.76266854833564,
              16.299916642144513
            ],
            [
              76.76267305679696,
              16.300420741191147
            ]
          ]
        ]
      },
      "properties": {
        "id": 150,
        "area": "NRBC_D10_Survey_1",
        "canal": "lateral 1",
        "type": "lateral",
        "chainage_m": 200.0,
        "status": "partial",
        "blockage_pct": 52,
        "lon": 76.7631266,
        "lat": 16.3001649,
        "image": "images/0150.jpg"
      }
    },
    {
      "type": "Feature",
      "geometry": {
        "type": "Polygon",
        "coordinates": [
          [
            [
              76.76220682555338,
              16.30044355440978
            ],
            [
              76.76312260214804,
              16.300435915198868
            ],
            [
              76.76311841444472,
              16.299967801183993
            ],
            [
              76.76220264002244,
              16.299975440163678
            ],
            [
              76.76220682555338,
              16.30044355440978
            ]
          ]
        ]
      },
      "properties": {
        "id": 151,
        "area": "NRBC_D10_Survey_1",
        "canal": "lateral 1",
        "type": "lateral",
        "chainage_m": 250.0,
        "status": "blocked",
        "blockage_pct": 55,
        "lon": 76.7626626,
        "lat": 16.3002057,
        "image": "images/0151.jpg"
      }
    },
    {
      "type": "Feature",
      "geometry": {
        "type": "Polygon",
        "coordinates": [
          [
            [
              76.7617412143349,
              16.300463879533936
            ],
            [
              76.76265602761696,
              16.30045625036948
            ],
            [
              76.76265174946163,
              16.299977899148892
            ],
            [
              76.76173693839712,
              16.299985528077364
            ],
            [
              76.7617412143349,
              16.300463879533936
            ]
          ]
        ]
      },
      "properties": {
        "id": 152,
        "area": "NRBC_D10_Survey_1",
        "canal": "lateral 1",
        "type": "lateral",
        "chainage_m": 300.0,
        "status": "blocked",
        "blockage_pct": 59,
        "lon": 76.7621965,
        "lat": 16.3002209,
        "image": "images/0152.jpg"
      }
    },
    {
      "type": "Feature",
      "geometry": {
        "type": "Polygon",
        "coordinates": [
          [
            [
              76.76127916157846,
              16.300522953744732
            ],
            [
              76.76219076323667,
              16.300515353340984
            ],
            [
              76.76218624488637,
              16.300010013308007
            ],
            [
              76.76127464556258,
              16.300017613463407
            ],
            [
              76.76127916157846,
              16.300522953744732
            ]
          ]
        ]
      },
      "properties": {
        "id": 153,
        "area": "NRBC_D10_Survey_1",
        "canal": "lateral 1",
        "type": "lateral",
        "chainage_m": 350.0,
        "status": "blocked",
        "blockage_pct": 68,
        "lon": 76.7617327,
        "lat": 16.3002665,
        "image": "images/0153.jpg"
      }
    },
    {
      "type": "Feature",
      "geometry": {
        "type": "Polygon",
        "coordinates": [
          [
            [
              76.76083879600701,
              16.30060046053702
            ],
            [
              76.76172887698108,
              16.30059304143032
            ],
            [
              76.76172414904917,
              16.30006412493811
            ],
            [
              76.7608340704608,
              16.300071543791077
            ],
            [
              76.76083879600701,
              16.30060046053702
            ]
          ]
        ]
      },
      "properties": {
        "id": 154,
        "area": "NRBC_D10_Survey_1",
        "canal": "lateral 1",
        "type": "lateral",
        "chainage_m": 400.0,
        "status": "blocked",
        "blockage_pct": 55,
        "lon": 76.7612815,
        "lat": 16.3003323,
        "image": "images/0154.jpg"
      }
    },
    {
      "type": "Feature",
      "geometry": {
        "type": "Polygon",
        "coordinates": [
          [
            [
              76.76060747004703,
              16.300992047297868
            ],
            [
              76.76130064901031,
              16.30098627039071
            ],
            [
              76.76129326901827,
              16.300160478017574
            ],
            [
              76.76060009295581,
              16.300166254616276
            ],
            [
              76.76060747004703,
              16.300992047297868
            ]
          ]
        ]
      },
      "properties": {
        "id": 155,
        "area": "NRBC_D10_Survey_1",
        "canal": "lateral 1",
        "type": "lateral",
        "chainage_m": 450.0,
        "status": "blocked",
        "blockage_pct": 73,
        "lon": 76.7609504,
        "lat": 16.3005763,
        "image": "images/0155.jpg"
      }
    },
    {
      "type": "Feature",
      "geometry": {
        "type": "Polygon",
        "coordinates": [
          [
            [
              76.76038580459239,
              16.301386345532983
            ],
            [
              76.76106902738411,
              16.30138065221081
            ],
            [
              76.76106162322606,
              16.30055206782969
            ],
            [
              76.76037840330324,
              16.300557760846843
            ],
            [
              76.76038580459239,
              16.301386345532983
            ]
          ]
        ]
      },
      "properties": {
        "id": 156,
        "area": "NRBC_D10_Survey_1",
        "canal": "lateral 1",
        "type": "lateral",
        "chainage_m": 500.0,
        "status": "blocked",
        "blockage_pct": 45,
        "lon": 76.7607237,
        "lat": 16.3009692,
        "image": "images/0156.jpg"
      }
    },
    {
      "type": "Feature",
      "geometry": {
        "type": "Polygon",
        "coordinates": [
          [
            [
              76.7601609316999,
              16.301781290797635
            ],
            [
              76.76084576201787,
              16.301775584683735
            ],
            [
              76.76083834475043,
              16.300945449158267
            ],
            [
              76.76015351731355,
              16.3009511549659
            ],
            [
              76.7601609316999,
              16.301781290797635
            ]
          ]
        ]
      },
      "properties": {
        "id": 157,
        "area": "NRBC_D10_Survey_1",
        "canal": "lateral 1",
        "type": "lateral",
        "chainage_m": 550.0,
        "status": "partial",
        "blockage_pct": 54,
        "lon": 76.7604996,
        "lat": 16.3013634,
        "image": "images/0157.jpg"
      }
    },
    {
      "type": "Feature",
      "geometry": {
        "type": "Polygon",
        "coordinates": [
          [
            [
              76.75994251552396,
              16.30217990496704
            ],
            [
              76.7606234927203,
              16.30217423154528
            ],
            [
              76.76061605679749,
              16.30134192444575
            ],
            [
              76.75993508247359,
              16.301347597562206
            ],
            [
              76.75994251552396,
              16.30217990496704
            ]
          ]
        ]
      },
      "properties": {
        "id": 158,
        "area": "NRBC_D10_Survey_1",
        "canal": "lateral 1",
        "type": "lateral",
        "chainage_m": 600.0,
        "status": "blocked",
        "blockage_pct": 89,
        "lon": 76.7602793,
        "lat": 16.3017609,
        "image": "images/0158.jpg"
      }
    },
    {
      "type": "Feature",
      "geometry": {
        "type": "Polygon",
        "coordinates": [
          [
            [
              76.75971951284791,
              16.302568629550642
            ],
            [
              76.76040563092934,
              16.302562913893833
            ],
            [
              76.76039828718697,
              16.301740843826394
            ],
            [
              76.75971217196415,
              16.301746559179414
            ],
            [
              76.75971951284791,
              16.302568629550642
            ]
          ]
        ]
      },
      "properties": {
        "id": 159,
        "area": "NRBC_D10_Survey_1",
        "canal": "lateral 1",
        "type": "lateral",
        "chainage_m": 650.0,
        "status": "blocked",
        "blockage_pct": 80,
        "lon": 76.7600589,
        "lat": 16.3021547,
        "image": "images/0159.jpg"
      }
    },
    {
      "type": "Feature",
      "geometry": {
        "type": "Polygon",
        "coordinates": [
          [
            [
              76.7595123126928,
              16.302964357842857
            ],
            [
              76.7601859047674,
              16.302958747092976
            ],
            [
              76.76017850910665,
              16.302130782870833
            ],
            [
              76.7595049198587,
              16.302136393320364
            ],
            [
              76.7595123126928,
              16.302964357842857
            ]
          ]
        ]
      },
      "properties": {
        "id": 160,
        "area": "NRBC_D10_Survey_1",
        "canal": "lateral 1",
        "type": "lateral",
        "chainage_m": 700.0,
        "status": "clear",
        "blockage_pct": 78,
        "lon": 76.7598454,
        "lat": 16.3025476,
        "image": "images/0160.jpg"
      }
    },
    {
      "type": "Feature",
      "geometry": {
        "type": "Polygon",
        "coordinates": [
          [
            [
              76.75929034128967,
              16.303360829472023
            ],
            [
              76.75997678350508,
              16.303355112262903
            ],
            [
              76.75996937467987,
              16.302525596902445
            ],
            [
              76.7592829353505,
              16.302531313804955
            ],
            [
              76.75929034128967,
              16.303360829472023
            ]
          ]
        ]
      },
      "properties": {
        "id": 161,
        "area": "NRBC_D10_Survey_1",
        "canal": "lateral 1",
        "type": "lateral",
        "chainage_m": 750.0,
        "status": "clear",
        "blockage_pct": 85,
        "lon": 76.7596299,
        "lat": 16.3029432,
        "image": "images/0161.jpg"
      }
    },
    {
      "type": "Feature",
      "geometry": {
        "type": "Polygon",
        "coordinates": [
          [
            [
              76.75907514787245,
              16.303760967359075
            ],
            [
              76.75975291866635,
              16.303755322953695
            ],
            [
              76.75974546903636,
              16.30292115429633
            ],
            [
              76.75906770110808,
              16.302926798397316
            ],
            [
              76.75907514787245,
              16.303760967359075
            ]
          ]
        ]
      },
      "properties": {
        "id": 162,
        "area": "NRBC_D10_Survey_1",
        "canal": "lateral 1",
        "type": "lateral",
        "chainage_m": 800.0,
        "status": "partial",
        "blockage_pct": 85,
        "lon": 76.7594103,
        "lat": 16.3033411,
        "image": "images/0162.jpg"
      }
    },
    {
      "type": "Feature",
      "geometry": {
        "type": "Polygon",
        "coordinates": [
          [
            [
              76.75873738089825,
              16.304069054018772
            ],
            [
              76.75953560995193,
              16.30406240738728
            ],
            [
              76.75952898933856,
              16.303320993011027
            ],
            [
              76.75873076328463,
              16.303327639323943
            ],
            [
              76.75873738089825,
              16.304069054018772
            ]
          ]
        ]
      },
      "properties": {
        "id": 163,
        "area": "NRBC_D10_Survey_1",
        "canal": "lateral 1",
        "type": "lateral",
        "chainage_m": 850.0,
        "status": "blocked",
        "blockage_pct": 87,
        "lon": 76.7591332,
        "lat": 16.303695,
        "image": "images/0163.jpg"
      }
    },
    {
      "type": "Feature",
      "geometry": {
        "type": "Polygon",
        "coordinates": [
          [
            [
              76.75837408441637,
              16.304288314282708
            ],
            [
              76.7591928725482,
              16.304281497749106
            ],
            [
              76.75918701199167,
              16.303625082238234
            ],
            [
              76.75836822658412,
              16.303631898482575
            ],
            [
              76.75837408441637,
              16.304288314282708
            ]
          ]
        ]
      },
      "properties": {
        "id": 164,
        "area": "NRBC_D10_Survey_1",
        "canal": "lateral 1",
        "type": "lateral",
        "chainage_m": 900.0,
        "status": "blocked",
        "blockage_pct": 79,
        "lon": 76.7587805,
        "lat": 16.3039567,
        "image": "images/0164.jpg"
      }
    },
    {
      "type": "Feature",
      "geometry": {
        "type": "Polygon",
        "coordinates": [
          [
            [
              76.75805209394073,
              16.30460061203507
            ],
            [
              76.75883073103135,
              16.304594130916065
            ],
            [
              76.75882404361548,
              16.303844960911952
            ],
            [
              76.75804540948167,
              16.30385144171707
            ],
            [
              76.75805209394073,
              16.30460061203507
            ]
          ]
        ]
      },
      "properties": {
        "id": 165,
        "area": "NRBC_D10_Survey_1",
        "canal": "lateral 1",
        "type": "lateral",
        "chainage_m": 950.0,
        "status": "blocked",
        "blockage_pct": 72,
        "lon": 76.7584381,
        "lat": 16.3042228,
        "image": "images/0165.jpg"
      }
    },
    {
      "type": "Feature",
      "geometry": {
        "type": "Polygon",
        "coordinates": [
          [
            [
              76.75771298919496,
              16.30490312414414
            ],
            [
              76.75850961596534,
              16.30489649442128
            ],
            [
              76.75850302653993,
              16.30415818184716
            ],
            [
              76.75770640275088,
              16.304164811253592
            ],
            [
              76.75771298919496,
              16.30490312414414
            ]
          ]
        ]
      },
      "properties": {
        "id": 166,
        "area": "NRBC_D10_Survey_1",
        "canal": "lateral 1",
        "type": "lateral",
        "chainage_m": 1000.0,
        "status": "blocked",
        "blockage_pct": 99,
        "lon": 76.758108,
        "lat": 16.3045307,
        "image": "images/0166.jpg"
      }
    },
    {
      "type": "Feature",
      "geometry": {
        "type": "Polygon",
        "coordinates": [
          [
            [
              76.75737353450776,
              16.305202536319015
            ],
            [
              76.7581688777503,
              16.305195918451236
            ],
            [
              76.75816230054602,
              16.304458846624144
            ],
            [
              76.7573669602751,
              16.304465464176594
            ],
            [
              76.75737353450776,
              16.305202536319015
            ]
          ]
        ]
      },
      "properties": {
        "id": 167,
        "area": "NRBC_D10_Survey_1",
        "canal": "lateral 1",
        "type": "lateral",
        "chainage_m": 1050.0,
        "status": "blocked",
        "blockage_pct": 95,
        "lon": 76.7577679,
        "lat": 16.3048307,
        "image": "images/0167.jpg"
      }
    },
    {
      "type": "Feature",
      "geometry": {
        "type": "Polygon",
        "coordinates": [
          [
            [
              76.76383635941392,
              16.29479634942054
            ],
            [
              76.7645606720675,
              16.294790303961232
            ],
            [
              76.7645534451872,
              16.293982815224663
            ],
            [
              76.76382913549635,
              16.29398886036822
            ],
            [
              76.76383635941392,
              16.29479634942054
            ]
          ]
        ]
      },
      "properties": {
        "id": 168,
        "area": "NRBC_D10_Survey_1",
        "canal": "Lateral 1A",
        "type": "lateral",
        "chainage_m": 0.0,
        "status": "blocked",
        "blockage_pct": 72,
        "lon": 76.7641949,
        "lat": 16.2943896,
        "image": "images/0168.jpg"
      }
    },
    {
      "type": "Feature",
      "geometry": {
        "type": "Polygon",
        "coordinates": [
          [
            [
              76.76410028335494,
              16.294423412597943
            ],
            [
              76.7647674205377,
              16.29441784372237
            ],
            [
              76.76475995975566,
              16.29358429701793
            ],
            [
              76.76409282538975,
              16.29358986559325
            ],
            [
              76.76410028335494,
              16.294423412597943
            ]
          ]
        ]
      },
      "properties": {
        "id": 169,
        "area": "NRBC_D10_Survey_1",
        "canal": "Lateral 1A",
        "type": "lateral",
        "chainage_m": 50.0,
        "status": "blocked",
        "blockage_pct": 82,
        "lon": 76.7644301,
        "lat": 16.2940039,
        "image": "images/0169.jpg"
      }
    },
    {
      "type": "Feature",
      "geometry": {
        "type": "Polygon",
        "coordinates": [
          [
            [
              76.76426501527709,
              16.29402214108755
            ],
            [
              76.76475902339449,
              16.29401801730063
            ],
            [
              76.76475110750329,
              16.293133595357627
            ],
            [
              76.76425710159896,
              16.29313771890864
            ],
            [
              76.76426501527709,
              16.29402214108755
            ]
          ]
        ]
      },
      "properties": {
        "id": 170,
        "area": "NRBC_D10_Survey_1",
        "canal": "Lateral 1A",
        "type": "lateral",
        "chainage_m": 100.0,
        "status": "blocked",
        "blockage_pct": 81,
        "lon": 76.7645081,
        "lat": 16.2935779,
        "image": "images/0170.jpg"
      }
    },
    {
      "type": "Feature",
      "geometry": {
        "type": "Polygon",
        "coordinates": [
          [
            [
              76.76425487922562,
              16.293571450038225
            ],
            [
              76.76472832936182,
              16.293567498004197
            ],
            [
              76.76472040551032,
              16.292682145364896
            ],
            [
              76.76424695749728,
              16.292686097172595
            ],
            [
              76.76425487922562,
              16.293571450038225
            ]
          ]
        ]
      },
      "properties": {
        "id": 171,
        "area": "NRBC_D10_Survey_1",
        "canal": "Lateral 1A",
        "type": "lateral",
        "chainage_m": 150.0,
        "status": "blocked",
        "blockage_pct": 90,
        "lon": 76.7644876,
        "lat": 16.2931268,
        "image": "images/0171.jpg"
      }
    },
    {
      "type": "Feature",
      "geometry": {
        "type": "Polygon",
        "coordinates": [
          [
            [
              76.76425469220874,
              16.29311974521896
            ],
            [
              76.7647609036733,
              16.29311551978137
            ],
            [
              76.76475299378903,
              16.292231718193303
            ],
            [
              76.76424678459051,
              16.29223594338932
            ],
            [
              76.76425469220874,
              16.29311974521896
            ]
          ]
        ]
      },
      "properties": {
        "id": 172,
        "area": "NRBC_D10_Survey_1",
        "canal": "Lateral 1A",
        "type": "lateral",
        "chainage_m": 200.0,
        "status": "blocked",
        "blockage_pct": 77,
        "lon": 76.7645038,
        "lat": 16.2926757,
        "image": "images/0172.jpg"
      }
    },
    {
      "type": "Feature",
      "geometry": {
        "type": "Polygon",
        "coordinates": [
          [
            [
              76.76429081472074,
              16.292669288537443
            ],
            [
              76.76476458388159,
              16.292665333954076
            ],
            [
              76.76475666310667,
              16.291780291471444
            ],
            [
              76.76428289606955,
              16.291784245828392
            ],
            [
              76.76429081472074,
              16.292669288537443
            ]
          ]
        ]
      },
      "properties": {
        "id": 173,
        "area": "NRBC_D10_Survey_1",
        "canal": "Lateral 1A",
        "type": "lateral",
        "chainage_m": 250.0,
        "status": "blocked",
        "blockage_pct": 73,
        "lon": 76.7645237,
        "lat": 16.2922248,
        "image": "images/0173.jpg"
      }
    },
    {
      "type": "Feature",
      "geometry": {
        "type": "Polygon",
        "coordinates": [
          [
            [
              76.76429319742996,
              16.292217562244417
            ],
            [
              76.76476311112141,
              16.292213639938556
            ],
            [
              76.76475518780875,
              16.291328287202774
            ],
            [
              76.76428527622444,
              16.29133220928399
            ],
            [
              76.76429319742996,
              16.292217562244417
            ]
          ]
        ]
      },
      "properties": {
        "id": 174,
        "area": "NRBC_D10_Survey_1",
        "canal": "Lateral 1A",
        "type": "lateral",
        "chainage_m": 300.0,
        "status": "partial",
        "blockage_pct": 72,
        "lon": 76.7645242,
        "lat": 16.2917729,
        "image": "images/0174.jpg"
      }
    },
    {
      "type": "Feature",
      "geometry": {
        "type": "Polygon",
        "coordinates": [
          [
            [
              76.76429140466325,
              16.291765870781543
            ],
            [
              76.76475939009158,
              16.291761964672986
            ],
            [
              76.7647514670275,
              16.290876611897684
            ],
            [
              76.76428348369757,
              16.29088051778251
            ],
            [
              76.76429140466325,
              16.291765870781543
            ]
          ]
        ]
      },
      "properties": {
        "id": 175,
        "area": "NRBC_D10_Survey_1",
        "canal": "Lateral 1A",
        "type": "lateral",
        "chainage_m": 350.0,
        "status": "clear",
        "blockage_pct": 52,
        "lon": 76.7645214,
        "lat": 16.2913212,
        "image": "images/0175.jpg"
      }
    },
    {
      "type": "Feature",
      "geometry": {
        "type": "Polygon",
        "coordinates": [
          [
            [
              76.76428768483012,
              16.29131419538246
            ],
            [
              76.76475566918782,
              16.291310289387336
            ],
            [
              76.76474774359633,
              16.290424626357776
            ],
            [
              76.76427976133772,
              16.29042853212911
            ],
            [
              76.76428768483012,
              16.29131419538246
            ]
          ]
        ]
      },
      "properties": {
        "id": 176,
        "area": "NRBC_D10_Survey_1",
        "canal": "Lateral 1A",
        "type": "lateral",
        "chainage_m": 400.0,
        "status": "partial",
        "blockage_pct": 36,
        "lon": 76.7645177,
        "lat": 16.2908694,
        "image": "images/0176.jpg"
      }
    },
    {
      "type": "Feature",
      "geometry": {
        "type": "Polygon",
        "coordinates": [
          [
            [
              76.76426790252096,
              16.290862343768627
            ],
            [
              76.76475162443765,
              16.290858306548
            ],
            [
              76.76474371297576,
              16.289974194552475
            ],
            [
              76.76425999322485,
              16.28997823154218
            ],
            [
              76.76426790252096,
              16.290862343768627
            ]
          ]
        ]
      },
      "properties": {
        "id": 177,
        "area": "NRBC_D10_Survey_1",
        "canal": "Lateral 1A",
        "type": "lateral",
        "chainage_m": 450.0,
        "status": "clear",
        "blockage_pct": 23,
        "lon": 76.7645058,
        "lat": 16.2904183,
        "image": "images/0177.jpg"
      }
    },
    {
      "type": "Feature",
      "geometry": {
        "type": "Polygon",
        "coordinates": [
          [
            [
              76.76427896908443,
              16.290411785889837
            ],
            [
              76.76480669370528,
              16.290407381441312
            ],
            [
              76.76479880721057,
              16.28952606136727
            ],
            [
              76.76427108494501,
              16.289530465564667
            ],
            [
              76.76427896908443,
              16.290411785889837
            ]
          ]
        ]
      },
      "properties": {
        "id": 178,
        "area": "NRBC_D10_Survey_1",
        "canal": "Lateral 1A",
        "type": "lateral",
        "chainage_m": 500.0,
        "status": "blocked",
        "blockage_pct": 55,
        "lon": 76.7645389,
        "lat": 16.2899689,
        "image": "images/0178.jpg"
      }
    },
    {
      "type": "Feature",
      "geometry": {
        "type": "Polygon",
        "coordinates": [
          [
            [
              76.76433823994198,
              16.289963617883068
            ],
            [
              76.7649308447283,
              16.28995867180123
            ],
            [
              76.76492309115567,
              16.289092242056803
            ],
            [
              76.76433048896943,
              16.289097187861376
            ],
            [
              76.76433823994198,
              16.289963617883068
            ]
          ]
        ]
      },
      "properties": {
        "id": 179,
        "area": "NRBC_D10_Survey_1",
        "canal": "Lateral 1A",
        "type": "lateral",
        "chainage_m": 550.0,
        "status": "blocked",
        "blockage_pct": 91,
        "lon": 76.7646307,
        "lat": 16.2895279,
        "image": "images/0179.jpg"
      }
    },
    {
      "type": "Feature",
      "geometry": {
        "type": "Polygon",
        "coordinates": [
          [
            [
              76.76446574537312,
              16.289530702573526
            ],
            [
              76.7651659488797,
              16.289524857973404
            ],
            [
              76.76515859705387,
              16.288703409437687
            ],
            [
              76.76445839645991,
              16.28870925372718
            ],
            [
              76.76446574537312,
              16.289530702573526
            ]
          ]
        ]
      },
      "properties": {
        "id": 180,
        "area": "NRBC_D10_Survey_1",
        "canal": "Lateral 1A",
        "type": "lateral",
        "chainage_m": 600.0,
        "status": "blocked",
        "blockage_pct": 79,
        "lon": 76.7648122,
        "lat": 16.2891171,
        "image": "images/0180.jpg"
      }
    },
    {
      "type": "Feature",
      "geometry": {
        "type": "Polygon",
        "coordinates": [
          [
            [
              76.76470512363778,
              16.28914369945867
            ],
            [
              76.76550264731755,
              16.289137041580418
            ],
            [
              76.76549597735675,
              16.28839190597312
            ],
            [
              76.76469845668615,
              16.288398563530393
            ],
            [
              76.76470512363778,
              16.28914369945867
            ]
          ]
        ]
      },
      "properties": {
        "id": 181,
        "area": "NRBC_D10_Survey_1",
        "canal": "Lateral 1A",
        "type": "lateral",
        "chainage_m": 650.0,
        "status": "blocked",
        "blockage_pct": 92,
        "lon": 76.7651006,
        "lat": 16.2887678,
        "image": "images/0181.jpg"
      }
    },
    {
      "type": "Feature",
      "geometry": {
        "type": "Polygon",
        "coordinates": [
          [
            [
              76.76504639026847,
              16.28883557677304
            ],
            [
              76.76585129999337,
              16.28882885603362
            ],
            [
              76.76584468994866,
              16.288090545266858
            ],
            [
              76.76503978323295,
              16.28809726568522
            ],
            [
              76.76504639026847,
              16.28883557677304
            ]
          ]
        ]
      },
      "properties": {
        "id": 182,
        "area": "NRBC_D10_Survey_1",
        "canal": "Lateral 1A",
        "type": "lateral",
        "chainage_m": 700.0,
        "status": "blocked",
        "blockage_pct": 91,
        "lon": 76.7654455,
        "lat": 16.2884631,
        "image": "images/0182.jpg"
      }
    },
    {
      "type": "Feature",
      "geometry": {
        "type": "Polygon",
        "coordinates": [
          [
            [
              76.76539510433926,
              16.288534216675966
            ],
            [
              76.76620996964719,
              16.288527411558558
            ],
            [
              76.76620346672244,
              16.287801199282246
            ],
            [
              76.76538860441093,
              16.287808004079892
            ],
            [
              76.76539510433926,
              16.288534216675966
            ]
          ]
        ]
      },
      "properties": {
        "id": 183,
        "area": "NRBC_D10_Survey_1",
        "canal": "Lateral 1A",
        "type": "lateral",
        "chainage_m": 750.0,
        "status": "partial",
        "blockage_pct": 53,
        "lon": 76.7657993,
        "lat": 16.2881677,
        "image": "images/0183.jpg"
      }
    },
    {
      "type": "Feature",
      "geometry": {
        "type": "Polygon",
        "coordinates": [
          [
            [
              76.76575485449973,
              16.288245793919092
            ],
            [
              76.76663492040537,
              16.288238442779026
            ],
            [
              76.76662966353976,
              16.287651516961567
            ],
            [
              76.76574960024956,
              16.287658867822458
            ],
            [
              76.76575485449973,
              16.288245793919092
            ]
          ]
        ]
      },
      "properties": {
        "id": 184,
        "area": "NRBC_D10_Survey_1",
        "canal": "Lateral 1A",
        "type": "lateral",
        "chainage_m": 800.0,
        "status": "partial",
        "blockage_pct": 44,
        "lon": 76.7661923,
        "lat": 16.2879487,
        "image": "images/0184.jpg"
      }
    },
    {
      "type": "Feature",
      "geometry": {
        "type": "Polygon",
        "coordinates": [
          [
            [
              76.76618467745462,
              16.288106319950224
            ],
            [
              76.7671007159868,
              16.288098666449898
            ],
            [
              76.76709649162017,
              16.287627140538593
            ],
            [
              76.76618045527506,
              16.2876347938054
            ],
            [
              76.76618467745462,
              16.288106319950224
            ]
          ]
        ]
      },
      "properties": {
        "id": 185,
        "area": "NRBC_D10_Survey_1",
        "canal": "Lateral 1A",
        "type": "lateral",
        "chainage_m": 850.0,
        "status": "blocked",
        "blockage_pct": 69,
        "lon": 76.7666406,
        "lat": 16.2878667,
        "image": "images/0185.jpg"
      }
    },
    {
      "type": "Feature",
      "geometry": {
        "type": "Polygon",
        "coordinates": [
          [
            [
              76.76665207802394,
              16.28810986101981
            ],
            [
              76.76755366272455,
              16.28810232631636
            ],
            [
              76.76754927882278,
              16.28761311830313
            ],
            [
              76.76664769635548,
              16.28762065276808
            ],
            [
              76.76665207802394,
              16.28810986101981
            ]
          ]
        ]
      },
      "properties": {
        "id": 186,
        "area": "NRBC_D10_Survey_1",
        "canal": "Lateral 1A",
        "type": "lateral",
        "chainage_m": 900.0,
        "status": "blocked",
        "blockage_pct": 77,
        "lon": 76.7671007,
        "lat": 16.2878615,
        "image": "images/0186.jpg"
      }
    },
    {
      "type": "Feature",
      "geometry": {
        "type": "Polygon",
        "coordinates": [
          [
            [
              76.76710275559195,
              16.288398028717854
            ],
            [
              76.76791248051394,
              16.28839126004536
            ],
            [
              76.76790592133258,
              16.287659464572112
            ],
            [
              76.76709619941096,
              16.287666232924106
            ],
            [
              76.76710275559195,
              16.288398028717854
            ]
          ]
        ]
      },
      "properties": {
        "id": 187,
        "area": "NRBC_D10_Survey_1",
        "canal": "Lateral 1A",
        "type": "lateral",
        "chainage_m": 950.0,
        "status": "blocked",
        "blockage_pct": 59,
        "lon": 76.7675043,
        "lat": 16.2880287,
        "image": "images/0187.jpg"
      }
    },
    {
      "type": "Feature",
      "geometry": {
        "type": "Polygon",
        "coordinates": [
          [
            [
              76.76746073084718,
              16.288664633154834
            ],
            [
              76.76828908585685,
              16.28865770720869
            ],
            [
              76.7682827309641,
              16.287948867755027
            ],
            [
              76.76745437892761,
              16.28795579338352
            ],
            [
              76.76746073084718,
              16.288664633154834
            ]
          ]
        ]
      },
      "properties": {
        "id": 188,
        "area": "NRBC_D10_Survey_1",
        "canal": "Lateral 1A",
        "type": "lateral",
        "chainage_m": 1000.0,
        "status": "blocked",
        "blockage_pct": 72,
        "lon": 76.7678717,
        "lat": 16.2883068,
        "image": "images/0188.jpg"
      }
    },
    {
      "type": "Feature",
      "geometry": {
        "type": "Polygon",
        "coordinates": [
          [
            [
              76.76783862529031,
              16.288824038406762
            ],
            [
              76.7687048815074,
              16.288816793875576
            ],
            [
              76.76869946250788,
              16.28821249675668
            ],
            [
              76.76783320894148,
              16.288219741004607
            ],
            [
              76.76783862529031,
              16.288824038406762
            ]
          ]
        ]
      },
      "properties": {
        "id": 189,
        "area": "NRBC_D10_Survey_1",
        "canal": "Lateral 1A",
        "type": "lateral",
        "chainage_m": 1050.0,
        "status": "blocked",
        "blockage_pct": 75,
        "lon": 76.768269,
        "lat": 16.2885183,
        "image": "images/0189.jpg"
      }
    },
    {
      "type": "Feature",
      "geometry": {
        "type": "Polygon",
        "coordinates": [
          [
            [
              76.76825567086622,
              16.28880007541106
            ],
            [
              76.76916978443785,
              16.28879242874953
            ],
            [
              76.76916532398737,
              16.288295155631182
            ],
            [
              76.76825121271749,
              16.288302802046683
            ],
            [
              76.76825567086622,
              16.28880007541106
            ]
          ]
        ]
      },
      "properties": {
        "id": 190,
        "area": "NRBC_D10_Survey_1",
        "canal": "Lateral 1A",
        "type": "lateral",
        "chainage_m": 1100.0,
        "status": "blocked",
        "blockage_pct": 87,
        "lon": 76.7687105,
        "lat": 16.2885476,
        "image": "images/0190.jpg"
      }
    },
    {
      "type": "Feature",
      "geometry": {
        "type": "Polygon",
        "coordinates": [
          [
            [
              76.76872033189197,
              16.288748722643533
            ],
            [
              76.76963476618755,
              16.28874107130899
            ],
            [
              76.7696303212794,
              16.28824565959748
            ],
            [
              76.76871588927774,
              16.288253310686766
            ],
            [
              76.76872033189197,
              16.288748722643533
            ]
          ]
        ]
      },
      "properties": {
        "id": 191,
        "area": "NRBC_D10_Survey_1",
        "canal": "Lateral 1A",
        "type": "lateral",
        "chainage_m": 1150.0,
        "status": "blocked",
        "blockage_pct": 88,
        "lon": 76.7691753,
        "lat": 16.2884972,
        "image": "images/0191.jpg"
      }
    },
    {
      "type": "Feature",
      "geometry": {
        "type": "Polygon",
        "coordinates": [
          [
            [
              76.76918533045703,
              16.288699227474623
            ],
            [
              76.77009976429265,
              16.288691574152267
            ],
            [
              76.77009531823114,
              16.288196162563395
            ],
            [
              76.76918088668944,
              16.28820381564042
            ],
            [
              76.76918533045703,
              16.288699227474623
            ]
          ]
        ]
      },
      "properties": {
        "id": 192,
        "area": "NRBC_D10_Survey_1",
        "canal": "Lateral 1A",
        "type": "lateral",
        "chainage_m": 1200.0,
        "status": "blocked",
        "blockage_pct": 82,
        "lon": 76.7696403,
        "lat": 16.2884477,
        "image": "images/0192.jpg"
      }
    },
    {
      "type": "Feature",
      "geometry": {
        "type": "Polygon",
        "coordinates": [
          [
            [
              76.76965032868185,
              16.288649731305277
            ],
            [
              76.77056476205742,
              16.288642075995135
            ],
            [
              76.77056032876598,
              16.288148215598053
            ],
            [
              76.76964589767715,
              16.288155870663577
            ],
            [
              76.76965032868185,
              16.288649731305277
            ]
          ]
        ]
      },
      "properties": {
        "id": 193,
        "area": "NRBC_D10_Survey_1",
        "canal": "Lateral 1A",
        "type": "lateral",
        "chainage_m": 1250.0,
        "status": "blocked",
        "blockage_pct": 72,
        "lon": 76.7701053,
        "lat": 16.288399,
        "image": "images/0193.jpg"
      }
    },
    {
      "type": "Feature",
      "geometry": {
        "type": "Polygon",
        "coordinates": [
          [
            [
              76.7701153404867,
              16.288601785204957
            ],
            [
              76.77102624030097,
              16.2885941574995
            ],
            [
              76.77102159974879,
              16.288077341406442
            ],
            [
              76.77011070231825,
              16.288084968856833
            ],
            [
              76.7701153404867,
              16.288601785204957
            ]
          ]
        ]
      },
      "properties": {
        "id": 194,
        "area": "NRBC_D10_Survey_1",
        "canal": "Lateral 1A",
        "type": "lateral",
        "chainage_m": 1300.0,
        "status": "blocked",
        "blockage_pct": 69,
        "lon": 76.7705685,
        "lat": 16.2883396,
        "image": "images/0194.jpg"
      }
    },
    {
      "type": "Feature",
      "geometry": {
        "type": "Polygon",
        "coordinates": [
          [
            [
              76.77057627487595,
              16.288529053273866
            ],
            [
              76.77147111455304,
              16.288521558164753
            ],
            [
              76.771465865493,
              16.287937115611253
            ],
            [
              76.77057102846406,
              16.287944610436938
            ],
            [
              76.77057627487595,
              16.288529053273866
            ]
          ]
        ]
      },
      "properties": {
        "id": 195,
        "area": "NRBC_D10_Survey_1",
        "canal": "Lateral 1A",
        "type": "lateral",
        "chainage_m": 1350.0,
        "status": "blocked",
        "blockage_pct": 73,
        "lon": 76.7710211,
        "lat": 16.2882331,
        "image": "images/0195.jpg"
      }
    },
    {
      "type": "Feature",
      "geometry": {
        "type": "Polygon",
        "coordinates": [
          [
            [
              76.7710202124723,
              16.288387900337966
            ],
            [
              76.77192597179314,
              16.288380311898873
            ],
            [
              76.77192107535255,
              16.287835266609832
            ],
            [
              76.77101531853144,
              16.287842854781296
            ],
            [
              76.7710202124723,
              16.288387900337966
            ]
          ]
        ]
      },
      "properties": {
        "id": 196,
        "area": "NRBC_D10_Survey_1",
        "canal": "Lateral 1A",
        "type": "lateral",
        "chainage_m": 1400.0,
        "status": "blocked",
        "blockage_pct": 65,
        "lon": 76.7714706,
        "lat": 16.2881116,
        "image": "images/0196.jpg"
      }
    },
    {
      "type": "Feature",
      "geometry": {
        "type": "Polygon",
        "coordinates": [
          [
            [
              76.77147575880176,
              16.28828760055265
            ],
            [
              76.77238023267444,
              16.288280020977343
            ],
            [
              76.77237526811173,
              16.287727530692848
            ],
            [
              76.77147079676932,
              16.287735109997193
            ],
            [
              76.77147575880176,
              16.28828760055265
            ]
          ]
        ]
      },
      "properties": {
        "id": 197,
        "area": "NRBC_D10_Survey_1",
        "canal": "Lateral 1A",
        "type": "lateral",
        "chainage_m": 1450.0,
        "status": "blocked",
        "blockage_pct": 82,
        "lon": 76.7719255,
        "lat": 16.2880076,
        "image": "images/0197.jpg"
      }
    },
    {
      "type": "Feature",
      "geometry": {
        "type": "Polygon",
        "coordinates": [
          [
            [
              76.77192962058339,
              16.28817862730752
            ],
            [
              76.77283602087755,
              16.288171029682843
            ],
            [
              76.77283113314203,
              16.28762722550628
            ],
            [
              76.77192473534366,
              16.287634822863623
            ],
            [
              76.77192962058339,
              16.28817862730752
            ]
          ]
        ]
      },
      "properties": {
        "id": 198,
        "area": "NRBC_D10_Survey_1",
        "canal": "Lateral 1A",
        "type": "lateral",
        "chainage_m": 1500.0,
        "status": "blocked",
        "blockage_pct": 95,
        "lon": 76.7723804,
        "lat": 16.2879029,
        "image": "images/0198.jpg"
      }
    },
    {
      "type": "Feature",
      "geometry": {
        "type": "Polygon",
        "coordinates": [
          [
            [
              76.77238581372671,
              16.288078940695787
            ],
            [
              76.7732896438149,
              16.28807136271052
            ],
            [
              76.77328466003974,
              16.287517011407814
            ],
            [
              76.7723808324885,
              16.287524589121265
            ],
            [
              76.77238581372671,
              16.288078940695787
            ]
          ]
        ]
      },
      "properties": {
        "id": 199,
        "area": "NRBC_D10_Survey_1",
        "canal": "Lateral 1A",
        "type": "lateral",
        "chainage_m": 1550.0,
        "status": "blocked",
        "blockage_pct": 78,
        "lon": 76.7728352,
        "lat": 16.287798,
        "image": "images/0199.jpg"
      }
    },
    {
      "type": "Feature",
      "geometry": {
        "type": "Polygon",
        "coordinates": [
          [
            [
              76.77283933641057,
              16.287968107003422
            ],
            [
              76.77374380814861,
              16.287960521741653
            ],
            [
              76.77373884823913,
              16.28740896248979
            ],
            [
              76.77283437902703,
              16.28741654748084
            ],
            [
              76.77283933641057,
              16.287968107003422
            ]
          ]
        ]
      },
      "properties": {
        "id": 200,
        "area": "NRBC_D10_Survey_1",
        "canal": "Lateral 1A",
        "type": "lateral",
        "chainage_m": 1600.0,
        "status": "blocked",
        "blockage_pct": 87,
        "lon": 76.7732891,
        "lat": 16.2876885,
        "image": "images/0200.jpg"
      }
    },
    {
      "type": "Feature",
      "geometry": {
        "type": "Polygon",
        "coordinates": [
          [
            [
              76.77329352317958,
              16.287859748706754
            ],
            [
              76.77419446110864,
              16.28785219119669
            ],
            [
              76.77418937720394,
              16.287286982691832
            ],
            [
              76.77328844185317,
              16.287294539925497
            ],
            [
              76.77329352317958,
              16.287859748706754
            ]
          ]
        ]
      },
      "properties": {
        "id": 201,
        "area": "NRBC_D10_Survey_1",
        "canal": "Lateral 1A",
        "type": "lateral",
        "chainage_m": 1650.0,
        "status": "blocked",
        "blockage_pct": 84,
        "lon": 76.7737415,
        "lat": 16.2875734,
        "image": "images/0201.jpg"
      }
    },
    {
      "type": "Feature",
      "geometry": {
        "type": "Polygon",
        "coordinates": [
          [
            [
              76.77374372954172,
              16.287737462215116
            ],
            [
              76.774643703123,
              16.287729910929496
            ],
            [
              76.77463858727161,
              16.287161290211355
            ],
            [
              76.7737386162814,
              16.287168841219138
            ],
            [
              76.77374372954172,
              16.287737462215116
            ]
          ]
        ]
      },
      "properties": {
        "id": 202,
        "area": "NRBC_D10_Survey_1",
        "canal": "Lateral 1A",
        "type": "lateral",
        "chainage_m": 1700.0,
        "status": "blocked",
        "blockage_pct": 86,
        "lon": 76.7741912,
        "lat": 16.2874494,
        "image": "images/0202.jpg"
      }
    },
    {
      "type": "Feature",
      "geometry": {
        "type": "Polygon",
        "coordinates": [
          [
            [
              76.77419293819966,
              16.28761146034429
            ],
            [
              76.77509483812244,
              16.28760389102627
            ],
            [
              76.77508978801123,
              16.287042715555152
            ],
            [
              76.77418789065105,
              16.287050284598315
            ],
            [
              76.77419293819966,
              16.28761146034429
            ]
          ]
        ]
      },
      "properties": {
        "id": 203,
        "area": "NRBC_D10_Survey_1",
        "canal": "Lateral 1A",
        "type": "lateral",
        "chainage_m": 1750.0,
        "status": "blocked",
        "blockage_pct": 78,
        "lon": 76.7746414,
        "lat": 16.2873271,
        "image": "images/0203.jpg"
      }
    },
    {
      "type": "Feature",
      "geometry": {
        "type": "Polygon",
        "coordinates": [
          [
            [
              76.77464446987197,
              16.287493814459893
            ],
            [
              76.77554765379179,
              16.287486232481797
            ],
            [
              76.77554263873108,
              16.286929089911972
            ],
            [
              76.77463945735904,
              16.286936671616736
            ],
            [
              76.77464446987197,
              16.287493814459893
            ]
          ]
        ]
      },
      "properties": {
        "id": 204,
        "area": "NRBC_D10_Survey_1",
        "canal": "Lateral 1A",
        "type": "lateral",
        "chainage_m": 1800.0,
        "status": "blocked",
        "blockage_pct": 89,
        "lon": 76.7750936,
        "lat": 16.2872115,
        "image": "images/0204.jpg"
      }
    },
    {
      "type": "Feature",
      "geometry": {
        "type": "Polygon",
        "coordinates": [
          [
            [
              76.77509699797763,
              16.287379882130942
            ],
            [
              76.77599857520951,
              16.28737231176033
            ],
            [
              76.77599349746696,
              16.28680834463638
            ],
            [
              76.77509192280947,
              16.286815914730727
            ],
            [
              76.77509699797763,
              16.287379882130942
            ]
          ]
        ]
      },
      "properties": {
        "id": 205,
        "area": "NRBC_D10_Survey_1",
        "canal": "Lateral 1A",
        "type": "lateral",
        "chainage_m": 1850.0,
        "status": "blocked",
        "blockage_pct": 91,
        "lon": 76.7755452,
        "lat": 16.2870941,
        "image": "images/0205.jpg"
      }
    },
    {
      "type": "Feature",
      "geometry": {
        "type": "Polygon",
        "coordinates": [
          [
            [
              76.77554786088128,
              16.287259447895043
            ],
            [
              76.77645007971873,
              16.287251870260466
            ],
            [
              76.77644503145571,
              16.286691315610344
            ],
            [
              76.7755428151789,
              16.28669889297006
            ],
            [
              76.77554786088128,
              16.287259447895043
            ]
          ]
        ]
      },
      "properties": {
        "id": 206,
        "area": "NRBC_D10_Survey_1",
        "canal": "Lateral 1A",
        "type": "lateral",
        "chainage_m": 1900.0,
        "status": "blocked",
        "blockage_pct": 95,
        "lon": 76.7759964,
        "lat": 16.2869754,
        "image": "images/0206.jpg"
      }
    },
    {
      "type": "Feature",
      "geometry": {
        "type": "Polygon",
        "coordinates": [
          [
            [
              76.77599939065423,
              16.28714179927165
            ],
            [
              76.77690032397891,
              16.287134230560238
            ],
            [
              76.77689524373737,
              16.286570263700487
            ],
            [
              76.77599431298522,
              16.286577832135688
            ],
            [
              76.77599939065423,
              16.28714179927165
            ]
          ]
        ]
      },
      "properties": {
        "id": 207,
        "area": "NRBC_D10_Survey_1",
        "canal": "Lateral 1A",
        "type": "lateral",
        "chainage_m": 1950.0,
        "status": "blocked",
        "blockage_pct": 90,
        "lon": 76.7764473,
        "lat": 16.286856,
        "image": "images/0207.jpg"
      }
    },
    {
      "type": "Feature",
      "geometry": {
        "type": "Polygon",
        "coordinates": [
          [
            [
              76.77644993108528,
              16.287021365914647
            ],
            [
              76.7772069714129,
              16.287015004728914
            ],
            [
              76.77720223689202,
              16.286489504338483
            ],
            [
              76.77644519857861,
              16.28649586530791
            ],
            [
              76.77644993108528,
              16.287021365914647
            ]
          ]
        ]
      },
      "properties": {
        "id": 208,
        "area": "NRBC_D10_Survey_1",
        "canal": "Lateral 1A",
        "type": "lateral",
        "chainage_m": 2000.0,
        "status": "blocked",
        "blockage_pct": 76,
        "lon": 76.7768261,
        "lat": 16.2867554,
        "image": "images/0208.jpg"
      }
    },
    {
      "type": "Feature",
      "geometry": {
        "type": "Polygon",
        "coordinates": [
          [
            [
              76.78580307900798,
              16.306889747001573
            ],
            [
              76.7866539876208,
              16.306882551426053
            ],
            [
              76.78664904176138,
              16.306337201255616
            ],
            [
              76.78579813550103,
              16.30634439657749
            ],
            [
              76.78580307900798,
              16.306889747001573
            ]
          ]
        ]
      },
      "properties": {
        "id": 209,
        "area": "NRBC_D10_Survey_1",
        "canal": "lateral 2",
        "type": "lateral",
        "chainage_m": 0.0,
        "status": "blocked",
        "blockage_pct": 94,
        "lon": 76.7862261,
        "lat": 16.3066135,
        "image": "images/0209.jpg"
      }
    },
    {
      "type": "Feature",
      "geometry": {
        "type": "Polygon",
        "coordinates": [
          [
            [
              76.78538484700228,
              16.30699907243415
            ],
            [
              76.7862543869824,
              16.306991720946062
            ],
            [
              76.7862493803149,
              16.306439546027942
            ],
            [
              76.78537984276883,
              16.306446897253643
            ],
            [
              76.78538484700228,
              16.30699907243415
            ]
          ]
        ]
      },
      "properties": {
        "id": 210,
        "area": "NRBC_D10_Survey_1",
        "canal": "lateral 2",
        "type": "lateral",
        "chainage_m": 50.0,
        "status": "partial",
        "blockage_pct": 96,
        "lon": 76.7858171,
        "lat": 16.3067193,
        "image": "images/0210.jpg"
      }
    },
    {
      "type": "Feature",
      "geometry": {
        "type": "Polygon",
        "coordinates": [
          [
            [
              76.7850050836411,
              16.307028651943824
            ],
            [
              76.78584025348982,
              16.307021592595614
            ],
            [
              76.78583492740157,
              16.306434053533323
            ],
            [
              76.78499976004042,
              16.306441112613438
            ],
            [
              76.7850050836411,
              16.307028651943824
            ]
          ]
        ]
      },
      "properties": {
        "id": 211,
        "area": "NRBC_D10_Survey_1",
        "canal": "lateral 2",
        "type": "lateral",
        "chainage_m": 100.0,
        "status": "partial",
        "blockage_pct": 98,
        "lon": 76.78542,
        "lat": 16.3067314,
        "image": "images/0211.jpg"
      }
    },
    {
      "type": "Feature",
      "geometry": {
        "type": "Polygon",
        "coordinates": [
          [
            [
              76.78466448498857,
              16.306877963792658
            ],
            [
              76.78550093922992,
              16.306870894993146
            ],
            [
              76.78549520373197,
              16.30623806504099
            ],
            [
              76.78465875217405,
              16.306245133551347
            ],
            [
              76.78466448498857,
              16.306877963792658
            ]
          ]
        ]
      },
      "properties": {
        "id": 212,
        "area": "NRBC_D10_Survey_1",
        "canal": "lateral 2",
        "type": "lateral",
        "chainage_m": 150.0,
        "status": "blocked",
        "blockage_pct": 93,
        "lon": 76.7850798,
        "lat": 16.306558,
        "image": "images/0212.jpg"
      }
    },
    {
      "type": "Feature",
      "geometry": {
        "type": "Polygon",
        "coordinates": [
          [
            [
              76.78422433236285,
              16.30669523109718
            ],
            [
              76.78511250223777,
              16.30668772707147
            ],
            [
              76.78510708286647,
              16.306089640588112
            ],
            [
              76.78421891568443,
              16.30609714432372
            ],
            [
              76.78422433236285,
              16.30669523109718
            ]
          ]
        ]
      },
      "properties": {
        "id": 213,
        "area": "NRBC_D10_Survey_1",
        "canal": "lateral 2",
        "type": "lateral",
        "chainage_m": 200.0,
        "status": "partial",
        "blockage_pct": 84,
        "lon": 76.7846657,
        "lat": 16.3063924,
        "image": "images/0213.jpg"
      }
    },
    {
      "type": "Feature",
      "geometry": {
        "type": "Polygon",
        "coordinates": [
          [
            [
              76.78378191969493,
              16.30654664231622
            ],
            [
              76.78467298008167,
              16.30653911579132
            ],
            [
              76.78466784310666,
              16.305972050247707
            ],
            [
              76.78377678528142,
              16.305979576496725
            ],
            [
              76.78378191969493,
              16.30654664231622
            ]
          ]
        ]
      },
      "properties": {
        "id": 214,
        "area": "NRBC_D10_Survey_1",
        "canal": "lateral 2",
        "type": "lateral",
        "chainage_m": 250.0,
        "status": "partial",
        "blockage_pct": 85,
        "lon": 76.7842249,
        "lat": 16.3062593,
        "image": "images/0214.jpg"
      }
    },
    {
      "type": "Feature",
      "geometry": {
        "type": "Polygon",
        "coordinates": [
          [
            [
              76.78331732558229,
              16.30643174517189
            ],
            [
              76.78423022852735,
              16.306424036159584
            ],
            [
              76.78422576431007,
              16.305931110900588
            ],
            [
              76.78331286364617,
              16.30593881966726
            ],
            [
              76.78331732558229,
              16.30643174517189
            ]
          ]
        ]
      },
      "properties": {
        "id": 215,
        "area": "NRBC_D10_Survey_1",
        "canal": "lateral 2",
        "type": "lateral",
        "chainage_m": 300.0,
        "status": "partial",
        "blockage_pct": 85,
        "lon": 76.7837715,
        "lat": 16.3061814,
        "image": "images/0215.jpg"
      }
    },
    {
      "type": "Feature",
      "geometry": {
        "type": "Polygon",
        "coordinates": [
          [
            [
              76.78285182203241,
              16.306393792887196
            ],
            [
              76.78376600990762,
              16.30638607505342
            ],
            [
              76.78376168448708,
              16.305908350010203
            ],
            [
              76.7828474988258,
              16.30591606760565
            ],
            [
              76.78285182203241,
              16.306393792887196
            ]
          ]
        ]
      },
      "properties": {
        "id": 216,
        "area": "NRBC_D10_Survey_1",
        "canal": "lateral 2",
        "type": "lateral",
        "chainage_m": 350.0,
        "status": "blocked",
        "blockage_pct": 72,
        "lon": 76.7833068,
        "lat": 16.3061511,
        "image": "images/0216.jpg"
      }
    },
    {
      "type": "Feature",
      "geometry": {
        "type": "Polygon",
        "coordinates": [
          [
            [
              76.78244813005405,
              16.306370519503357
            ],
            [
              76.7833006440785,
              16.306363324101614
            ],
            [
              76.78329484563695,
              16.305722738078718
            ],
            [
              76.78244233438087,
              16.305729933182512
            ],
            [
              76.78244813005405,
              16.306370519503357
            ]
          ]
        ]
      },
      "properties": {
        "id": 217,
        "area": "NRBC_D10_Survey_1",
        "canal": "lateral 2",
        "type": "lateral",
        "chainage_m": 400.0,
        "status": "partial",
        "blockage_pct": 58,
        "lon": 76.7828715,
        "lat": 16.3060466,
        "image": "images/0217.jpg"
      }
    },
    {
      "type": "Feature",
      "geometry": {
        "type": "Polygon",
        "coordinates": [
          [
            [
              76.78210677794556,
              16.30617174686225
            ],
            [
              76.78290082955526,
              16.30616504636232
            ],
            [
              76.78289406118844,
              16.30541712710043
            ],
            [
              76.78210001258927,
              16.30542382727642
            ],
            [
              76.78210677794556,
              16.30617174686225
            ]
          ]
        ]
      },
      "properties": {
        "id": 218,
        "area": "NRBC_D10_Survey_1",
        "canal": "lateral 2",
        "type": "lateral",
        "chainage_m": 450.0,
        "status": "blocked",
        "blockage_pct": 72,
        "lon": 76.7825004,
        "lat": 16.3057944,
        "image": "images/0218.jpg"
      }
    },
    {
      "type": "Feature",
      "geometry": {
        "type": "Polygon",
        "coordinates": [
          [
            [
              76.7817390739495,
              16.305865234065745
            ],
            [
              76.78255882190577,
              16.30585831822412
            ],
            [
              76.78255231037382,
              16.30513862802933
            ],
            [
              76.78173256540816,
              16.305145543549216
            ],
            [
              76.7817390739495,
              16.305865234065745
            ]
          ]
        ]
      },
      "properties": {
        "id": 219,
        "area": "NRBC_D10_Survey_1",
        "canal": "lateral 2",
        "type": "lateral",
        "chainage_m": 500.0,
        "status": "partial",
        "blockage_pct": 49,
        "lon": 76.7821457,
        "lat": 16.3055019,
        "image": "images/0219.jpg"
      }
    },
    {
      "type": "Feature",
      "geometry": {
        "type": "Polygon",
        "coordinates": [
          [
            [
              76.78138191930732,
              16.30558841412986
            ],
            [
              76.78219010244612,
              16.305581597347636
            ],
            [
              76.78218348574956,
              16.304850118956928
            ],
            [
              76.7813753056074,
              16.304856935416815
            ],
            [
              76.78138191930732,
              16.30558841412986
            ]
          ]
        ]
      },
      "properties": {
        "id": 220,
        "area": "NRBC_D10_Survey_1",
        "canal": "lateral 2",
        "type": "lateral",
        "chainage_m": 550.0,
        "status": "partial",
        "blockage_pct": 60,
        "lon": 76.7817827,
        "lat": 16.3052193,
        "image": "images/0220.jpg"
      }
    },
    {
      "type": "Feature",
      "geometry": {
        "type": "Polygon",
        "coordinates": [
          [
            [
              76.78103270073035,
              16.30530097858612
            ],
            [
              76.78183188876909,
              16.305294239119483
            ],
            [
              76.7818251641155,
              16.30455066231959
            ],
            [
              76.78102597908902,
              16.30455740146227
            ],
            [
              76.78103270073035,
              16.30530097858612
            ]
          ]
        ]
      },
      "properties": {
        "id": 221,
        "area": "NRBC_D10_Survey_1",
        "canal": "lateral 2",
        "type": "lateral",
        "chainage_m": 600.0,
        "status": "blocked",
        "blockage_pct": 65,
        "lon": 76.7814289,
        "lat": 16.3049258,
        "image": "images/0221.jpg"
      }
    },
    {
      "type": "Feature",
      "geometry": {
        "type": "Polygon",
        "coordinates": [
          [
            [
              76.78076141264853,
              16.30499892487157
            ],
            [
              76.7814838288267,
              16.304992833973625
            ],
            [
              76.7814765306408,
              16.304185663651467
            ],
            [
              76.78075411741834,
              16.304191754231585
            ],
            [
              76.78076141264853,
              16.30499892487157
            ]
          ]
        ]
      },
      "properties": {
        "id": 222,
        "area": "NRBC_D10_Survey_1",
        "canal": "lateral 2",
        "type": "lateral",
        "chainage_m": 650.0,
        "status": "partial",
        "blockage_pct": 64,
        "lon": 76.781119,
        "lat": 16.3045923,
        "image": "images/0222.jpg"
      }
    },
    {
      "type": "Feature",
      "geometry": {
        "type": "Polygon",
        "coordinates": [
          [
            [
              76.7804937013165,
              16.30463045022719
            ],
            [
              76.78121611624961,
              16.304624360378124
            ],
            [
              76.78120881092137,
              16.303816259275205
            ],
            [
              76.7804863989473,
              16.30382234880613
            ],
            [
              76.7804937013165,
              16.30463045022719
            ]
          ]
        ]
      },
      "properties": {
        "id": 223,
        "area": "NRBC_D10_Survey_1",
        "canal": "lateral 2",
        "type": "lateral",
        "chainage_m": 700.0,
        "status": "partial",
        "blockage_pct": 71,
        "lon": 76.7808513,
        "lat": 16.3042234,
        "image": "images/0223.jpg"
      }
    },
    {
      "type": "Feature",
      "geometry": {
        "type": "Polygon",
        "coordinates": [
          [
            [
              76.7802687014838,
              16.304260374277952
            ],
            [
              76.7809487147113,
              16.304254642777444
            ],
            [
              76.78094120878212,
              16.30342420629138
            ],
            [
              76.78026119841691,
              16.303429937484186
            ],
            [
              76.7802687014838,
              16.304260374277952
            ]
          ]
        ]
      },
      "properties": {
        "id": 224,
        "area": "NRBC_D10_Survey_1",
        "canal": "lateral 2",
        "type": "lateral",
        "chainage_m": 750.0,
        "status": "partial",
        "blockage_pct": 40,
        "lon": 76.780605,
        "lat": 16.3038423,
        "image": "images/0224.jpg"
      }
    },
    {
      "type": "Feature",
      "geometry": {
        "type": "Polygon",
        "coordinates": [
          [
            [
              76.78004638329637,
              16.30386700775258
            ],
            [
              76.78072511038982,
              16.303861287931685
            ],
            [
              76.78071757756037,
              16.303027749196684
            ],
            [
              76.78003885333435,
              16.30303346870935
            ],
            [
              76.78004638329637,
              16.30386700775258
            ]
          ]
        ]
      },
      "properties": {
        "id": 225,
        "area": "NRBC_D10_Survey_1",
        "canal": "lateral 2",
        "type": "lateral",
        "chainage_m": 800.0,
        "status": "clear",
        "blockage_pct": 51,
        "lon": 76.780382,
        "lat": 16.3034474,
        "image": "images/0225.jpg"
      }
    },
    {
      "type": "Feature",
      "geometry": {
        "type": "Polygon",
        "coordinates": [
          [
            [
              76.7798590560046,
              16.30347086423447
            ],
            [
              76.7805014845952,
              16.303465451053164
            ],
            [
              76.78049380434928,
              16.302615470963904
            ],
            [
              76.77985137852623,
              16.302620883847744
            ],
            [
              76.7798590560046,
              16.30347086423447
            ]
          ]
        ]
      },
      "properties": {
        "id": 226,
        "area": "NRBC_D10_Survey_1",
        "canal": "lateral 2",
        "type": "lateral",
        "chainage_m": 850.0,
        "status": "clear",
        "blockage_pct": 46,
        "lon": 76.7801764,
        "lat": 16.3030432,
        "image": "images/0226.jpg"
      }
    },
    {
      "type": "Feature",
      "geometry": {
        "type": "Polygon",
        "coordinates": [
          [
            [
              76.77961409779446,
              16.303060314614356
            ],
            [
              76.780311452659,
              16.30305443946752
            ],
            [
              76.78030402286431,
              16.30223206810453
            ],
            [
              76.7796066709063,
              16.302237942938998
            ],
            [
              76.77961409779446,
              16.303060314614356
            ]
          ]
        ]
      },
      "properties": {
        "id": 227,
        "area": "NRBC_D10_Survey_1",
        "canal": "lateral 2",
        "type": "lateral",
        "chainage_m": 900.0,
        "status": "partial",
        "blockage_pct": 59,
        "lon": 76.7799591,
        "lat": 16.3026462,
        "image": "images/0227.jpg"
      }
    },
    {
      "type": "Feature",
      "geometry": {
        "type": "Polygon",
        "coordinates": [
          [
            [
              76.77938254010077,
              16.30267509105589
            ],
            [
              76.78007025730017,
              16.302669297997003
            ],
            [
              76.78006276985272,
              16.30184041204766
            ],
            [
              76.77937505554233,
              16.301846204796096
            ],
            [
              76.77938254010077,
              16.30267509105589
            ]
          ]
        ]
      },
      "properties": {
        "id": 228,
        "area": "NRBC_D10_Survey_1",
        "canal": "lateral 2",
        "type": "lateral",
        "chainage_m": 950.0,
        "status": "clear",
        "blockage_pct": 53,
        "lon": 76.7797227,
        "lat": 16.3022578,
        "image": "images/0228.jpg"
      }
    },
    {
      "type": "Feature",
      "geometry": {
        "type": "Polygon",
        "coordinates": [
          [
            [
              76.7790703030001,
              16.302284341799542
            ],
            [
              76.77983800084671,
              16.302277876142885
            ],
            [
              76.77983118416668,
              16.301523130694772
            ],
            [
              76.77906348925653,
              16.30152959603592
            ],
            [
              76.7790703030001,
              16.302284341799542
            ]
          ]
        ]
      },
      "properties": {
        "id": 229,
        "area": "NRBC_D10_Survey_1",
        "canal": "lateral 2",
        "type": "lateral",
        "chainage_m": 1000.0,
        "status": "clear",
        "blockage_pct": 52,
        "lon": 76.7794507,
        "lat": 16.3019037,
        "image": "images/0229.jpg"
      }
    },
    {
      "type": "Feature",
      "geometry": {
        "type": "Polygon",
        "coordinates": [
          [
            [
              76.77865441245105,
              16.30197636675909
            ],
            [
              76.7795184728656,
              16.301969091150724
            ],
            [
              76.77951256511341,
              16.301314854214457
            ],
            [
              76.77864850756373,
              16.301322129515064
            ],
            [
              76.77865441245105,
              16.30197636675909
            ]
          ]
        ]
      },
      "properties": {
        "id": 230,
        "area": "NRBC_D10_Survey_1",
        "canal": "lateral 2",
        "type": "lateral",
        "chainage_m": 1050.0,
        "status": "clear",
        "blockage_pct": 52,
        "lon": 76.7790835,
        "lat": 16.3016456,
        "image": "images/0230.jpg"
      }
    },
    {
      "type": "Feature",
      "geometry": {
        "type": "Polygon",
        "coordinates": [
          [
            [
              76.77823654480426,
              16.301769544247705
            ],
            [
              76.77910317420273,
              16.301762248799903
            ],
            [
              76.77909730431386,
              16.30111204445877
            ],
            [
              76.77823067777105,
              16.301119339599865
            ],
            [
              76.77823654480426,
              16.301769544247705
            ]
          ]
        ]
      },
      "properties": {
        "id": 231,
        "area": "NRBC_D10_Survey_1",
        "canal": "lateral 2",
        "type": "lateral",
        "chainage_m": 1100.0,
        "status": "clear",
        "blockage_pct": 52,
        "lon": 76.7786669,
        "lat": 16.3014408,
        "image": "images/0231.jpg"
      }
    },
    {
      "type": "Feature",
      "geometry": {
        "type": "Polygon",
        "coordinates": [
          [
            [
              76.77782416935158,
              16.30156608720717
            ],
            [
              76.77868565866726,
              16.30155883680291
            ],
            [
              76.77867970344019,
              16.30089901572677
            ],
            [
              76.77781821700516,
              16.30090626582171
            ],
            [
              76.77782416935158,
              16.30156608720717
            ]
          ]
        ]
      },
      "properties": {
        "id": 232,
        "area": "NRBC_D10_Survey_1",
        "canal": "lateral 2",
        "type": "lateral",
        "chainage_m": 1150.0,
        "status": "clear",
        "blockage_pct": 55,
        "lon": 76.7782519,
        "lat": 16.3012326,
        "image": "images/0232.jpg"
      }
    },
    {
      "type": "Feature",
      "geometry": {
        "type": "Polygon",
        "coordinates": [
          [
            [
              76.77741074152262,
              16.301352710586453
            ],
            [
              76.77827351494459,
              16.301345451146084
            ],
            [
              76.7782675863709,
              16.300688421817842
            ],
            [
              76.77740481582165,
              16.30069568094982
            ],
            [
              76.77741074152262,
              16.301352710586453
            ]
          ]
        ]
      },
      "properties": {
        "id": 233,
        "area": "NRBC_D10_Survey_1",
        "canal": "lateral 2",
        "type": "lateral",
        "chainage_m": 1200.0,
        "status": "partial",
        "blockage_pct": 54,
        "lon": 76.7778392,
        "lat": 16.3010206,
        "image": "images/0233.jpg"
      }
    },
    {
      "type": "Feature",
      "geometry": {
        "type": "Polygon",
        "coordinates": [
          [
            [
              76.77699125347526,
              16.301144037575167
            ],
            [
              76.77785916555557,
              16.30113673669445
            ],
            [
              76.7778533419832,
              16.300491185057563
            ],
            [
              76.77698543274218,
              16.300498485633536
            ],
            [
              76.77699125347526,
              16.301144037575167
            ]
          ]
        ]
      },
      "properties": {
        "id": 234,
        "area": "NRBC_D10_Survey_1",
        "canal": "lateral 2",
        "type": "lateral",
        "chainage_m": 1250.0,
        "status": "partial",
        "blockage_pct": 34,
        "lon": 76.7774223,
        "lat": 16.3008176,
        "image": "images/0234.jpg"
      }
    },
    {
      "type": "Feature",
      "geometry": {
        "type": "Polygon",
        "coordinates": [
          [
            [
              76.77658823748985,
              16.30094515270044
            ],
            [
              76.77744073077383,
              16.300937983258617
            ],
            [
              76.77743464846154,
              16.300263581717594
            ],
            [
              76.776582158091,
              16.30027075084679
            ],
            [
              76.77658823748985,
              16.30094515270044
            ]
          ]
        ]
      },
      "properties": {
        "id": 235,
        "area": "NRBC_D10_Survey_1",
        "canal": "lateral 2",
        "type": "lateral",
        "chainage_m": 1300.0,
        "status": "partial",
        "blockage_pct": 52,
        "lon": 76.7770114,
        "lat": 16.3006044,
        "image": "images/0235.jpg"
      }
    },
    {
      "type": "Feature",
      "geometry": {
        "type": "Polygon",
        "coordinates": [
          [
            [
              76.77616665604477,
              16.300717881325365
            ],
            [
              76.77703713632148,
              16.300710562405037
            ],
            [
              76.77703133797768,
              16.300067492152195
            ],
            [
              76.77616086053763,
              16.30007481076819
            ],
            [
              76.77616665604477,
              16.300717881325365
            ]
          ]
        ]
      },
      "properties": {
        "id": 236,
        "area": "NRBC_D10_Survey_1",
        "canal": "lateral 2",
        "type": "lateral",
        "chainage_m": 1350.0,
        "status": "partial",
        "blockage_pct": 48,
        "lon": 76.776599,
        "lat": 16.3003927,
        "image": "images/0236.jpg"
      }
    },
    {
      "type": "Feature",
      "geometry": {
        "type": "Polygon",
        "coordinates": [
          [
            [
              76.77574600582412,
              16.30052255550582
            ],
            [
              76.77661552180739,
              16.300515246505128
            ],
            [
              76.7766097137269,
              16.29987093524294
            ],
            [
              76.77574020058259,
              16.299878243939133
            ],
            [
              76.77574600582412,
              16.30052255550582
            ]
          ]
        ]
      },
      "properties": {
        "id": 237,
        "area": "NRBC_D10_Survey_1",
        "canal": "lateral 2",
        "type": "lateral",
        "chainage_m": 1400.0,
        "status": "partial",
        "blockage_pct": 40,
        "lon": 76.7761779,
        "lat": 16.3001967,
        "image": "images/0237.jpg"
      }
    },
    {
      "type": "Feature",
      "geometry": {
        "type": "Polygon",
        "coordinates": [
          [
            [
              76.77533561552958,
              16.300324970915057
            ],
            [
              76.77619517333002,
              16.300317747389684
            ],
            [
              76.7761891989605,
              16.29965482321572
            ],
            [
              76.77532964404755,
              16.299662046431447
            ],
            [
              76.77533561552958,
              16.300324970915057
            ]
          ]
        ]
      },
      "properties": {
        "id": 238,
        "area": "NRBC_D10_Survey_1",
        "canal": "lateral 2",
        "type": "lateral",
        "chainage_m": 1450.0,
        "status": "partial",
        "blockage_pct": 55,
        "lon": 76.7757624,
        "lat": 16.2999899,
        "image": "images/0238.jpg"
      }
    },
    {
      "type": "Feature",
      "geometry": {
        "type": "Polygon",
        "coordinates": [
          [
            [
              76.7748967975022,
              16.300109630530766
            ],
            [
              76.77578462101226,
              16.30010217134004
            ],
            [
              76.77577937199574,
              16.299519592071317
            ],
            [
              76.77489155110663,
              16.29952705098105
            ],
            [
              76.7748967975022,
              16.300109630530766
            ]
          ]
        ]
      },
      "properties": {
        "id": 239,
        "area": "NRBC_D10_Survey_1",
        "canal": "lateral 2",
        "type": "lateral",
        "chainage_m": 1500.0,
        "status": "partial",
        "blockage_pct": 45,
        "lon": 76.7753381,
        "lat": 16.2998146,
        "image": "images/0239.jpg"
      }
    },
    {
      "type": "Feature",
      "geometry": {
        "type": "Polygon",
        "coordinates": [
          [
            [
              76.7744285714758,
              16.299981712486225
            ],
            [
              76.7753446610676,
              16.299974017837137
            ],
            [
              76.77534041373335,
              16.29950249456435
            ],
            [
              76.77442432633038,
              16.299510188978825
            ],
            [
              76.7744285714758,
              16.299981712486225
            ]
          ]
        ]
      },
      "properties": {
        "id": 240,
        "area": "NRBC_D10_Survey_1",
        "canal": "lateral 2",
        "type": "lateral",
        "chainage_m": 1550.0,
        "status": "clear",
        "blockage_pct": 45,
        "lon": 76.7748845,
        "lat": 16.2997421,
        "image": "images/0240.jpg"
      }
    },
    {
      "type": "Feature",
      "geometry": {
        "type": "Polygon",
        "coordinates": [
          [
            [
              76.77396295159659,
              16.29996483608009
            ],
            [
              76.77487711408496,
              16.2999571596445
            ],
            [
              76.77487269467578,
              16.299466403059522
            ],
            [
              76.77395853446075,
              16.299474079251503
            ],
            [
              76.77396295159659,
              16.29996483608009
            ]
          ]
        ]
      },
      "properties": {
        "id": 241,
        "area": "NRBC_D10_Survey_1",
        "canal": "lateral 2",
        "type": "lateral",
        "chainage_m": 1600.0,
        "status": "clear",
        "blockage_pct": 38,
        "lon": 76.7744178,
        "lat": 16.2997156,
        "image": "images/0241.jpg"
      }
    },
    {
      "type": "Feature",
      "geometry": {
        "type": "Polygon",
        "coordinates": [
          [
            [
              76.77349587657258,
              16.299929046430847
            ],
            [
              76.7744116451748,
              16.299921358545387
            ],
            [
              76.77440738612259,
              16.299448283966736
            ],
            [
              76.77349161971566,
              16.29945597161702
            ],
            [
              76.77349587657258,
              16.299929046430847
            ]
          ]
        ]
      },
      "properties": {
        "id": 242,
        "area": "NRBC_D10_Survey_1",
        "canal": "lateral 2",
        "type": "lateral",
        "chainage_m": 1650.0,
        "status": "clear",
        "blockage_pct": 49,
        "lon": 76.7739516,
        "lat": 16.2996887,
        "image": "images/0242.jpg"
      }
    },
    {
      "type": "Feature",
      "geometry": {
        "type": "Polygon",
        "coordinates": [
          [
            [
              76.77302927630733,
              16.299910314755163
            ],
            [
              76.77394472384522,
              16.299902631596318
            ],
            [
              76.77394042683004,
              16.299425213915775
            ],
            [
              76.7730249815068,
              16.299432896837434
            ],
            [
              76.77302927630733,
              16.299910314755163
            ]
          ]
        ]
      },
      "properties": {
        "id": 243,
        "area": "NRBC_D10_Survey_1",
        "canal": "lateral 2",
        "type": "lateral",
        "chainage_m": 1700.0,
        "status": "clear",
        "blockage_pct": 47,
        "lon": 76.7734849,
        "lat": 16.2996678,
        "image": "images/0243.jpg"
      }
    },
    {
      "type": "Feature",
      "geometry": {
        "type": "Polygon",
        "coordinates": [
          [
            [
              76.7725786946622,
              16.299886794120162
            ],
            [
              76.77347808183414,
              16.299879247715467
            ],
            [
              76.77347299602064,
              16.299314039632105
            ],
            [
              76.77257361142459,
              16.299321585760993
            ],
            [
              76.7725786946622,
              16.299886794120162
            ]
          ]
        ]
      },
      "properties": {
        "id": 244,
        "area": "NRBC_D10_Survey_1",
        "canal": "lateral 2",
        "type": "lateral",
        "chainage_m": 1750.0,
        "status": "clear",
        "blockage_pct": 39,
        "lon": 76.7730258,
        "lat": 16.2996004,
        "image": "images/0244.jpg"
      }
    },
    {
      "type": "Feature",
      "geometry": {
        "type": "Polygon",
        "coordinates": [
          [
            [
              76.77214975813497,
              16.299769709769972
            ],
            [
              76.77302826636452,
              16.29976234042714
            ],
            [
              76.77302274655372,
              16.299148738957772
            ],
            [
              76.77214424105567,
              16.299156108008198
            ],
            [
              76.77214975813497,
              16.299769709769972
            ]
          ]
        ]
      },
      "properties": {
        "id": 245,
        "area": "NRBC_D10_Survey_1",
        "canal": "lateral 2",
        "type": "lateral",
        "chainage_m": 1800.0,
        "status": "partial",
        "blockage_pct": 68,
        "lon": 76.7725863,
        "lat": 16.2994592,
        "image": "images/0245.jpg"
      }
    },
    {
      "type": "Feature",
      "geometry": {
        "type": "Polygon",
        "coordinates": [
          [
            [
              76.77171557166083,
              16.299604581833254
            ],
            [
              76.77259857629214,
              16.29959717664525
            ],
            [
              76.77259304671834,
              16.298982334170407
            ],
            [
              76.77171004483802,
              16.298989739063988
            ],
            [
              76.77171557166083,
              16.299604581833254
            ]
          ]
        ]
      },
      "properties": {
        "id": 246,
        "area": "NRBC_D10_Survey_1",
        "canal": "lateral 2",
        "type": "lateral",
        "chainage_m": 1850.0,
        "status": "partial",
        "blockage_pct": 61,
        "lon": 76.7721543,
        "lat": 16.2992935,
        "image": "images/0246.jpg"
      }
    },
    {
      "type": "Feature",
      "geometry": {
        "type": "Polygon",
        "coordinates": [
          [
            [
              76.77126981951275,
              16.299439239643075
            ],
            [
              76.77216406593652,
              16.299431742108816
            ],
            [
              76.77215881390039,
              16.298847610590304
            ],
            [
              76.77126457012344,
              16.29885510784136
            ],
            [
              76.77126981951275,
              16.299439239643075
            ]
          ]
        ]
      },
      "properties": {
        "id": 247,
        "area": "NRBC_D10_Survey_1",
        "canal": "lateral 2",
        "type": "lateral",
        "chainage_m": 1900.0,
        "status": "partial",
        "blockage_pct": 57,
        "lon": 76.7717143,
        "lat": 16.2991434,
        "image": "images/0247.jpg"
      }
    },
    {
      "type": "Feature",
      "geometry": {
        "type": "Polygon",
        "coordinates": [
          [
            [
              76.77083364786868,
              16.299303288654468
            ],
            [
              76.77171890003629,
              16.299295868432033
            ],
            [
              76.77171341792794,
              16.298685989059113
            ],
            [
              76.77082816849602,
              16.29869340898891
            ],
            [
              76.77083364786868,
              16.299303288654468
            ]
          ]
        ]
      },
      "properties": {
        "id": 248,
        "area": "NRBC_D10_Survey_1",
        "canal": "lateral 2",
        "type": "lateral",
        "chainage_m": 1950.0,
        "status": "partial",
        "blockage_pct": 54,
        "lon": 76.7712735,
        "lat": 16.2989946,
        "image": "images/0248.jpg"
      }
    },
    {
      "type": "Feature",
      "geometry": {
        "type": "Polygon",
        "coordinates": [
          [
            [
              76.77039049450833,
              16.299141025065506
            ],
            [
              76.77128281275364,
              16.29913354753862
            ],
            [
              76.77127751603906,
              16.298544142096368
            ],
            [
              76.77038520045869,
              16.29855161933825
            ],
            [
              76.77039049450833,
              16.299141025065506
            ]
          ]
        ]
      },
      "properties": {
        "id": 249,
        "area": "NRBC_D10_Survey_1",
        "canal": "lateral 2",
        "type": "lateral",
        "chainage_m": 2000.0,
        "status": "clear",
        "blockage_pct": 57,
        "lon": 76.770834,
        "lat": 16.2988426,
        "image": "images/0249.jpg"
      }
    },
    {
      "type": "Feature",
      "geometry": {
        "type": "Polygon",
        "coordinates": [
          [
            [
              76.76995877909931,
              16.299000381263603
            ],
            [
              76.77083953340626,
              16.2989930025224
            ],
            [
              76.7708339593689,
              16.298372575582626
            ],
            [
              76.76995320783074,
              16.298379954027784
            ],
            [
              76.76995877909931,
              16.299000381263603
            ]
          ]
        ]
      },
      "properties": {
        "id": 250,
        "area": "NRBC_D10_Survey_1",
        "canal": "lateral 2",
        "type": "lateral",
        "chainage_m": 2050.0,
        "status": "blocked",
        "blockage_pct": 54,
        "lon": 76.7703964,
        "lat": 16.2986865,
        "image": "images/0250.jpg"
      }
    },
    {
      "type": "Feature",
      "geometry": {
        "type": "Polygon",
        "coordinates": [
          [
            [
              76.76953723055838,
              16.298990261166026
            ],
            [
              76.77040834876072,
              16.298982964916448
            ],
            [
              76.77040282066424,
              16.29836750124776
            ],
            [
              76.7695317051785,
              16.29837479720694
            ],
            [
              76.76953723055838,
              16.298990261166026
            ]
          ]
        ]
      },
      "properties": {
        "id": 251,
        "area": "NRBC_D10_Survey_1",
        "canal": "lateral 2",
        "type": "lateral",
        "chainage_m": 2100.0,
        "status": "partial",
        "blockage_pct": 47,
        "lon": 76.76997,
        "lat": 16.2986789,
        "image": "images/0251.jpg"
      }
    },
    {
      "type": "Feature",
      "geometry": {
        "type": "Polygon",
        "coordinates": [
          [
            [
              76.7691647827739,
              16.29926111416573
            ],
            [
              76.76999125426939,
              16.299254193307515
            ],
            [
              76.76998487775072,
              16.298544114362485
            ],
            [
              76.76915840922884,
              16.298551034902914
            ],
            [
              76.7691647827739,
              16.29926111416573
            ]
          ]
        ]
      },
      "properties": {
        "id": 252,
        "area": "NRBC_D10_Survey_1",
        "canal": "lateral 2",
        "type": "lateral",
        "chainage_m": 2150.0,
        "status": "partial",
        "blockage_pct": 56,
        "lon": 76.7695748,
        "lat": 16.2989026,
        "image": "images/0252.jpg"
      }
    },
    {
      "type": "Feature",
      "geometry": {
        "type": "Polygon",
        "coordinates": [
          [
            [
              76.76880240558398,
              16.2995446020197
            ],
            [
              76.76962052697715,
              16.299537752399242
            ],
            [
              76.76961405419733,
              16.298816815851943
            ],
            [
              76.76879593579284,
              16.298823665153073
            ],
            [
              76.76880240558398,
              16.2995446020197
            ]
          ]
        ]
      },
      "properties": {
        "id": 253,
        "area": "NRBC_D10_Survey_1",
        "canal": "lateral 2",
        "type": "lateral",
        "chainage_m": 2200.0,
        "status": "partial",
        "blockage_pct": 57,
        "lon": 76.7692082,
        "lat": 16.2991807,
        "image": "images/0253.jpg"
      }
    },
    {
      "type": "Feature",
      "geometry": {
        "type": "Polygon",
        "coordinates": [
          [
            [
              76.76842215199879,
              16.29980497115732
            ],
            [
              76.76925601394206,
              16.299797991122382
            ],
            [
              76.76924972895388,
              16.299097838769885
            ],
            [
              76.76841586996902,
              16.2991048184888
            ],
            [
              76.76842215199879,
              16.29980497115732
            ]
          ]
        ]
      },
      "properties": {
        "id": 254,
        "area": "NRBC_D10_Survey_1",
        "canal": "lateral 2",
        "type": "lateral",
        "chainage_m": 2250.0,
        "status": "partial",
        "blockage_pct": 47,
        "lon": 76.7688359,
        "lat": 16.2994514,
        "image": "images/0254.jpg"
      }
    },
    {
      "type": "Feature",
      "geometry": {
        "type": "Polygon",
        "coordinates": [
          [
            [
              76.76795892362732,
              16.299839871016655
            ],
            [
              76.76887276730557,
              16.299832223293155
            ],
            [
              76.76886849929612,
              16.299356665577616
            ],
            [
              76.76795465782001,
              16.29936431306594
            ],
            [
              76.76795892362732,
              16.299839871016655
            ]
          ]
        ]
      },
      "properties": {
        "id": 255,
        "area": "NRBC_D10_Survey_1",
        "canal": "lateral 2",
        "type": "lateral",
        "chainage_m": 2300.0,
        "status": "blocked",
        "blockage_pct": 59,
        "lon": 76.7684137,
        "lat": 16.2995983,
        "image": "images/0255.jpg"
      }
    },
    {
      "type": "Feature",
      "geometry": {
        "type": "Polygon",
        "coordinates": [
          [
            [
              76.7674915066213,
              16.299837576436996
            ],
            [
              76.76840792020376,
              16.299829909230404
            ],
            [
              76.76840377856527,
              16.299368311018615
            ],
            [
              76.76748736712634,
              16.299375977996352
            ],
            [
              76.7674915066213,
              16.299837576436996
            ]
          ]
        ]
      },
      "properties": {
        "id": 256,
        "area": "NRBC_D10_Survey_1",
        "canal": "lateral 2",
        "type": "lateral",
        "chainage_m": 2350.0,
        "status": "blocked",
        "blockage_pct": 41,
        "lon": 76.7679476,
        "lat": 16.2996029,
        "image": "images/0256.jpg"
      }
    },
    {
      "type": "Feature",
      "geometry": {
        "type": "Polygon",
        "coordinates": [
          [
            [
              76.76702511433616,
              16.299842097473412
            ],
            [
              76.76794024332914,
              16.29983444303639
            ],
            [
              76.76793601095933,
              16.299362607647872
            ],
            [
              76.76702088415435,
              16.299370261851358
            ],
            [
              76.76702511433616,
              16.299842097473412
            ]
          ]
        ]
      },
      "properties": {
        "id": 257,
        "area": "NRBC_D10_Survey_1",
        "canal": "lateral 2",
        "type": "lateral",
        "chainage_m": 2400.0,
        "status": "blocked",
        "blockage_pct": 47,
        "lon": 76.7674806,
        "lat": 16.2996024,
        "image": "images/0257.jpg"
      }
    },
    {
      "type": "Feature",
      "geometry": {
        "type": "Polygon",
        "coordinates": [
          [
            [
              76.76655819071945,
              16.29985903141877
            ],
            [
              76.76747460486493,
              16.299851368248707
            ],
            [
              76.76747045706031,
              16.2993888391624
            ],
            [
              76.76655404506268,
              16.299396502103267
            ],
            [
              76.76655819071945,
              16.29985903141877
            ]
          ]
        ]
      },
      "properties": {
        "id": 258,
        "area": "NRBC_D10_Survey_1",
        "canal": "lateral 2",
        "type": "lateral",
        "chainage_m": 2450.0,
        "status": "blocked",
        "blockage_pct": 47,
        "lon": 76.7670143,
        "lat": 16.2996239,
        "image": "images/0258.jpg"
      }
    },
    {
      "type": "Feature",
      "geometry": {
        "type": "Polygon",
        "coordinates": [
          [
            [
              76.76609244612624,
              16.299864165460423
            ],
            [
              76.76700725447316,
              16.29985651773718
            ],
            [
              76.7670029770512,
              16.2993794084716
            ],
            [
              76.76608817091598,
              16.2993870559589
            ],
            [
              76.76609244612624,
              16.299864165460423
            ]
          ]
        ]
      },
      "properties": {
        "id": 259,
        "area": "NRBC_D10_Survey_1",
        "canal": "lateral 2",
        "type": "lateral",
        "chainage_m": 2500.0,
        "status": "blocked",
        "blockage_pct": 54,
        "lon": 76.7665477,
        "lat": 16.2996218,
        "image": "images/0259.jpg"
      }
    },
    {
      "type": "Feature",
      "geometry": {
        "type": "Polygon",
        "coordinates": [
          [
            [
              76.7656271893538,
              16.29988790865208
            ],
            [
              76.76654199804126,
              16.299880262931566
            ],
            [
              76.76653763276637,
              16.299393226693372
            ],
            [
              76.76562282633661,
              16.299400872173095
            ],
            [
              76.7656271893538,
              16.29988790865208
            ]
          ]
        ]
      },
      "properties": {
        "id": 260,
        "area": "NRBC_D10_Survey_1",
        "canal": "lateral 2",
        "type": "lateral",
        "chainage_m": 2550.0,
        "status": "blocked",
        "blockage_pct": 37,
        "lon": 76.7660824,
        "lat": 16.2996406,
        "image": "images/0260.jpg"
      }
    },
    {
      "type": "Feature",
      "geometry": {
        "type": "Polygon",
        "coordinates": [
          [
            [
              76.76516111490587,
              16.299892112689676
            ],
            [
              76.7660762450545,
              16.29988446629977
            ],
            [
              76.76607204770812,
              16.299416042793965
            ],
            [
              76.76515691973168,
              16.299423688952267
            ],
            [
              76.76516111490587,
              16.299892112689676
            ]
          ]
        ]
      },
      "properties": {
        "id": 261,
        "area": "NRBC_D10_Survey_1",
        "canal": "lateral 2",
        "type": "lateral",
        "chainage_m": 2600.0,
        "status": "blocked",
        "blockage_pct": 45,
        "lon": 76.7656166,
        "lat": 16.2996541,
        "image": "images/0261.jpg"
      }
    },
    {
      "type": "Feature",
      "geometry": {
        "type": "Polygon",
        "coordinates": [
          [
            [
              76.76480769580031,
              16.299957112159202
            ],
            [
              76.76561104496444,
              16.299950401290886
            ],
            [
              76.76560641241352,
              16.29943327402083
            ],
            [
              76.76480306535453,
              16.299439984664748
            ],
            [
              76.76480769580031,
              16.299957112159202
            ]
          ]
        ]
      },
      "properties": {
        "id": 262,
        "area": "NRBC_D10_Survey_1",
        "canal": "lateral 2",
        "type": "lateral",
        "chainage_m": 2650.0,
        "status": "blocked",
        "blockage_pct": 55,
        "lon": 76.7652071,
        "lat": 16.2996952,
        "image": "images/0262.jpg"
      }
    },
    {
      "type": "Feature",
      "geometry": {
        "type": "Polygon",
        "coordinates": [
          [
            [
              76.7710372213146,
              16.3118726804058
            ],
            [
              76.77153609080113,
              16.311868495969776
            ],
            [
              76.77152877989839,
              16.31105573796653
            ],
            [
              76.77102991246801,
              16.311059922182785
            ],
            [
              76.7710372213146,
              16.3118726804058
            ]
          ]
        ]
      },
      "properties": {
        "id": 263,
        "area": "NRBC_D10_Survey_1",
        "canal": "Lateral 3",
        "type": "lateral",
        "chainage_m": 0.0,
        "status": "clear",
        "blockage_pct": 65,
        "lon": 76.771283,
        "lat": 16.3114642,
        "image": "images/0263.jpg"
      }
    },
    {
      "type": "Feature",
      "geometry": {
        "type": "Polygon",
        "coordinates": [
          [
            [
              76.77103734584642,
              16.31149357041817
            ],
            [
              76.77151115851993,
              16.3114895962645
            ],
            [
              76.7715031949862,
              16.31060424837746
            ],
            [
              76.77102938443993,
              16.31060822230375
            ],
            [
              76.77103734584642,
              16.31149357041817
            ]
          ]
        ]
      },
      "properties": {
        "id": 264,
        "area": "NRBC_D10_Survey_1",
        "canal": "Lateral 3",
        "type": "lateral",
        "chainage_m": 50.0,
        "status": "clear",
        "blockage_pct": 50,
        "lon": 76.7712703,
        "lat": 16.3110489,
        "image": "images/0264.jpg"
      }
    },
    {
      "type": "Feature",
      "geometry": {
        "type": "Polygon",
        "coordinates": [
          [
            [
              76.77103553278211,
              16.311041881334198
            ],
            [
              76.77162434404374,
              16.311036942584057
            ],
            [
              76.7716165922989,
              16.31017517090172
            ],
            [
              76.77102778361032,
              16.310180109376823
            ],
            [
              76.77103553278211,
              16.311041881334198
            ]
          ]
        ]
      },
      "properties": {
        "id": 265,
        "area": "NRBC_D10_Survey_1",
        "canal": "Lateral 3",
        "type": "lateral",
        "chainage_m": 100.0,
        "status": "partial",
        "blockage_pct": 56,
        "lon": 76.7713261,
        "lat": 16.3106085,
        "image": "images/0265.jpg"
      }
    },
    {
      "type": "Feature",
      "geometry": {
        "type": "Polygon",
        "coordinates": [
          [
            [
              76.7711614759035,
              16.310614560213043
            ],
            [
              76.77179397277494,
              16.310609254723392
            ],
            [
              76.771786287475,
              16.30975492819727
            ],
            [
              76.77115379334354,
              16.309760233393995
            ],
            [
              76.7711614759035,
              16.310614560213043
            ]
          ]
        ]
      },
      "properties": {
        "id": 266,
        "area": "NRBC_D10_Survey_1",
        "canal": "Lateral 3",
        "type": "lateral",
        "chainage_m": 150.0,
        "status": "partial",
        "blockage_pct": 71,
        "lon": 76.7714739,
        "lat": 16.3101847,
        "image": "images/0266.jpg"
      }
    },
    {
      "type": "Feature",
      "geometry": {
        "type": "Polygon",
        "coordinates": [
          [
            [
              76.77132956065581,
              16.31019371080312
            ],
            [
              76.77197201414572,
              16.31018832139244
            ],
            [
              76.77196437014388,
              16.30933864810946
            ],
            [
              76.77132191942187,
              16.309344037224193
            ],
            [
              76.77132956065581,
              16.31019371080312
            ]
          ]
        ]
      },
      "properties": {
        "id": 267,
        "area": "NRBC_D10_Survey_1",
        "canal": "Lateral 3",
        "type": "lateral",
        "chainage_m": 200.0,
        "status": "clear",
        "blockage_pct": 63,
        "lon": 76.771647,
        "lat": 16.3097662,
        "image": "images/0267.jpg"
      }
    },
    {
      "type": "Feature",
      "geometry": {
        "type": "Polygon",
        "coordinates": [
          [
            [
              76.77150796585627,
              16.30977742828843
            ],
            [
              76.7722689503071,
              16.309771043833816
            ],
            [
              76.77226220676275,
              16.309021569430254
            ],
            [
              76.7715012252038,
              16.309027953575622
            ],
            [
              76.77150796585627,
              16.30977742828843
            ]
          ]
        ]
      },
      "properties": {
        "id": 268,
        "area": "NRBC_D10_Survey_1",
        "canal": "Lateral 3",
        "type": "lateral",
        "chainage_m": 250.0,
        "status": "partial",
        "blockage_pct": 58,
        "lon": 76.7718851,
        "lat": 16.3093995,
        "image": "images/0268.jpg"
      }
    },
    {
      "type": "Feature",
      "geometry": {
        "type": "Polygon",
        "coordinates": [
          [
            [
              76.77181584836451,
              16.30946988319083
            ],
            [
              76.7726764113705,
              16.309462661961764
            ],
            [
              76.77267047880248,
              16.30880345964622
            ],
            [
              76.77180991867283,
              16.30881068056764
            ],
            [
              76.77181584836451,
              16.30946988319083
            ]
          ]
        ]
      },
      "properties": {
        "id": 269,
        "area": "NRBC_D10_Survey_1",
        "canal": "Lateral 3",
        "type": "lateral",
        "chainage_m": 300.0,
        "status": "clear",
        "blockage_pct": 72,
        "lon": 76.7722432,
        "lat": 16.3091367,
        "image": "images/0269.jpg"
      }
    },
    {
      "type": "Feature",
      "geometry": {
        "type": "Polygon",
        "coordinates": [
          [
            [
              76.77222119176578,
              16.309247455416436
            ],
            [
              76.77300755064687,
              16.309240855563203
            ],
            [
              76.77300169523815,
              16.308590339311277
            ],
            [
              76.77221533895073,
              16.308596938887025
            ],
            [
              76.77222119176578,
              16.309247455416436
            ]
          ]
        ]
      },
      "properties": {
        "id": 270,
        "area": "NRBC_D10_Survey_1",
        "canal": "Lateral 3",
        "type": "lateral",
        "chainage_m": 350.0,
        "status": "blocked",
        "blockage_pct": 57,
        "lon": 76.7726114,
        "lat": 16.3089189,
        "image": "images/0270.jpg"
      }
    },
    {
      "type": "Feature",
      "geometry": {
        "type": "Polygon",
        "coordinates": [
          [
            [
              76.77255671658472,
              16.30904888063201
            ],
            [
              76.77343012638805,
              16.309041548677612
            ],
            [
              76.77342453218745,
              16.308420192561233
            ],
            [
              76.77255112513572,
              16.308427524221187
            ],
            [
              76.77255671658472,
              16.30904888063201
            ]
          ]
        ]
      },
      "properties": {
        "id": 271,
        "area": "NRBC_D10_Survey_1",
        "canal": "Lateral 3",
        "type": "lateral",
        "chainage_m": 400.0,
        "status": "partial",
        "blockage_pct": 48,
        "lon": 76.7729906,
        "lat": 16.3087345,
        "image": "images/0271.jpg"
      }
    },
    {
      "type": "Feature",
      "geometry": {
        "type": "Polygon",
        "coordinates": [
          [
            [
              76.77297720028052,
              16.308866965434124
            ],
            [
              76.77384418459407,
              16.30885968577751
            ],
            [
              76.77383833215468,
              16.308209790223312
            ],
            [
              76.77297135069792,
              16.308217069574155
            ],
            [
              76.77297720028052,
              16.308866965434124
            ]
          ]
        ]
      },
      "properties": {
        "id": 272,
        "area": "NRBC_D10_Survey_1",
        "canal": "Lateral 3",
        "type": "lateral",
        "chainage_m": 450.0,
        "status": "partial",
        "blockage_pct": 50,
        "lon": 76.7734078,
        "lat": 16.3085384,
        "image": "images/0272.jpg"
      }
    },
    {
      "type": "Feature",
      "geometry": {
        "type": "Polygon",
        "coordinates": [
          [
            [
              76.77339240939583,
              16.30874155674002
            ],
            [
              76.77427770272494,
              16.308734121622198
            ],
            [
              76.774272586554,
              16.308166122343664
            ],
            [
              76.77338729577438,
              16.308173557188535
            ],
            [
              76.77339240939583,
              16.30874155674002
            ]
          ]
        ]
      },
      "properties": {
        "id": 273,
        "area": "NRBC_D10_Survey_1",
        "canal": "Lateral 3",
        "type": "lateral",
        "chainage_m": 500.0,
        "status": "partial",
        "blockage_pct": 45,
        "lon": 76.7738325,
        "lat": 16.3084538,
        "image": "images/0273.jpg"
      }
    },
    {
      "type": "Feature",
      "geometry": {
        "type": "Polygon",
        "coordinates": [
          [
            [
              76.77382871003445,
              16.308924965328234
            ],
            [
              76.77470468847771,
              16.308917606576358
            ],
            [
              76.77469900366287,
              16.30828663429461
            ],
            [
              76.77382302802201,
              16.308293992746396
            ],
            [
              76.77382871003445,
              16.308924965328234
            ]
          ]
        ]
      },
      "properties": {
        "id": 274,
        "area": "NRBC_D10_Survey_1",
        "canal": "Lateral 3",
        "type": "lateral",
        "chainage_m": 550.0,
        "status": "partial",
        "blockage_pct": 53,
        "lon": 76.7742639,
        "lat": 16.3086058,
        "image": "images/0274.jpg"
      }
    },
    {
      "type": "Feature",
      "geometry": {
        "type": "Polygon",
        "coordinates": [
          [
            [
              76.77425565689589,
              16.309139785357797
            ],
            [
              76.77511589609458,
              16.309132557032527
            ],
            [
              76.77510993033226,
              16.30847056365848
            ],
            [
              76.77424969402094,
              16.30847779167448
            ],
            [
              76.77425565689589,
              16.309139785357797
            ]
          ]
        ]
      },
      "properties": {
        "id": 275,
        "area": "NRBC_D10_Survey_1",
        "canal": "Lateral 3",
        "type": "lateral",
        "chainage_m": 600.0,
        "status": "blocked",
        "blockage_pct": 55,
        "lon": 76.7746828,
        "lat": 16.3088052,
        "image": "images/0275.jpg"
      }
    },
    {
      "type": "Feature",
      "geometry": {
        "type": "Polygon",
        "coordinates": [
          [
            [
              76.77466610756116,
              16.30934202337232
            ],
            [
              76.77553373561821,
              16.309334731178
            ],
            [
              76.77552789140715,
              16.308686387312086
            ],
            [
              76.77466026620228,
              16.30869367920084
            ],
            [
              76.77466610756116,
              16.30934202337232
            ]
          ]
        ]
      },
      "properties": {
        "id": 276,
        "area": "NRBC_D10_Survey_1",
        "canal": "Lateral 3",
        "type": "lateral",
        "chainage_m": 650.0,
        "status": "partial",
        "blockage_pct": 62,
        "lon": 76.775097,
        "lat": 16.3090142,
        "image": "images/0276.jpg"
      }
    },
    {
      "type": "Feature",
      "geometry": {
        "type": "Polygon",
        "coordinates": [
          [
            [
              76.7750849502762,
              16.30958421041055
            ],
            [
              76.7759275236524,
              16.30957712707897
            ],
            [
              76.77592131166394,
              16.308888145553823
            ],
            [
              76.77507874123118,
              16.308895228569988
            ],
            [
              76.7750849502762,
              16.30958421041055
            ]
          ]
        ]
      },
      "properties": {
        "id": 277,
        "area": "NRBC_D10_Survey_1",
        "canal": "Lateral 3",
        "type": "lateral",
        "chainage_m": 700.0,
        "status": "clear",
        "blockage_pct": 55,
        "lon": 76.7755031,
        "lat": 16.3092362,
        "image": "images/0277.jpg"
      }
    },
    {
      "type": "Feature",
      "geometry": {
        "type": "Polygon",
        "coordinates": [
          [
            [
              76.77547764292103,
              16.30977635814694
            ],
            [
              76.77634944843567,
              16.309769027308004
            ],
            [
              76.77634369649368,
              16.309131230972525
            ],
            [
              76.77547189379841,
              16.309138561509283
            ],
            [
              76.77547764292103,
              16.30977635814694
            ]
          ]
        ]
      },
      "properties": {
        "id": 278,
        "area": "NRBC_D10_Survey_1",
        "canal": "Lateral 3",
        "type": "lateral",
        "chainage_m": 750.0,
        "status": "partial",
        "blockage_pct": 46,
        "lon": 76.7759107,
        "lat": 16.3094538,
        "image": "images/0278.jpg"
      }
    },
    {
      "type": "Feature",
      "geometry": {
        "type": "Polygon",
        "coordinates": [
          [
            [
              76.77590081032338,
              16.309927918170107
            ],
            [
              76.77678996247984,
              16.309920439585742
            ],
            [
              76.77678454205315,
              16.309319558658895
            ],
            [
              76.77589539260572,
              16.309327036952848
            ],
            [
              76.77590081032338,
              16.309927918170107
            ]
          ]
        ]
      },
      "properties": {
        "id": 279,
        "area": "NRBC_D10_Survey_1",
        "canal": "Lateral 3",
        "type": "lateral",
        "chainage_m": 800.0,
        "status": "clear",
        "blockage_pct": 62,
        "lon": 76.7763427,
        "lat": 16.3096237,
        "image": "images/0279.jpg"
      }
    },
    {
      "type": "Feature",
      "geometry": {
        "type": "Polygon",
        "coordinates": [
          [
            [
              76.77634102792973,
              16.310046448886872
            ],
            [
              76.7772407808502,
              16.310038879192238
            ],
            [
              76.77723565290601,
              16.309470570687523
            ],
            [
              76.7763359025783,
              16.309478140104144
            ],
            [
              76.77634102792973,
              16.310046448886872
            ]
          ]
        ]
      },
      "properties": {
        "id": 280,
        "area": "NRBC_D10_Survey_1",
        "canal": "Lateral 3",
        "type": "lateral",
        "chainage_m": 850.0,
        "status": "partial",
        "blockage_pct": 65,
        "lon": 76.7767883,
        "lat": 16.3097585,
        "image": "images/0280.jpg"
      }
    },
    {
      "type": "Feature",
      "geometry": {
        "type": "Polygon",
        "coordinates": [
          [
            [
              76.7767928526812,
              16.31020521162073
            ],
            [
              76.77766819295192,
              16.310197845424664
            ],
            [
              76.77766268855717,
              16.30958796865302
            ],
            [
              76.77678735099339,
              16.309595334558747
            ],
            [
              76.7767928526812,
              16.31020521162073
            ]
          ]
        ]
      },
      "properties": {
        "id": 281,
        "area": "NRBC_D10_Survey_1",
        "canal": "Lateral 3",
        "type": "lateral",
        "chainage_m": 900.0,
        "status": "partial",
        "blockage_pct": 53,
        "lon": 76.7772278,
        "lat": 16.3098966,
        "image": "images/0281.jpg"
      }
    },
    {
      "type": "Feature",
      "geometry": {
        "type": "Polygon",
        "coordinates": [
          [
            [
              76.77721547577853,
              16.310581073747166
            ],
            [
              76.77791735533725,
              16.31057516602591
            ],
            [
              76.77790998232025,
              16.309758377988757
            ],
            [
              76.77720810566848,
              16.30976428539817
            ],
            [
              76.77721547577853,
              16.310581073747166
            ]
          ]
        ]
      },
      "properties": {
        "id": 282,
        "area": "NRBC_D10_Survey_1",
        "canal": "Lateral 3",
        "type": "lateral",
        "chainage_m": 950.0,
        "status": "partial",
        "blockage_pct": 62,
        "lon": 76.7775627,
        "lat": 16.3101697,
        "image": "images/0282.jpg"
      }
    },
    {
      "type": "Feature",
      "geometry": {
        "type": "Polygon",
        "coordinates": [
          [
            [
              76.77746042350422,
              16.31098976417023
            ],
            [
              76.77811476284343,
              16.310984255786646
            ],
            [
              76.77810712836288,
              16.310138618161528
            ],
            [
              76.77745279182953,
              16.310144126244094
            ],
            [
              76.77746042350422,
              16.31098976417023
            ]
          ]
        ]
      },
      "properties": {
        "id": 283,
        "area": "NRBC_D10_Survey_1",
        "canal": "Lateral 3",
        "type": "lateral",
        "chainage_m": 1000.0,
        "status": "partial",
        "blockage_pct": 57,
        "lon": 76.7777838,
        "lat": 16.3105642,
        "image": "images/0283.jpg"
      }
    },
    {
      "type": "Feature",
      "geometry": {
        "type": "Polygon",
        "coordinates": [
          [
            [
              76.77762642457152,
              16.31108702182473
            ],
            [
              76.77814488513191,
              16.311082657036735
            ],
            [
              76.77813937054432,
              16.310471849838784
            ],
            [
              76.7776209115898,
              16.310476214454493
            ],
            [
              76.77762642457152,
              16.31108702182473
            ]
          ]
        ]
      },
      "properties": {
        "id": 284,
        "area": "NRBC_D10_Survey_1",
        "canal": "Lateral 3",
        "type": "lateral",
        "chainage_m": 1050.0,
        "status": "partial",
        "blockage_pct": 75,
        "lon": 76.7778829,
        "lat": 16.3107794,
        "image": "images/0284.jpg"
      }
    },
    {
      "type": "Feature",
      "geometry": {
        "type": "Polygon",
        "coordinates": [
          [
            [
              76.77124354669493,
              16.312310244682987
            ],
            [
              76.77201674778335,
              16.312303757785468
            ],
            [
              76.77201082191417,
              16.311645175836464
            ],
            [
              76.77123762340813,
              16.31165166245792
            ],
            [
              76.77124354669493,
              16.312310244682987
            ]
          ]
        ]
      },
      "properties": {
        "id": 285,
        "area": "NRBC_D10_Survey_1",
        "canal": "Lateral 4",
        "type": "lateral",
        "chainage_m": 0.0,
        "status": "partial",
        "blockage_pct": 64,
        "lon": 76.7716272,
        "lat": 16.3119777,
        "image": "images/0285.jpg"
      }
    },
    {
      "type": "Feature",
      "geometry": {
        "type": "Polygon",
        "coordinates": [
          [
            [
              76.77156701752426,
              16.31259232819013
            ],
            [
              76.77238197955242,
              16.312585489497526
            ],
            [
              76.77237544652776,
              16.311859591513958
            ],
            [
              76.77156048749974,
              16.311866429885786
            ],
            [
              76.77156701752426,
              16.31259232819013
            ]
          ]
        ]
      },
      "properties": {
        "id": 286,
        "area": "NRBC_D10_Survey_1",
        "canal": "Lateral 4",
        "type": "lateral",
        "chainage_m": 50.0,
        "status": "partial",
        "blockage_pct": 59,
        "lon": 76.7719712,
        "lat": 16.312226,
        "image": "images/0286.jpg"
      }
    },
    {
      "type": "Feature",
      "geometry": {
        "type": "Polygon",
        "coordinates": [
          [
            [
              76.77193201996248,
              16.31291997757959
            ],
            [
              76.7726708514377,
              16.31291377647538
            ],
            [
              76.77266391232193,
              16.31214289777701
            ],
            [
              76.77192508373516,
              16.312149098572323
            ],
            [
              76.77193201996248,
              16.31291997757959
            ]
          ]
        ]
      },
      "properties": {
        "id": 287,
        "area": "NRBC_D10_Survey_1",
        "canal": "Lateral 4",
        "type": "lateral",
        "chainage_m": 100.0,
        "status": "blocked",
        "blockage_pct": 57,
        "lon": 76.772298,
        "lat": 16.3125314,
        "image": "images/0287.jpg"
      }
    },
    {
      "type": "Feature",
      "geometry": {
        "type": "Polygon",
        "coordinates": [
          [
            [
              76.77221008378453,
              16.313368107087765
            ],
            [
              76.77271056289916,
              16.313363906024893
            ],
            [
              76.77270260417852,
              16.31247979972232
            ],
            [
              76.77220212730796,
              16.312484000545197
            ],
            [
              76.77221008378453,
              16.313368107087765
            ]
          ]
        ]
      },
      "properties": {
        "id": 288,
        "area": "NRBC_D10_Survey_1",
        "canal": "Lateral 4",
        "type": "lateral",
        "chainage_m": 150.0,
        "status": "clear",
        "blockage_pct": 64,
        "lon": 76.7724563,
        "lat": 16.312924,
        "image": "images/0288.jpg"
      }
    },
    {
      "type": "Feature",
      "geometry": {
        "type": "Polygon",
        "coordinates": [
          [
            [
              76.77224881674519,
              16.313816693825
            ],
            [
              76.77276407368208,
              16.3138123684976
            ],
            [
              76.77275612845337,
              16.31292981332184
            ],
            [
              76.77224087382282,
              16.31293413840259
            ],
            [
              76.77224881674519,
              16.313816693825
            ]
          ]
        ]
      },
      "properties": {
        "id": 289,
        "area": "NRBC_D10_Survey_1",
        "canal": "Lateral 4",
        "type": "lateral",
        "chainage_m": 200.0,
        "status": "partial",
        "blockage_pct": 72,
        "lon": 76.7725025,
        "lat": 16.3133733,
        "image": "images/0289.jpg"
      }
    },
    {
      "type": "Feature",
      "geometry": {
        "type": "Polygon",
        "coordinates": [
          [
            [
              76.77230294964193,
              16.314262979605985
            ],
            [
              76.77281274676714,
              16.3142586998828
            ],
            [
              76.77280482064026,
              16.313378316256546
            ],
            [
              76.77229502579141,
              16.313382595736286
            ],
            [
              76.77230294964193,
              16.314262979605985
            ]
          ]
        ]
      },
      "properties": {
        "id": 290,
        "area": "NRBC_D10_Survey_1",
        "canal": "Lateral 4",
        "type": "lateral",
        "chainage_m": 250.0,
        "status": "blocked",
        "blockage_pct": 77,
        "lon": 76.7725539,
        "lat": 16.3138206,
        "image": "images/0290.jpg"
      }
    },
    {
      "type": "Feature",
      "geometry": {
        "type": "Polygon",
        "coordinates": [
          [
            [
              76.77235261353675,
              16.314712405209445
            ],
            [
              76.77284924122151,
              16.314708235839646
            ],
            [
              76.77284128397895,
              16.31382443992867
            ],
            [
              76.7723446585204,
              16.313828609060383
            ],
            [
              76.77235261353675,
              16.314712405209445
            ]
          ]
        ]
      },
      "properties": {
        "id": 291,
        "area": "NRBC_D10_Survey_1",
        "canal": "Lateral 4",
        "type": "lateral",
        "chainage_m": 300.0,
        "status": "blocked",
        "blockage_pct": 77,
        "lon": 76.7725969,
        "lat": 16.3142684,
        "image": "images/0291.jpg"
      }
    },
    {
      "type": "Feature",
      "geometry": {
        "type": "Polygon",
        "coordinates": [
          [
            [
              76.77238521881618,
              16.315158251129528
            ],
            [
              76.772900800459,
              16.315153922426468
            ],
            [
              76.77289287906552,
              16.31427415934214
            ],
            [
              76.7723772997234,
              16.31427848779915
            ],
            [
              76.77238521881618,
              16.315158251129528
            ]
          ]
        ]
      },
      "properties": {
        "id": 292,
        "area": "NRBC_D10_Survey_1",
        "canal": "Lateral 4",
        "type": "lateral",
        "chainage_m": 350.0,
        "status": "blocked",
        "blockage_pct": 77,
        "lon": 76.772639,
        "lat": 16.3147162,
        "image": "images/0292.jpg"
      }
    },
    {
      "type": "Feature",
      "geometry": {
        "type": "Polygon",
        "coordinates": [
          [
            [
              76.7723708820875,
              16.315599837540336
            ],
            [
              76.77290573901077,
              16.31559534691047
            ],
            [
              76.77289785926638,
              16.314720237054996
            ],
            [
              76.77236300471726,
              16.31472472743096
            ],
            [
              76.7723708820875,
              16.315599837540336
            ]
          ]
        ]
      },
      "properties": {
        "id": 293,
        "area": "NRBC_D10_Survey_1",
        "canal": "Lateral 4",
        "type": "lateral",
        "chainage_m": 400.0,
        "status": "blocked",
        "blockage_pct": 96,
        "lon": 76.7726344,
        "lat": 16.31516,
        "image": "images/0293.jpg"
      }
    },
    {
      "type": "Feature",
      "geometry": {
        "type": "Polygon",
        "coordinates": [
          [
            [
              76.77229296576971,
              16.316044749793928
            ],
            [
              76.77283842471442,
              16.31604017022686
            ],
            [
              76.77283051711098,
              16.31516195824965
            ],
            [
              76.77228506059615,
              16.31516653755689
            ],
            [
              76.77229296576971,
              16.316044749793928
            ]
          ]
        ]
      },
      "properties": {
        "id": 294,
        "area": "NRBC_D10_Survey_1",
        "canal": "Lateral 4",
        "type": "lateral",
        "chainage_m": 450.0,
        "status": "blocked",
        "blockage_pct": 96,
        "lon": 76.7725617,
        "lat": 16.3156034,
        "image": "images/0294.jpg"
      }
    },
    {
      "type": "Feature",
      "geometry": {
        "type": "Polygon",
        "coordinates": [
          [
            [
              76.77227634681053,
              16.316482632514205
            ],
            [
              76.77282052202578,
              16.316478063660657
            ],
            [
              76.77281267293502,
              16.315606366176713
            ],
            [
              76.772268500126,
              16.315610934772963
            ],
            [
              76.77227634681053,
              16.316482632514205
            ]
          ]
        ]
      },
      "properties": {
        "id": 295,
        "area": "NRBC_D10_Survey_1",
        "canal": "Lateral 4",
        "type": "lateral",
        "chainage_m": 500.0,
        "status": "partial",
        "blockage_pct": 78,
        "lon": 76.7725445,
        "lat": 16.3160445,
        "image": "images/0295.jpg"
      }
    },
    {
      "type": "Feature",
      "geometry": {
        "type": "Polygon",
        "coordinates": [
          [
            [
              76.77236419720187,
              16.316891406715538
            ],
            [
              76.77301920043563,
              16.31688590679137
            ],
            [
              76.77301159329937,
              16.316041197930918
            ],
            [
              76.77235659287233,
              16.316046697554945
            ],
            [
              76.77236419720187,
              16.316891406715538
            ]
          ]
        ]
      },
      "properties": {
        "id": 296,
        "area": "NRBC_D10_Survey_1",
        "canal": "Lateral 4",
        "type": "lateral",
        "chainage_m": 550.0,
        "status": "blocked",
        "blockage_pct": 79,
        "lon": 76.7726879,
        "lat": 16.3164663,
        "image": "images/0296.jpg"
      }
    },
    {
      "type": "Feature",
      "geometry": {
        "type": "Polygon",
        "coordinates": [
          [
            [
              76.77256145895885,
              16.31732035825807
            ],
            [
              76.7731538221205,
              16.31731538372723
            ],
            [
              76.77314602980036,
              16.31645020093389
            ],
            [
              76.77255366923856,
              16.316455175186693
            ],
            [
              76.77256145895885,
              16.31732035825807
            ]
          ]
        ]
      },
      "properties": {
        "id": 297,
        "area": "NRBC_D10_Survey_1",
        "canal": "Lateral 4",
        "type": "lateral",
        "chainage_m": 600.0,
        "status": "blocked",
        "blockage_pct": 74,
        "lon": 76.7728537,
        "lat": 16.3168853,
        "image": "images/0297.jpg"
      }
    },
    {
      "type": "Feature",
      "geometry": {
        "type": "Polygon",
        "coordinates": [
          [
            [
              76.77269299059292,
              16.317763511867714
            ],
            [
              76.77323877541845,
              16.31775892810046
            ],
            [
              76.77323086794433,
              16.31688102666948
            ],
            [
              76.77268508554953,
              16.316885610176772
            ],
            [
              76.77269299059292,
              16.317763511867714
            ]
          ]
        ]
      },
      "properties": {
        "id": 298,
        "area": "NRBC_D10_Survey_1",
        "canal": "Lateral 4",
        "type": "lateral",
        "chainage_m": 650.0,
        "status": "blocked",
        "blockage_pct": 87,
        "lon": 76.7729619,
        "lat": 16.3173223,
        "image": "images/0298.jpg"
      }
    },
    {
      "type": "Feature",
      "geometry": {
        "type": "Polygon",
        "coordinates": [
          [
            [
              76.77277919460704,
              16.31820332315022
            ],
            [
              76.77334329127811,
              16.318198585222746
            ],
            [
              76.77333541105631,
              16.317323786003126
            ],
            [
              76.77277131688872,
              16.31732852366285
            ],
            [
              76.77277919460704,
              16.31820332315022
            ]
          ]
        ]
      },
      "properties": {
        "id": 299,
        "area": "NRBC_D10_Survey_1",
        "canal": "Lateral 4",
        "type": "lateral",
        "chainage_m": 700.0,
        "status": "blocked",
        "blockage_pct": 81,
        "lon": 76.7730573,
        "lat": 16.3177636,
        "image": "images/0299.jpg"
      }
    },
    {
      "type": "Feature",
      "geometry": {
        "type": "Polygon",
        "coordinates": [
          [
            [
              76.77288093024337,
              16.31854838192281
            ],
            [
              76.77343796059051,
              16.31854370299919
            ],
            [
              76.77343093769613,
              16.317764139082993
            ],
            [
              76.77287390955203,
              16.31776881777099
            ],
            [
              76.77288093024337,
              16.31854838192281
            ]
          ]
        ]
      },
      "properties": {
        "id": 300,
        "area": "NRBC_D10_Survey_1",
        "canal": "Lateral 4",
        "type": "lateral",
        "chainage_m": 750.0,
        "status": "blocked",
        "blockage_pct": 81,
        "lon": 76.7731559,
        "lat": 16.3181563,
        "image": "images/0300.jpg"
      }
    },
    {
      "type": "Feature",
      "geometry": {
        "type": "Polygon",
        "coordinates": [
          [
            [
              76.7729745898751,
              16.31853177327105
            ],
            [
              76.77348664654463,
              16.31852747194682
            ],
            [
              76.773482432092,
              16.318059671573515
            ],
            [
              76.77297037663774,
              16.318063972767774
            ],
            [
              76.7729745898751,
              16.31853177327105
            ]
          ]
        ]
      },
      "properties": {
        "id": 301,
        "area": "NRBC_D10_Survey_1",
        "canal": "Lateral 4",
        "type": "lateral",
        "chainage_m": 800.0,
        "status": "blocked",
        "blockage_pct": 96,
        "lon": 76.7732285,
        "lat": 16.3182957,
        "image": "images/0301.jpg"
      }
    },
    {
      "type": "Feature",
      "geometry": {
        "type": "Polygon",
        "coordinates": [
          [
            [
              76.7759420546039,
              16.31514263399471
            ],
            [
              76.77681002884057,
              16.3151353313361
            ],
            [
              76.7768052979469,
              16.314611073075355
            ],
            [
              76.77593732601832,
              16.314618375486607
            ],
            [
              76.7759420546039,
              16.31514263399471
            ]
          ]
        ]
      },
      "properties": {
        "id": 302,
        "area": "NRBC_D10_Survey_1",
        "canal": "Lateral  5",
        "type": "lateral",
        "chainage_m": 0.0,
        "status": "blocked",
        "blockage_pct": 69,
        "lon": 76.7763737,
        "lat": 16.3148769,
        "image": "images/0302.jpg"
      }
    },
    {
      "type": "Feature",
      "geometry": {
        "type": "Polygon",
        "coordinates": [
          [
            [
              76.77636115553253,
              16.315269407307465
            ],
            [
              76.77725868366123,
              16.315261854100935
            ],
            [
              76.77725348393149,
              16.314685790584246
            ],
            [
              76.7763559584253,
              16.314693343509653
            ],
            [
              76.77636115553253,
              16.315269407307465
            ]
          ]
        ]
      },
      "properties": {
        "id": 303,
        "area": "NRBC_D10_Survey_1",
        "canal": "Lateral  5",
        "type": "lateral",
        "chainage_m": 50.0,
        "status": "blocked",
        "blockage_pct": 60,
        "lon": 76.7768073,
        "lat": 16.3149776,
        "image": "images/0303.jpg"
      }
    },
    {
      "type": "Feature",
      "geometry": {
        "type": "Polygon",
        "coordinates": [
          [
            [
              76.77681034377082,
              16.315383827349756
            ],
            [
              76.77771044207451,
              16.31537625054486
            ],
            [
              76.77770533901112,
              16.314811044590524
            ],
            [
              76.7768052432879,
              16.314818621118743
            ],
            [
              76.77681034377082,
              16.315383827349756
            ]
          ]
        ]
      },
      "properties": {
        "id": 304,
        "area": "NRBC_D10_Survey_1",
        "canal": "Lateral  5",
        "type": "lateral",
        "chainage_m": 100.0,
        "status": "partial",
        "blockage_pct": 51,
        "lon": 76.7772578,
        "lat": 16.3150974,
        "image": "images/0304.jpg"
      }
    },
    {
      "type": "Feature",
      "geometry": {
        "type": "Polygon",
        "coordinates": [
          [
            [
              76.77726195670365,
              16.315482093731895
            ],
            [
              76.77816558881145,
              16.315474485197903
            ],
            [
              76.77816061607923,
              16.314923859341636
            ],
            [
              76.77725698649525,
              16.31493146760496
            ],
            [
              76.77726195670365,
              16.315482093731895
            ]
          ]
        ]
      },
      "properties": {
        "id": 305,
        "area": "NRBC_D10_Survey_1",
        "canal": "Lateral  5",
        "type": "lateral",
        "chainage_m": 150.0,
        "status": "partial",
        "blockage_pct": 52,
        "lon": 76.7777113,
        "lat": 16.315203,
        "image": "images/0305.jpg"
      }
    },
    {
      "type": "Feature",
      "geometry": {
        "type": "Polygon",
        "coordinates": [
          [
            [
              76.77771688316774,
              16.315591499679428
            ],
            [
              76.7786185881476,
              16.31558390538644
            ],
            [
              76.77861352724497,
              16.315023663109756
            ],
            [
              76.77771182482755,
              16.31503125712787
            ],
            [
              76.77771688316774,
              16.315591499679428
            ]
          ]
        ]
      },
      "properties": {
        "id": 306,
        "area": "NRBC_D10_Survey_1",
        "canal": "Lateral  5",
        "type": "lateral",
        "chainage_m": 200.0,
        "status": "partial",
        "blockage_pct": 60,
        "lon": 76.7781652,
        "lat": 16.3153076,
        "image": "images/0306.jpg"
      }
    },
    {
      "type": "Feature",
      "geometry": {
        "type": "Polygon",
        "coordinates": [
          [
            [
              76.77816963328692,
              16.315673311983762
            ],
            [
              76.7790780843407,
              16.31566565887636
            ],
            [
              76.77907327437049,
              16.315133335788207
            ],
            [
              76.77816482576966,
              16.3151409886324
            ],
            [
              76.77816963328692,
              16.315673311983762
            ]
          ]
        ]
      },
      "properties": {
        "id": 307,
        "area": "NRBC_D10_Survey_1",
        "canal": "Lateral  5",
        "type": "lateral",
        "chainage_m": 250.0,
        "status": "blocked",
        "blockage_pct": 79,
        "lon": 76.7786215,
        "lat": 16.3154033,
        "image": "images/0307.jpg"
      }
    },
    {
      "type": "Feature",
      "geometry": {
        "type": "Polygon",
        "coordinates": [
          [
            [
              76.77862963196034,
              16.31573955045331
            ],
            [
              76.77954033173266,
              16.315731876383904
            ],
            [
              76.77953563264057,
              16.315211961893965
            ],
            [
              76.77862493526997,
              16.3152196357056
            ],
            [
              76.77862963196034,
              16.31573955045331
            ]
          ]
        ]
      },
      "properties": {
        "id": 308,
        "area": "NRBC_D10_Survey_1",
        "canal": "Lateral  5",
        "type": "lateral",
        "chainage_m": 300.0,
        "status": "blocked",
        "blockage_pct": 85,
        "lon": 76.7790826,
        "lat": 16.3154758,
        "image": "images/0308.jpg"
      }
    },
    {
      "type": "Feature",
      "geometry": {
        "type": "Polygon",
        "coordinates": [
          [
            [
              76.7790916171125,
              16.315812286090594
            ],
            [
              76.78000071081954,
              16.31580462353735
            ],
            [
              76.7799959684234,
              16.31528005600998
            ],
            [
              76.77908687713533,
              16.31528771830353
            ],
            [
              76.7790916171125,
              16.315812286090594
            ]
          ]
        ]
      },
      "properties": {
        "id": 309,
        "area": "NRBC_D10_Survey_1",
        "canal": "Lateral  5",
        "type": "lateral",
        "chainage_m": 350.0,
        "status": "blocked",
        "blockage_pct": 80,
        "lon": 76.7795438,
        "lat": 16.3155462,
        "image": "images/0309.jpg"
      }
    },
    {
      "type": "Feature",
      "geometry": {
        "type": "Polygon",
        "coordinates": [
          [
            [
              76.77955204960178,
              16.315890928238737
            ],
            [
              76.78046050097453,
              16.3158832690857
            ],
            [
              76.78045570683642,
              16.315353117889373
            ],
            [
              76.77954725790666,
              16.31536077678007
            ],
            [
              76.77955204960178,
              16.315890928238737
            ]
          ]
        ]
      },
      "properties": {
        "id": 310,
        "area": "NRBC_D10_Survey_1",
        "canal": "Lateral  5",
        "type": "lateral",
        "chainage_m": 400.0,
        "status": "blocked",
        "blockage_pct": 70,
        "lon": 76.7800039,
        "lat": 16.315622,
        "image": "images/0310.jpg"
      }
    },
    {
      "type": "Feature",
      "geometry": {
        "type": "Polygon",
        "coordinates": [
          [
            [
              76.78001189597829,
              16.315975778990218
            ],
            [
              76.7809187413418,
              16.315968131369097
            ],
            [
              76.78091388140784,
              16.31543084545021
            ],
            [
              76.78000703851583,
              16.31543849280586
            ],
            [
              76.78001189597829,
              16.315975778990218
            ]
          ]
        ]
      },
      "properties": {
        "id": 311,
        "area": "NRBC_D10_Survey_1",
        "canal": "Lateral  5",
        "type": "lateral",
        "chainage_m": 450.0,
        "status": "blocked",
        "blockage_pct": 92,
        "lon": 76.7804629,
        "lat": 16.3157033,
        "image": "images/0311.jpg"
      }
    },
    {
      "type": "Feature",
      "geometry": {
        "type": "Polygon",
        "coordinates": [
          [
            [
              76.78047135541851,
              16.316159907162454
            ],
            [
              76.78134190187362,
              16.316152563763243
            ],
            [
              76.78133614542052,
              16.31551632060428
            ],
            [
              76.78046560177499,
              16.31552366370164
            ],
            [
              76.78047135541851,
              16.316159907162454
            ]
          ]
        ]
      },
      "properties": {
        "id": 312,
        "area": "NRBC_D10_Survey_1",
        "canal": "Lateral  5",
        "type": "lateral",
        "chainage_m": 500.0,
        "status": "blocked",
        "blockage_pct": 86,
        "lon": 76.7809038,
        "lat": 16.3158381,
        "image": "images/0312.jpg"
      }
    },
    {
      "type": "Feature",
      "geometry": {
        "type": "Polygon",
        "coordinates": [
          [
            [
              76.7808921551698,
              16.316331950969396
            ],
            [
              76.78172736633739,
              16.31632490397521
            ],
            [
              76.78172176577999,
              16.315706032783964
            ],
            [
              76.78088655723435,
              16.3157130794964
            ],
            [
              76.7808921551698,
              16.316331950969396
            ]
          ]
        ]
      },
      "properties": {
        "id": 313,
        "area": "NRBC_D10_Survey_1",
        "canal": "Lateral  5",
        "type": "lateral",
        "chainage_m": 550.0,
        "status": "blocked",
        "blockage_pct": 78,
        "lon": 76.781307,
        "lat": 16.316019,
        "image": "images/0313.jpg"
      }
    },
    {
      "type": "Feature",
      "geometry": {
        "type": "Polygon",
        "coordinates": [
          [
            [
              76.78125333899801,
              16.3164837111305
            ],
            [
              76.78209593905339,
              16.316476600277497
            ],
            [
              76.78209037659266,
              16.31586207217461
            ],
            [
              76.78124777916389,
              16.315869182745303
            ],
            [
              76.78125333899801,
              16.3164837111305
            ]
          ]
        ]
      },
      "properties": {
        "id": 314,
        "area": "NRBC_D10_Survey_1",
        "canal": "Lateral  5",
        "type": "lateral",
        "chainage_m": 600.0,
        "status": "blocked",
        "blockage_pct": 90,
        "lon": 76.7816719,
        "lat": 16.3161729,
        "image": "images/0314.jpg"
      }
    },
    {
      "type": "Feature",
      "geometry": {
        "type": "Polygon",
        "coordinates": [
          [
            [
              76.7816471983143,
              16.31666063412486
            ],
            [
              76.78251999507161,
              16.31665326667375
            ],
            [
              76.78251433854213,
              16.31602850176082
            ],
            [
              76.78164154455094,
              16.316035868914557
            ],
            [
              76.7816471983143,
              16.31666063412486
            ]
          ]
        ]
      },
      "properties": {
        "id": 315,
        "area": "NRBC_D10_Survey_1",
        "canal": "Lateral  5",
        "type": "lateral",
        "chainage_m": 650.0,
        "status": "blocked",
        "blockage_pct": 85,
        "lon": 76.7820808,
        "lat": 16.3163446,
        "image": "images/0315.jpg"
      }
    },
    {
      "type": "Feature",
      "geometry": {
        "type": "Polygon",
        "coordinates": [
          [
            [
              76.78206887718048,
              16.31689409444563
            ],
            [
              76.78291790333027,
              16.31688692590669
            ],
            [
              76.78291177069694,
              16.316209735498614
            ],
            [
              76.78206274746373,
              16.316216903723934
            ],
            [
              76.78206887718048,
              16.31689409444563
            ]
          ]
        ]
      },
      "properties": {
        "id": 316,
        "area": "NRBC_D10_Survey_1",
        "canal": "Lateral  5",
        "type": "lateral",
        "chainage_m": 700.0,
        "status": "blocked",
        "blockage_pct": 88,
        "lon": 76.7824903,
        "lat": 16.3165519,
        "image": "images/0316.jpg"
      }
    },
    {
      "type": "Feature",
      "geometry": {
        "type": "Polygon",
        "coordinates": [
          [
            [
              76.78246816595068,
              16.317138290852796
            ],
            [
              76.78330948330351,
              16.317131185729775
            ],
            [
              76.78330323683227,
              16.316441587048505
            ],
            [
              76.78246192242254,
              16.316448691854998
            ],
            [
              76.78246816595068,
              16.317138290852796
            ]
          ]
        ]
      },
      "properties": {
        "id": 317,
        "area": "NRBC_D10_Survey_1",
        "canal": "Lateral  5",
        "type": "lateral",
        "chainage_m": 750.0,
        "status": "blocked",
        "blockage_pct": 93,
        "lon": 76.7828857,
        "lat": 16.3167899,
        "image": "images/0317.jpg"
      }
    },
    {
      "type": "Feature",
      "geometry": {
        "type": "Polygon",
        "coordinates": [
          [
            [
              76.78286029856201,
              16.31737261933646
            ],
            [
              76.78369647695426,
              16.317365555979045
            ],
            [
              76.78369031615911,
              16.3166855739928
            ],
            [
              76.78285414065124,
              16.31669263703994
            ],
            [
              76.78286029856201,
              16.31737261933646
            ]
          ]
        ]
      },
      "properties": {
        "id": 318,
        "area": "NRBC_D10_Survey_1",
        "canal": "Lateral  5",
        "type": "lateral",
        "chainage_m": 800.0,
        "status": "partial",
        "blockage_pct": 95,
        "lon": 76.7832753,
        "lat": 16.3170291,
        "image": "images/0318.jpg"
      }
    },
    {
      "type": "Feature",
      "geometry": {
        "type": "Polygon",
        "coordinates": [
          [
            [
              76.78324802837241,
              16.31758185519355
            ],
            [
              76.78406461204256,
              16.317574955815008
            ],
            [
              76.78405865510567,
              16.316917619360296
            ],
            [
              76.78324207415855,
              16.316924518445855
            ],
            [
              76.78324802837241,
              16.31758185519355
            ]
          ]
        ]
      },
      "properties": {
        "id": 319,
        "area": "NRBC_D10_Survey_1",
        "canal": "Lateral  5",
        "type": "lateral",
        "chainage_m": 850.0,
        "status": "blocked",
        "blockage_pct": 97,
        "lon": 76.7836533,
        "lat": 16.3172497,
        "image": "images/0319.jpg"
      }
    },
    {
      "type": "Feature",
      "geometry": {
        "type": "Polygon",
        "coordinates": [
          [
            [
              76.78360905547024,
              16.31760951845304
            ],
            [
              76.78412688903332,
              16.31760514271084
            ],
            [
              76.78412264674529,
              16.317137034799455
            ],
            [
              76.78360481441193,
              16.317141410409338
            ],
            [
              76.78360905547024,
              16.31760951845304
            ]
          ]
        ]
      },
      "properties": {
        "id": 320,
        "area": "NRBC_D10_Survey_1",
        "canal": "Lateral  5",
        "type": "lateral",
        "chainage_m": 900.0,
        "status": "blocked",
        "blockage_pct": 99,
        "lon": 76.7838659,
        "lat": 16.3173733,
        "image": "images/0320.jpg"
      }
    },
    {
      "type": "Feature",
      "geometry": {
        "type": "Polygon",
        "coordinates": [
          [
            [
              76.78015926067854,
              16.324881381086097
            ],
            [
              76.78088303501971,
              16.32487527419067
            ],
            [
              76.7808761538236,
              16.324114946985848
            ],
            [
              76.78015238227542,
              16.32412105358143
            ],
            [
              76.78015926067854,
              16.324881381086097
            ]
          ]
        ]
      },
      "properties": {
        "id": 321,
        "area": "NRBC_D10_Survey_1",
        "canal": "Lateral 6",
        "type": "lateral",
        "chainage_m": 0.0,
        "status": "blocked",
        "blockage_pct": 59,
        "lon": 76.7805177,
        "lat": 16.3244982,
        "image": "images/0321.jpg"
      }
    },
    {
      "type": "Feature",
      "geometry": {
        "type": "Polygon",
        "coordinates": [
          [
            [
              76.78008104518827,
              16.32532691760134
            ],
            [
              76.78062749128586,
              16.32532230724555
            ],
            [
              76.7806195385665,
              16.32444347934129
            ],
            [
              76.78007309490633,
              16.324448089435457
            ],
            [
              76.78008104518827,
              16.32532691760134
            ]
          ]
        ]
      },
      "properties": {
        "id": 322,
        "area": "NRBC_D10_Survey_1",
        "canal": "Lateral 6",
        "type": "lateral",
        "chainage_m": 50.0,
        "status": "partial",
        "blockage_pct": 48,
        "lon": 76.7803503,
        "lat": 16.3248852,
        "image": "images/0322.jpg"
      }
    },
    {
      "type": "Feature",
      "geometry": {
        "type": "Polygon",
        "coordinates": [
          [
            [
              76.7800034719489,
              16.325772448684912
            ],
            [
              76.78054959805597,
              16.32576784111848
            ],
            [
              76.78054164545526,
              16.324889013213895
            ],
            [
              76.77999552178427,
              16.32489362051885
            ],
            [
              76.7800034719489,
              16.325772448684912
            ]
          ]
        ]
      },
      "properties": {
        "id": 323,
        "area": "NRBC_D10_Survey_1",
        "canal": "Lateral 6",
        "type": "lateral",
        "chainage_m": 100.0,
        "status": "blocked",
        "blockage_pct": 73,
        "lon": 76.7802726,
        "lat": 16.3253307,
        "image": "images/0323.jpg"
      }
    },
    {
      "type": "Feature",
      "geometry": {
        "type": "Polygon",
        "coordinates": [
          [
            [
              76.77993008034342,
              16.326218564950707
            ],
            [
              76.78047203144277,
              16.326213992691056
            ],
            [
              76.78046407334496,
              16.325334544364207
            ],
            [
              76.77992212466481,
              16.32533911636422
            ],
            [
              76.77993008034342,
              16.326218564950707
            ]
          ]
        ]
      },
      "properties": {
        "id": 324,
        "area": "NRBC_D10_Survey_1",
        "canal": "Lateral 6",
        "type": "lateral",
        "chainage_m": 150.0,
        "status": "blocked",
        "blockage_pct": 67,
        "lon": 76.7801971,
        "lat": 16.3257766,
        "image": "images/0324.jpg"
      }
    },
    {
      "type": "Feature",
      "geometry": {
        "type": "Polygon",
        "coordinates": [
          [
            [
              76.77974707271369,
              16.32662248317341
            ],
            [
              76.78039825066703,
              16.326616989679327
            ],
            [
              76.78039068285952,
              16.325780660688434
            ],
            [
              76.77973950767053,
              16.32578615388586
            ],
            [
              76.77974707271369,
              16.32662248317341
            ]
          ]
        ]
      },
      "properties": {
        "id": 325,
        "area": "NRBC_D10_Survey_1",
        "canal": "Lateral 6",
        "type": "lateral",
        "chainage_m": 200.0,
        "status": "blocked",
        "blockage_pct": 56,
        "lon": 76.7800689,
        "lat": 16.3262016,
        "image": "images/0325.jpg"
      }
    },
    {
      "type": "Feature",
      "geometry": {
        "type": "Polygon",
        "coordinates": [
          [
            [
              76.77944660089835,
              16.326969067801684
            ],
            [
              76.7802057209856,
              16.326962664448583
            ],
            [
              76.78019864781209,
              16.326180932548056
            ],
            [
              76.77943953073711,
              16.326187335577945
            ],
            [
              76.77944660089835,
              16.326969067801684
            ]
          ]
        ]
      },
      "properties": {
        "id": 326,
        "area": "NRBC_D10_Survey_1",
        "canal": "Lateral 6",
        "type": "lateral",
        "chainage_m": 250.0,
        "status": "blocked",
        "blockage_pct": 59,
        "lon": 76.7798226,
        "lat": 16.326575,
        "image": "images/0326.jpg"
      }
    },
    {
      "type": "Feature",
      "geometry": {
        "type": "Polygon",
        "coordinates": [
          [
            [
              76.77915227393666,
              16.327320253795612
            ],
            [
              76.77990561294213,
              16.32731390014773
            ],
            [
              76.77989849870507,
              16.326527514978324
            ],
            [
              76.7791451627068,
              16.3265338683036
            ],
            [
              76.77915227393666,
              16.327320253795612
            ]
          ]
        ]
      },
      "properties": {
        "id": 327,
        "area": "NRBC_D10_Survey_1",
        "canal": "Lateral 6",
        "type": "lateral",
        "chainage_m": 300.0,
        "status": "blocked",
        "blockage_pct": 77,
        "lon": 76.7795254,
        "lat": 16.3269239,
        "image": "images/0327.jpg"
      }
    },
    {
      "type": "Feature",
      "geometry": {
        "type": "Polygon",
        "coordinates": [
          [
            [
              76.77886828497773,
              16.327677867236407
            ],
            [
              76.77961134534495,
              16.327671601175343
            ],
            [
              76.77960417319467,
              16.326878701471884
            ],
            [
              76.77886111581827,
              16.326884967212163
            ],
            [
              76.77886828497773,
              16.327677867236407
            ]
          ]
        ]
      },
      "properties": {
        "id": 328,
        "area": "NRBC_D10_Survey_1",
        "canal": "Lateral 6",
        "type": "lateral",
        "chainage_m": 350.0,
        "status": "blocked",
        "blockage_pct": 69,
        "lon": 76.7792362,
        "lat": 16.3272783,
        "image": "images/0328.jpg"
      }
    },
    {
      "type": "Feature",
      "geometry": {
        "type": "Polygon",
        "coordinates": [
          [
            [
              76.77868053093468,
              16.328090201163104
            ],
            [
              76.7793313928686,
              16.328084713189337
            ],
            [
              76.77932373909896,
              16.32723845706942
            ],
            [
              76.7786728799611,
              16.327243944743326
            ],
            [
              76.77868053093468,
              16.328090201163104
            ]
          ]
        ]
      },
      "properties": {
        "id": 329,
        "area": "NRBC_D10_Survey_1",
        "canal": "Lateral 6",
        "type": "lateral",
        "chainage_m": 400.0,
        "status": "blocked",
        "blockage_pct": 62,
        "lon": 76.7790021,
        "lat": 16.3276643,
        "image": "images/0329.jpg"
      }
    },
    {
      "type": "Feature",
      "geometry": {
        "type": "Polygon",
        "coordinates": [
          [
            [
              76.77854693779827,
              16.328523174392377
            ],
            [
              76.77914672161414,
              16.32851811743543
            ],
            [
              76.77913888607725,
              16.32765169753571
            ],
            [
              76.77853910489948,
              16.32765675420978
            ],
            [
              76.77854693779827,
              16.328523174392377
            ]
          ]
        ]
      },
      "properties": {
        "id": 330,
        "area": "NRBC_D10_Survey_1",
        "canal": "Lateral 6",
        "type": "lateral",
        "chainage_m": 450.0,
        "status": "blocked",
        "blockage_pct": 71,
        "lon": 76.7788429,
        "lat": 16.3280874,
        "image": "images/0330.jpg"
      }
    },
    {
      "type": "Feature",
      "geometry": {
        "type": "Polygon",
        "coordinates": [
          [
            [
              76.7785047015143,
              16.328968717568905
            ],
            [
              76.77901324997578,
              16.328964429952443
            ],
            [
              76.77900529698184,
              16.3280849811546
            ],
            [
              76.7784967507909,
              16.328089268527627
            ],
            [
              76.7785047015143,
              16.328968717568905
            ]
          ]
        ]
      },
      "properties": {
        "id": 331,
        "area": "NRBC_D10_Survey_1",
        "canal": "Lateral 6",
        "type": "lateral",
        "chainage_m": 500.0,
        "status": "blocked",
        "blockage_pct": 65,
        "lon": 76.778755,
        "lat": 16.3285268,
        "image": "images/0331.jpg"
      }
    },
    {
      "type": "Feature",
      "geometry": {
        "type": "Polygon",
        "coordinates": [
          [
            [
              76.77851103383675,
              16.329420366237144
            ],
            [
              76.77898199641498,
              16.329416395440784
            ],
            [
              76.77897399002886,
              16.328531052652334
            ],
            [
              76.7785030295675,
              16.32853502322173
            ],
            [
              76.77851103383675,
              16.329420366237144
            ]
          ]
        ]
      },
      "properties": {
        "id": 332,
        "area": "NRBC_D10_Survey_1",
        "canal": "Lateral 6",
        "type": "lateral",
        "chainage_m": 550.0,
        "status": "blocked",
        "blockage_pct": 66,
        "lon": 76.7787425,
        "lat": 16.3289757,
        "image": "images/0332.jpg"
      }
    },
    {
      "type": "Feature",
      "geometry": {
        "type": "Polygon",
        "coordinates": [
          [
            [
              76.77851851109085,
              16.32985649348769
            ],
            [
              76.7790485860975,
              16.329852024101466
            ],
            [
              76.77904071945726,
              16.328982191941503
            ],
            [
              76.7785106467915,
              16.328986661076755
            ],
            [
              76.77851851109085,
              16.32985649348769
            ]
          ]
        ]
      },
      "properties": {
        "id": 333,
        "area": "NRBC_D10_Survey_1",
        "canal": "Lateral 6",
        "type": "lateral",
        "chainage_m": 600.0,
        "status": "blocked",
        "blockage_pct": 71,
        "lon": 76.7787796,
        "lat": 16.3294193,
        "image": "images/0333.jpg"
      }
    },
    {
      "type": "Feature",
      "geometry": {
        "type": "Polygon",
        "coordinates": [
          [
            [
              76.77859369413945,
              16.33024768631969
            ],
            [
              76.77928536302262,
              16.33024185380116
            ],
            [
              76.77927787673569,
              16.329414210501323
            ],
            [
              76.77858621075895,
              16.32942004270823
            ],
            [
              76.77859369413945,
              16.33024768631969
            ]
          ]
        ]
      },
      "properties": {
        "id": 334,
        "area": "NRBC_D10_Survey_1",
        "canal": "Lateral 6",
        "type": "lateral",
        "chainage_m": 650.0,
        "status": "blocked",
        "blockage_pct": 81,
        "lon": 76.7789358,
        "lat": 16.3298309,
        "image": "images/0334.jpg"
      }
    },
    {
      "type": "Feature",
      "geometry": {
        "type": "Polygon",
        "coordinates": [
          [
            [
              76.77883046797089,
              16.330637206347184
            ],
            [
              76.77952213813404,
              16.330631372917455
            ],
            [
              76.77951465066265,
              16.32980372975497
            ],
            [
              76.778822983406,
              16.32980956287303
            ],
            [
              76.77883046797089,
              16.330637206347184
            ]
          ]
        ]
      },
      "properties": {
        "id": 335,
        "area": "NRBC_D10_Survey_1",
        "canal": "Lateral 6",
        "type": "lateral",
        "chainage_m": 700.0,
        "status": "blocked",
        "blockage_pct": 76,
        "lon": 76.7791726,
        "lat": 16.3302205,
        "image": "images/0335.jpg"
      }
    },
    {
      "type": "Feature",
      "geometry": {
        "type": "Polygon",
        "coordinates": [
          [
            [
              76.77906739711516,
              16.33104378761476
            ],
            [
              76.77970413326995,
              16.33103841673774
            ],
            [
              76.77969649327542,
              16.330194022292527
            ],
            [
              76.77905975985054,
              16.330199392876786
            ],
            [
              76.77906739711516,
              16.33104378761476
            ]
          ]
        ]
      },
      "properties": {
        "id": 336,
        "area": "NRBC_D10_Survey_1",
        "canal": "Lateral 6",
        "type": "lateral",
        "chainage_m": 750.0,
        "status": "partial",
        "blockage_pct": 68,
        "lon": 76.7793819,
        "lat": 16.3306189,
        "image": "images/0336.jpg"
      }
    },
    {
      "type": "Feature",
      "geometry": {
        "type": "Polygon",
        "coordinates": [
          [
            [
              76.77924142070229,
              16.33149309102772
            ],
            [
              76.77973744634075,
              16.331488906699267
            ],
            [
              76.77972944390287,
              16.330604495082152
            ],
            [
              76.77923342049186,
              16.33060867917172
            ],
            [
              76.77924142070229,
              16.33149309102772
            ]
          ]
        ]
      },
      "properties": {
        "id": 337,
        "area": "NRBC_D10_Survey_1",
        "canal": "Lateral 6",
        "type": "lateral",
        "chainage_m": 800.0,
        "status": "blocked",
        "blockage_pct": 92,
        "lon": 76.7794854,
        "lat": 16.3310488,
        "image": "images/0337.jpg"
      }
    },
    {
      "type": "Feature",
      "geometry": {
        "type": "Polygon",
        "coordinates": [
          [
            [
              76.7792747357142,
              16.331943891352118
            ],
            [
              76.77977108374098,
              16.33193970412261
            ],
            [
              76.77976307811174,
              16.331054982348416
            ],
            [
              76.7792667323147,
              16.331059169338786
            ],
            [
              76.7792747357142,
              16.331943891352118
            ]
          ]
        ]
      },
      "properties": {
        "id": 338,
        "area": "NRBC_D10_Survey_1",
        "canal": "Lateral 6",
        "type": "lateral",
        "chainage_m": 850.0,
        "status": "blocked",
        "blockage_pct": 92,
        "lon": 76.7795189,
        "lat": 16.3314994,
        "image": "images/0338.jpg"
      }
    },
    {
      "type": "Feature",
      "geometry": {
        "type": "Polygon",
        "coordinates": [
          [
            [
              76.77930869070462,
              16.33239437600695
            ],
            [
              76.7798047185972,
              16.332390191296078
            ],
            [
              76.77979671539065,
              16.331505779786802
            ],
            [
              76.77930068972567,
              16.331509964258778
            ],
            [
              76.77930869070462,
              16.33239437600695
            ]
          ]
        ]
      },
      "properties": {
        "id": 339,
        "area": "NRBC_D10_Survey_1",
        "canal": "Lateral 6",
        "type": "lateral",
        "chainage_m": 900.0,
        "status": "blocked",
        "blockage_pct": 89,
        "lon": 76.7795527,
        "lat": 16.3319501,
        "image": "images/0339.jpg"
      }
    },
    {
      "type": "Feature",
      "geometry": {
        "type": "Polygon",
        "coordinates": [
          [
            [
              76.77930377172385,
              16.33280951155578
            ],
            [
              76.77983064183731,
              16.332805066519718
            ],
            [
              76.7798229611265,
              16.33195632932017
            ],
            [
              76.77929609328378,
              16.331960774112716
            ],
            [
              76.77930377172385,
              16.33280951155578
            ]
          ]
        ]
      },
      "properties": {
        "id": 340,
        "area": "NRBC_D10_Survey_1",
        "canal": "Lateral 6",
        "type": "lateral",
        "chainage_m": 950.0,
        "status": "blocked",
        "blockage_pct": 85,
        "lon": 76.7795634,
        "lat": 16.3323829,
        "image": "images/0340.jpg"
      }
    },
    {
      "type": "Feature",
      "geometry": {
        "type": "Polygon",
        "coordinates": [
          [
            [
              76.77928847285642,
              16.333249243193723
            ],
            [
              76.77976972481453,
              16.333245183013446
            ],
            [
              76.77976172974445,
              16.33236170219174
            ],
            [
              76.77928047994544,
              16.33236576214049
            ],
            [
              76.77928847285642,
              16.333249243193723
            ]
          ]
        ]
      },
      "properties": {
        "id": 341,
        "area": "NRBC_D10_Survey_1",
        "canal": "Lateral 6",
        "type": "lateral",
        "chainage_m": 1000.0,
        "status": "blocked",
        "blockage_pct": 85,
        "lon": 76.7795251,
        "lat": 16.3328055,
        "image": "images/0341.jpg"
      }
    },
    {
      "type": "Feature",
      "geometry": {
        "type": "Polygon",
        "coordinates": [
          [
            [
              76.77930443203617,
              16.33369925911413
            ],
            [
              76.77980496091143,
              16.333695036136103
            ],
            [
              76.77979696545061,
              16.332811555368966
            ],
            [
              76.77929643882099,
              16.332815778106188
            ],
            [
              76.77930443203617,
              16.33369925911413
            ]
          ]
        ]
      },
      "properties": {
        "id": 342,
        "area": "NRBC_D10_Survey_1",
        "canal": "Lateral 6",
        "type": "lateral",
        "chainage_m": 1050.0,
        "status": "blocked",
        "blockage_pct": 71,
        "lon": 76.7795507,
        "lat": 16.3332554,
        "image": "images/0342.jpg"
      }
    },
    {
      "type": "Feature",
      "geometry": {
        "type": "Polygon",
        "coordinates": [
          [
            [
              76.77934124763436,
              16.333933175725825
            ],
            [
              76.77982121619554,
              16.333929126103865
            ],
            [
              76.77981517168213,
              16.33326124197035
            ],
            [
              76.77933520474888,
              16.33326529141774
            ],
            [
              76.77934124763436,
              16.333933175725825
            ]
          ]
        ]
      },
      "properties": {
        "id": 343,
        "area": "NRBC_D10_Survey_1",
        "canal": "Lateral 6",
        "type": "lateral",
        "chainage_m": 1100.0,
        "status": "blocked",
        "blockage_pct": 75,
        "lon": 76.7795782,
        "lat": 16.3335972,
        "image": "images/0343.jpg"
      }
    },
    {
      "type": "Feature",
      "geometry": {
        "type": "Polygon",
        "coordinates": [
          [
            [
              76.78241072911011,
              16.32573072230305
            ],
            [
              76.78308117817136,
              16.32572505800833
            ],
            [
              76.78307357972324,
              16.32488655869765
            ],
            [
              76.78240313351536,
              16.32489222268568
            ],
            [
              76.78241072911011,
              16.32573072230305
            ]
          ]
        ]
      },
      "properties": {
        "id": 344,
        "area": "NRBC_D10_Survey_1",
        "canal": "Lateral-7",
        "type": "lateral",
        "chainage_m": 0.0,
        "status": "blocked",
        "blockage_pct": 87,
        "lon": 76.7827422,
        "lat": 16.3253086,
        "image": "images/0344.jpg"
      }
    },
    {
      "type": "Feature",
      "geometry": {
        "type": "Polygon",
        "coordinates": [
          [
            [
              76.78262576821751,
              16.32613252076007
            ],
            [
              76.78329525481657,
              16.326126863791867
            ],
            [
              76.78328764963611,
              16.325287744189957
            ],
            [
              76.78261816588852,
              16.325293400851653
            ],
            [
              76.78262576821751,
              16.32613252076007
            ]
          ]
        ]
      },
      "properties": {
        "id": 345,
        "area": "NRBC_D10_Survey_1",
        "canal": "Lateral-7",
        "type": "lateral",
        "chainage_m": 50.0,
        "status": "blocked",
        "blockage_pct": 88,
        "lon": 76.7829567,
        "lat": 16.3257101,
        "image": "images/0345.jpg"
      }
    },
    {
      "type": "Feature",
      "geometry": {
        "type": "Polygon",
        "coordinates": [
          [
            [
              76.78283930681765,
              16.326510443535504
            ],
            [
              76.7835444535162,
              16.326504484353595
            ],
            [
              76.78353706641644,
              16.3256895613175
            ],
            [
              76.78283192263471,
              16.325695520185846
            ],
            [
              76.78283930681765,
              16.326510443535504
            ]
          ]
        ]
      },
      "properties": {
        "id": 346,
        "area": "NRBC_D10_Survey_1",
        "canal": "Lateral-7",
        "type": "lateral",
        "chainage_m": 100.0,
        "status": "blocked",
        "blockage_pct": 88,
        "lon": 76.7831882,
        "lat": 16.3261,
        "image": "images/0346.jpg"
      }
    },
    {
      "type": "Feature",
      "geometry": {
        "type": "Polygon",
        "coordinates": [
          [
            [
              76.78309255858596,
              16.326839013383783
            ],
            [
              76.78386613298943,
              16.326832474749217
            ],
            [
              76.78385915783592,
              16.32606315282045
            ],
            [
              76.78308558645332,
              16.326069691130222
            ],
            [
              76.78309255858596,
              16.326839013383783
            ]
          ]
        ]
      },
      "properties": {
        "id": 347,
        "area": "NRBC_D10_Survey_1",
        "canal": "Lateral-7",
        "type": "lateral",
        "chainage_m": 150.0,
        "status": "blocked",
        "blockage_pct": 94,
        "lon": 76.7834759,
        "lat": 16.3264511,
        "image": "images/0347.jpg"
      }
    },
    {
      "type": "Feature",
      "geometry": {
        "type": "Polygon",
        "coordinates": [
          [
            [
              76.78341380775201,
              16.32711954227116
            ],
            [
              76.78423300092796,
              16.32711261660181
            ],
            [
              76.78422645462143,
              16.326390757038297
            ],
            [
              76.7834072644472,
              16.326397682384858
            ],
            [
              76.78341380775201,
              16.32711954227116
            ]
          ]
        ]
      },
      "properties": {
        "id": 348,
        "area": "NRBC_D10_Survey_1",
        "canal": "Lateral-7",
        "type": "lateral",
        "chainage_m": 200.0,
        "status": "blocked",
        "blockage_pct": 92,
        "lon": 76.7838201,
        "lat": 16.3267551,
        "image": "images/0348.jpg"
      }
    },
    {
      "type": "Feature",
      "geometry": {
        "type": "Polygon",
        "coordinates": [
          [
            [
              76.78378146693592,
              16.32727434359978
            ],
            [
              76.78467197860873,
              16.32726681321893
            ],
            [
              76.78466654772804,
              16.32666810733398
            ],
            [
              76.78377603876162,
              16.326675637423726
            ],
            [
              76.78378146693592,
              16.32727434359978
            ]
          ]
        ]
      },
      "properties": {
        "id": 349,
        "area": "NRBC_D10_Survey_1",
        "canal": "Lateral-7",
        "type": "lateral",
        "chainage_m": 250.0,
        "status": "blocked",
        "blockage_pct": 95,
        "lon": 76.784224,
        "lat": 16.3269712,
        "image": "images/0349.jpg"
      }
    },
    {
      "type": "Feature",
      "geometry": {
        "type": "Polygon",
        "coordinates": [
          [
            [
              76.7842231582371,
              16.327444340149704
            ],
            [
              76.78510467539337,
              16.327436883931917
            ],
            [
              76.78509905737435,
              16.326817704322842
            ],
            [
              76.78421754298877,
              16.326825160242535
            ],
            [
              76.7842231582371,
              16.327444340149704
            ]
          ]
        ]
      },
      "properties": {
        "id": 350,
        "area": "NRBC_D10_Survey_1",
        "canal": "Lateral-7",
        "type": "lateral",
        "chainage_m": 300.0,
        "status": "blocked",
        "blockage_pct": 99,
        "lon": 76.7846611,
        "lat": 16.327131,
        "image": "images/0350.jpg"
      }
    },
    {
      "type": "Feature",
      "geometry": {
        "type": "Polygon",
        "coordinates": [
          [
            [
              76.78465608262131,
              16.327674905503653
            ],
            [
              76.7854720650241,
              16.327668001969258
            ],
            [
              76.78546591087849,
              16.32698988256657
            ],
            [
              76.78464993128459,
              16.326996785798713
            ],
            [
              76.78465608262131,
              16.327674905503653
            ]
          ]
        ]
      },
      "properties": {
        "id": 351,
        "area": "NRBC_D10_Survey_1",
        "canal": "Lateral-7",
        "type": "lateral",
        "chainage_m": 350.0,
        "status": "blocked",
        "blockage_pct": 97,
        "lon": 76.785061,
        "lat": 16.3273324,
        "image": "images/0351.jpg"
      }
    },
    {
      "type": "Feature",
      "geometry": {
        "type": "Polygon",
        "coordinates": [
          [
            [
              76.78501064237128,
              16.328120814817353
            ],
            [
              76.78552914569504,
              16.328116427460962
            ],
            [
              76.78552113586582,
              16.32723387962097
            ],
            [
              76.78500263486504,
              16.327238266727367
            ],
            [
              76.78501064237128,
              16.328120814817353
            ]
          ]
        ]
      },
      "properties": {
        "id": 352,
        "area": "NRBC_D10_Survey_1",
        "canal": "Lateral-7",
        "type": "lateral",
        "chainage_m": 400.0,
        "status": "blocked",
        "blockage_pct": 98,
        "lon": 76.7852659,
        "lat": 16.3276773,
        "image": "images/0352.jpg"
      }
    },
    {
      "type": "Feature",
      "geometry": {
        "type": "Polygon",
        "coordinates": [
          [
            [
              76.78506771942952,
              16.328568930296772
            ],
            [
              76.7855907214777,
              16.328564504619028
            ],
            [
              76.78558271395576,
              16.327682267056296
            ],
            [
              76.78505971424997,
              16.32768669248195
            ],
            [
              76.78506771942952,
              16.328568930296772
            ]
          ]
        ]
      },
      "properties": {
        "id": 353,
        "area": "NRBC_D10_Survey_1",
        "canal": "Lateral-7",
        "type": "lateral",
        "chainage_m": 450.0,
        "status": "blocked",
        "blockage_pct": 96,
        "lon": 76.7853252,
        "lat": 16.3281256,
        "image": "images/0353.jpg"
      }
    },
    {
      "type": "Feature",
      "geometry": {
        "type": "Polygon",
        "coordinates": [
          [
            [
              76.78512676690573,
              16.32870307225154
            ],
            [
              76.7859690962249,
              16.328695943480163
            ],
            [
              76.78596393406515,
              16.328127328475844
            ],
            [
              76.78512160717752,
              16.32813445698552
            ],
            [
              76.78512676690573,
              16.32870307225154
            ]
          ]
        ]
      },
      "properties": {
        "id": 354,
        "area": "NRBC_D10_Survey_1",
        "canal": "Lateral-7",
        "type": "lateral",
        "chainage_m": 500.0,
        "status": "blocked",
        "blockage_pct": 96,
        "lon": 76.7855454,
        "lat": 16.3284152,
        "image": "images/0354.jpg"
      }
    },
    {
      "type": "Feature",
      "geometry": {
        "type": "Polygon",
        "coordinates": [
          [
            [
              76.78552022461572,
              16.32872642289129
            ],
            [
              76.78643612110872,
              16.32871866963013
            ],
            [
              76.78643179421988,
              16.32824218713287
            ],
            [
              76.78551589994237,
              16.328249940155523
            ],
            [
              76.78552022461572,
              16.32872642289129
            ]
          ]
        ]
      },
      "properties": {
        "id": 355,
        "area": "NRBC_D10_Survey_1",
        "canal": "Lateral-7",
        "type": "lateral",
        "chainage_m": 550.0,
        "status": "blocked",
        "blockage_pct": 86,
        "lon": 76.785976,
        "lat": 16.3284843,
        "image": "images/0355.jpg"
      }
    },
    {
      "type": "Feature",
      "geometry": {
        "type": "Polygon",
        "coordinates": [
          [
            [
              76.78598743268772,
              16.328769313685115
            ],
            [
              76.78690172287425,
              16.328761571981083
            ],
            [
              76.78689721451462,
              16.328265236174495
            ],
            [
              76.78598292663186,
              16.328272977630444
            ],
            [
              76.78598743268772,
              16.328769313685115
            ]
          ]
        ]
      },
      "properties": {
        "id": 356,
        "area": "NRBC_D10_Survey_1",
        "canal": "Lateral-7",
        "type": "lateral",
        "chainage_m": 600.0,
        "status": "blocked",
        "blockage_pct": 84,
        "lon": 76.7864423,
        "lat": 16.3285173,
        "image": "images/0356.jpg"
      }
    },
    {
      "type": "Feature",
      "geometry": {
        "type": "Polygon",
        "coordinates": [
          [
            [
              76.78645304585011,
              16.328813457864246
            ],
            [
              76.78736733600863,
              16.328805714122755
            ],
            [
              76.7873628123697,
              16.32830782739578
            ],
            [
              76.78644852452213,
              16.328315570888353
            ],
            [
              76.78645304585011,
              16.328813457864246
            ]
          ]
        ]
      },
      "properties": {
        "id": 357,
        "area": "NRBC_D10_Survey_1",
        "canal": "Lateral-7",
        "type": "lateral",
        "chainage_m": 650.0,
        "status": "blocked",
        "blockage_pct": 86,
        "lon": 76.7869079,
        "lat": 16.3285606,
        "image": "images/0357.jpg"
      }
    },
    {
      "type": "Feature",
      "geometry": {
        "type": "Polygon",
        "coordinates": [
          [
            [
              76.78691934100554,
              16.328968038426858
            ],
            [
              76.78780086368627,
              16.32896057027134
            ],
            [
              76.78779534939453,
              16.32835380005471
            ],
            [
              76.78691382942924,
              16.328361267917675
            ],
            [
              76.78691934100554,
              16.328968038426858
            ]
          ]
        ]
      },
      "properties": {
        "id": 358,
        "area": "NRBC_D10_Survey_1",
        "canal": "Lateral-7",
        "type": "lateral",
        "chainage_m": 700.0,
        "status": "blocked",
        "blockage_pct": 86,
        "lon": 76.7873573,
        "lat": 16.3286609,
        "image": "images/0358.jpg"
      }
    },
    {
      "type": "Feature",
      "geometry": {
        "type": "Polygon",
        "coordinates": [
          [
            [
              76.78735133023072,
              16.329165720773826
            ],
            [
              76.78822096716135,
              16.329158351476398
            ],
            [
              76.78821511030762,
              16.32851404604254
            ],
            [
              76.78734547622156,
              16.328521415033432
            ],
            [
              76.78735133023072,
              16.329165720773826
            ]
          ]
        ]
      },
      "properties": {
        "id": 359,
        "area": "NRBC_D10_Survey_1",
        "canal": "Lateral-7",
        "type": "lateral",
        "chainage_m": 750.0,
        "status": "blocked",
        "blockage_pct": 86,
        "lon": 76.7877832,
        "lat": 16.3288399,
        "image": "images/0359.jpg"
      }
    },
    {
      "type": "Feature",
      "geometry": {
        "type": "Polygon",
        "coordinates": [
          [
            [
              76.78777270783434,
              16.329432984401507
            ],
            [
              76.7885495030048,
              16.329426400367176
            ],
            [
              76.78854299911173,
              16.32871105706889
            ],
            [
              76.78776620676234,
              16.32871764079916
            ],
            [
              76.78777270783434,
              16.329432984401507
            ]
          ]
        ]
      },
      "properties": {
        "id": 360,
        "area": "NRBC_D10_Survey_1",
        "canal": "Lateral-7",
        "type": "lateral",
        "chainage_m": 800.0,
        "status": "blocked",
        "blockage_pct": 84,
        "lon": 76.7881579,
        "lat": 16.329072,
        "image": "images/0360.jpg"
      }
    },
    {
      "type": "Feature",
      "geometry": {
        "type": "Polygon",
        "coordinates": [
          [
            [
              76.78809148574302,
              16.329864609779673
            ],
            [
              76.78868002656372,
              16.329859620624976
            ],
            [
              76.78867212580644,
              16.32899072367426
            ],
            [
              76.78808358758202,
              16.32899571254909
            ],
            [
              76.78809148574302,
              16.329864609779673
            ]
          ]
        ]
      },
      "properties": {
        "id": 361,
        "area": "NRBC_D10_Survey_1",
        "canal": "Lateral-7",
        "type": "lateral",
        "chainage_m": 850.0,
        "status": "blocked",
        "blockage_pct": 89,
        "lon": 76.7883818,
        "lat": 16.3294277,
        "image": "images/0361.jpg"
      }
    },
    {
      "type": "Feature",
      "geometry": {
        "type": "Polygon",
        "coordinates": [
          [
            [
              76.78822014603975,
              16.330304981535036
            ],
            [
              76.78878298761217,
              16.33030020981348
            ],
            [
              76.78877502693736,
              16.329424798547798
            ],
            [
              76.7882121878665,
              16.329429569999693
            ],
            [
              76.78822014603975,
              16.330304981535036
            ]
          ]
        ]
      },
      "properties": {
        "id": 362,
        "area": "NRBC_D10_Survey_1",
        "canal": "Lateral-7",
        "type": "lateral",
        "chainage_m": 900.0,
        "status": "blocked",
        "blockage_pct": 69,
        "lon": 76.7884976,
        "lat": 16.3298649,
        "image": "images/0362.jpg"
      }
    },
    {
      "type": "Feature",
      "geometry": {
        "type": "Polygon",
        "coordinates": [
          [
            [
              76.78832301616895,
              16.330735644303324
            ],
            [
              76.78892473106677,
              16.330730542548583
            ],
            [
              76.78891685981667,
              16.32986505809044
            ],
            [
              76.78831514756294,
              16.32987015956015
            ],
            [
              76.78832301616895,
              16.330735644303324
            ]
          ]
        ]
      },
      "properties": {
        "id": 363,
        "area": "NRBC_D10_Survey_1",
        "canal": "Lateral-7",
        "type": "lateral",
        "chainage_m": 950.0,
        "status": "blocked",
        "blockage_pct": 65,
        "lon": 76.7886199,
        "lat": 16.3303004,
        "image": "images/0363.jpg"
      }
    },
    {
      "type": "Feature",
      "geometry": {
        "type": "Polygon",
        "coordinates": [
          [
            [
              76.78846665558567,
              16.331162548752694
            ],
            [
              76.78907833073657,
              16.331157361996404
            ],
            [
              76.78907048398688,
              16.330294669531213
            ],
            [
              76.78845881151524,
              16.330299855998657
            ],
            [
              76.78846665558567,
              16.331162548752694
            ]
          ]
        ]
      },
      "properties": {
        "id": 364,
        "area": "NRBC_D10_Survey_1",
        "canal": "Lateral-7",
        "type": "lateral",
        "chainage_m": 1000.0,
        "status": "blocked",
        "blockage_pct": 55,
        "lon": 76.7887686,
        "lat": 16.3307286,
        "image": "images/0364.jpg"
      }
    },
    {
      "type": "Feature",
      "geometry": {
        "type": "Polygon",
        "coordinates": [
          [
            [
              76.7886208605782,
              16.33158533041149
            ],
            [
              76.78924345978287,
              16.331580050430723
            ],
            [
              76.78923564595644,
              16.330721080591132
            ],
            [
              76.78861304946722,
              16.330726360279137
            ],
            [
              76.7886208605782,
              16.33158533041149
            ]
          ]
        ]
      },
      "properties": {
        "id": 365,
        "area": "NRBC_D10_Survey_1",
        "canal": "Lateral-7",
        "type": "lateral",
        "chainage_m": 1050.0,
        "status": "blocked",
        "blockage_pct": 76,
        "lon": 76.7889283,
        "lat": 16.3311532,
        "image": "images/0365.jpg"
      }
    },
    {
      "type": "Feature",
      "geometry": {
        "type": "Polygon",
        "coordinates": [
          [
            [
              76.78878420606434,
              16.331811966871744
            ],
            [
              76.78959988251931,
              16.331805048400074
            ],
            [
              76.78959385080049,
              16.33114213105394
            ],
            [
              76.7887781770911,
              16.33114904922956
            ],
            [
              76.78878420606434,
              16.331811966871744
            ]
          ]
        ]
      },
      "properties": {
        "id": 366,
        "area": "NRBC_D10_Survey_1",
        "canal": "Lateral-7",
        "type": "lateral",
        "chainage_m": 1100.0,
        "status": "blocked",
        "blockage_pct": 73,
        "lon": 76.789189,
        "lat": 16.331477,
        "image": "images/0366.jpg"
      }
    },
    {
      "type": "Feature",
      "geometry": {
        "type": "Polygon",
        "coordinates": [
          [
            [
              76.78915164343142,
              16.33194101010107
            ],
            [
              76.79004827752588,
              16.331933403167945
            ],
            [
              76.79004300368439,
              16.331353932284543
            ],
            [
              76.78914637222817,
              16.33136153893313
            ],
            [
              76.78915164343142,
              16.33194101010107
            ]
          ]
        ]
      },
      "properties": {
        "id": 367,
        "area": "NRBC_D10_Survey_1",
        "canal": "Lateral-7",
        "type": "lateral",
        "chainage_m": 1150.0,
        "status": "blocked",
        "blockage_pct": 85,
        "lon": 76.7895973,
        "lat": 16.3316475,
        "image": "images/0367.jpg"
      }
    },
    {
      "type": "Feature",
      "geometry": {
        "type": "Polygon",
        "coordinates": [
          [
            [
              76.78960033034164,
              16.3321720505531
            ],
            [
              76.79043496222353,
              16.332164967896258
            ],
            [
              76.79042876659219,
              16.331484368952452
            ],
            [
              76.78959413759469,
              16.331491451298138
            ],
            [
              76.78960033034164,
              16.3321720505531
            ]
          ]
        ]
      },
      "properties": {
        "id": 368,
        "area": "NRBC_D10_Survey_1",
        "canal": "Lateral-7",
        "type": "lateral",
        "chainage_m": 1200.0,
        "status": "blocked",
        "blockage_pct": 69,
        "lon": 76.7900145,
        "lat": 16.3318282,
        "image": "images/0368.jpg"
      }
    },
    {
      "type": "Feature",
      "geometry": {
        "type": "Polygon",
        "coordinates": [
          [
            [
              76.78998300084328,
              16.33249206662988
            ],
            [
              76.79076462604624,
              16.332485432349678
            ],
            [
              76.79075768915307,
              16.3317235587582
            ],
            [
              76.78997606697396,
              16.331730192712147
            ],
            [
              76.78998300084328,
              16.33249206662988
            ]
          ]
        ]
      },
      "properties": {
        "id": 369,
        "area": "NRBC_D10_Survey_1",
        "canal": "Lateral-7",
        "type": "lateral",
        "chainage_m": 1250.0,
        "status": "blocked",
        "blockage_pct": 75,
        "lon": 76.7903703,
        "lat": 16.3321078,
        "image": "images/0369.jpg"
      }
    },
    {
      "type": "Feature",
      "geometry": {
        "type": "Polygon",
        "coordinates": [
          [
            [
              76.79031292939246,
              16.33280632488913
            ],
            [
              76.79110098090695,
              16.3327996347039
            ],
            [
              76.79109409906997,
              16.332043965456958
            ],
            [
              76.7903060505794,
              16.332050655315868
            ],
            [
              76.79031292939246,
              16.33280632488913
            ]
          ]
        ]
      },
      "properties": {
        "id": 370,
        "area": "NRBC_D10_Survey_1",
        "canal": "Lateral-7",
        "type": "lateral",
        "chainage_m": 1300.0,
        "status": "blocked",
        "blockage_pct": 78,
        "lon": 76.7907035,
        "lat": 16.3324251,
        "image": "images/0370.jpg"
      }
    },
    {
      "type": "Feature",
      "geometry": {
        "type": "Polygon",
        "coordinates": [
          [
            [
              76.79064926161591,
              16.33311804629933
            ],
            [
              76.79143956305833,
              16.33311133563433
            ],
            [
              76.79143269956117,
              16.33235783801308
            ],
            [
              76.79064240114266,
              16.332364548351716
            ],
            [
              76.79064926161591,
              16.33311804629933
            ]
          ]
        ]
      },
      "properties": {
        "id": 371,
        "area": "NRBC_D10_Survey_1",
        "canal": "Lateral-7",
        "type": "lateral",
        "chainage_m": 1350.0,
        "status": "blocked",
        "blockage_pct": 78,
        "lon": 76.791041,
        "lat": 16.3327379,
        "image": "images/0371.jpg"
      }
    },
    {
      "type": "Feature",
      "geometry": {
        "type": "Polygon",
        "coordinates": [
          [
            [
              76.79098815086654,
              16.333428194189956
            ],
            [
              76.79177973845236,
              16.333421471215505
            ],
            [
              76.79177288764551,
              16.33266952480174
            ],
            [
              76.79098130308235,
              16.332676247449896
            ],
            [
              76.79098815086654,
              16.333428194189956
            ]
          ]
        ]
      },
      "properties": {
        "id": 372,
        "area": "NRBC_D10_Survey_1",
        "canal": "Lateral-7",
        "type": "lateral",
        "chainage_m": 1400.0,
        "status": "blocked",
        "blockage_pct": 60,
        "lon": 76.7913805,
        "lat": 16.3330489,
        "image": "images/0372.jpg"
      }
    },
    {
      "type": "Feature",
      "geometry": {
        "type": "Polygon",
        "coordinates": [
          [
            [
              76.79132781651029,
              16.33375291578564
            ],
            [
              76.7921052697451,
              16.333746311511216
            ],
            [
              76.79209829034691,
              16.332980405856127
            ],
            [
              76.79132084013597,
              16.332987009804068
            ],
            [
              76.79132781651029,
              16.33375291578564
            ]
          ]
        ]
      },
      "properties": {
        "id": 373,
        "area": "NRBC_D10_Survey_1",
        "canal": "Lateral-7",
        "type": "lateral",
        "chainage_m": 1450.0,
        "status": "blocked",
        "blockage_pct": 65,
        "lon": 76.7917131,
        "lat": 16.3333667,
        "image": "images/0373.jpg"
      }
    },
    {
      "type": "Feature",
      "geometry": {
        "type": "Polygon",
        "coordinates": [
          [
            [
              76.79165201658793,
              16.333931648392877
            ],
            [
              76.79252874029261,
              16.333924199213016
            ],
            [
              76.7925230880674,
              16.33330409187744
            ],
            [
              76.79164636712359,
              16.33331154075916
            ],
            [
              76.79165201658793,
              16.333931648392877
            ]
          ]
        ]
      },
      "properties": {
        "id": 374,
        "area": "NRBC_D10_Survey_1",
        "canal": "Lateral-7",
        "type": "lateral",
        "chainage_m": 1500.0,
        "status": "partial",
        "blockage_pct": 53,
        "lon": 76.7920876,
        "lat": 16.3336179,
        "image": "images/0374.jpg"
      }
    },
    {
      "type": "Feature",
      "geometry": {
        "type": "Polygon",
        "coordinates": [
          [
            [
              76.7920796832485,
              16.334005883578048
            ],
            [
              76.79298981831067,
              16.333998148564945
            ],
            [
              76.79298503569531,
              16.333473585670244
            ],
            [
              76.79207490305767,
              16.333481320421466
            ],
            [
              76.7920796832485,
              16.334005883578048
            ]
          ]
        ]
      },
      "properties": {
        "id": 375,
        "area": "NRBC_D10_Survey_1",
        "canal": "Lateral-7",
        "type": "lateral",
        "chainage_m": 1550.0,
        "status": "blocked",
        "blockage_pct": 56,
        "lon": 76.7925324,
        "lat": 16.3337397,
        "image": "images/0375.jpg"
      }
    },
    {
      "type": "Feature",
      "geometry": {
        "type": "Polygon",
        "coordinates": [
          [
            [
              76.79254108265937,
              16.33407983117907
            ],
            [
              76.79345089657103,
              16.334072096873317
            ],
            [
              76.7934460900716,
              16.333545052446272
            ],
            [
              76.79253627859508,
              16.333552786488927
            ],
            [
              76.79254108265937,
              16.33407983117907
            ]
          ]
        ]
      },
      "properties": {
        "id": 376,
        "area": "NRBC_D10_Survey_1",
        "canal": "Lateral-7",
        "type": "lateral",
        "chainage_m": 1600.0,
        "status": "blocked",
        "blockage_pct": 78,
        "lon": 76.7929936,
        "lat": 16.3338124,
        "image": "images/0376.jpg"
      }
    },
    {
      "type": "Feature",
      "geometry": {
        "type": "Polygon",
        "coordinates": [
          [
            [
              76.79300243257492,
              16.334183560498957
            ],
            [
              76.79390614275812,
              16.334175876072536
            ],
            [
              76.79390108033385,
              16.33362091301421
            ],
            [
              76.7929973726976,
              16.33362859716539
            ],
            [
              76.79300243257492,
              16.334183560498957
            ]
          ]
        ]
      },
      "properties": {
        "id": 377,
        "area": "NRBC_D10_Survey_1",
        "canal": "Lateral-7",
        "type": "lateral",
        "chainage_m": 1650.0,
        "status": "blocked",
        "blockage_pct": 83,
        "lon": 76.7934518,
        "lat": 16.3339022,
        "image": "images/0377.jpg"
      }
    },
    {
      "type": "Feature",
      "geometry": {
        "type": "Polygon",
        "coordinates": [
          [
            [
              76.79345782475,
              16.334268104998955
            ],
            [
              76.79436603276386,
              16.334260380319158
            ],
            [
              76.79436113884084,
              16.33372402991297
            ],
            [
              76.79345293330078,
              16.333731754325363
            ],
            [
              76.79345782475,
              16.334268104998955
            ]
          ]
        ]
      },
      "properties": {
        "id": 378,
        "area": "NRBC_D10_Survey_1",
        "canal": "Lateral-7",
        "type": "lateral",
        "chainage_m": 1700.0,
        "status": "blocked",
        "blockage_pct": 60,
        "lon": 76.7939095,
        "lat": 16.3339961,
        "image": "images/0378.jpg"
      }
    },
    {
      "type": "Feature",
      "geometry": {
        "type": "Polygon",
        "coordinates": [
          [
            [
              76.79391759454509,
              16.334374637757595
            ],
            [
              76.79482034136505,
              16.334366957525486
            ],
            [
              76.7948152423251,
              16.333808272255663
            ],
            [
              76.79391249806648,
              16.33381595221084
            ],
            [
              76.79391759454509,
              16.334374637757595
            ]
          ]
        ]
      },
      "properties": {
        "id": 379,
        "area": "NRBC_D10_Survey_1",
        "canal": "Lateral-7",
        "type": "lateral",
        "chainage_m": 1750.0,
        "status": "blocked",
        "blockage_pct": 58,
        "lon": 76.7943664,
        "lat": 16.3340915,
        "image": "images/0379.jpg"
      }
    },
    {
      "type": "Feature",
      "geometry": {
        "type": "Polygon",
        "coordinates": [
          [
            [
              76.79437168108554,
              16.33449207595557
            ],
            [
              76.79527185812107,
              16.334484415603452
            ],
            [
              76.79526667280292,
              16.33391642422974
            ],
            [
              76.794366498364,
              16.333924084301035
            ],
            [
              76.79437168108554,
              16.33449207595557
            ]
          ]
        ]
      },
      "properties": {
        "id": 380,
        "area": "NRBC_D10_Survey_1",
        "canal": "Lateral-7",
        "type": "lateral",
        "chainage_m": 1800.0,
        "status": "blocked",
        "blockage_pct": 97,
        "lon": 76.7948192,
        "lat": 16.3342043,
        "image": "images/0380.jpg"
      }
    },
    {
      "type": "Feature",
      "geometry": {
        "type": "Polygon",
        "coordinates": [
          [
            [
              76.79482319929394,
              16.33457447871369
            ],
            [
              76.7957317293026,
              16.334566745280306
            ],
            [
              76.79572684855493,
              16.334032256541903
            ],
            [
              76.79481832101239,
              16.33403998970852
            ],
            [
              76.79482319929394,
              16.33457447871369
            ]
          ]
        ]
      },
      "properties": {
        "id": 381,
        "area": "NRBC_D10_Survey_1",
        "canal": "Lateral-7",
        "type": "lateral",
        "chainage_m": 1850.0,
        "status": "blocked",
        "blockage_pct": 88,
        "lon": 76.795275,
        "lat": 16.3343034,
        "image": "images/0381.jpg"
      }
    },
    {
      "type": "Feature",
      "geometry": {
        "type": "Polygon",
        "coordinates": [
          [
            [
              76.79528358444999,
              16.334677900794244
            ],
            [
              76.79618697450807,
              16.33467020910674
            ],
            [
              76.79618189982061,
              16.334114626354417
            ],
            [
              76.7952785123115,
              16.334122317766116
            ],
            [
              76.79528358444999,
              16.334677900794244
            ]
          ]
        ]
      },
      "properties": {
        "id": 382,
        "area": "NRBC_D10_Survey_1",
        "canal": "Lateral-7",
        "type": "lateral",
        "chainage_m": 1900.0,
        "status": "blocked",
        "blockage_pct": 78,
        "lon": 76.7957327,
        "lat": 16.3343963,
        "image": "images/0382.jpg"
      }
    },
    {
      "type": "Feature",
      "geometry": {
        "type": "Polygon",
        "coordinates": [
          [
            [
              76.7957389929348,
              16.33483441392107
            ],
            [
              76.7965845562241,
              16.334827212812655
            ],
            [
              76.79657900707859,
              16.3342198254438
            ],
            [
              76.79573344639756,
              16.334227026269925
            ],
            [
              76.7957389929348,
              16.33483441392107
            ]
          ]
        ]
      },
      "properties": {
        "id": 383,
        "area": "NRBC_D10_Survey_1",
        "canal": "Lateral-7",
        "type": "lateral",
        "chainage_m": 1950.0,
        "status": "blocked",
        "blockage_pct": 61,
        "lon": 76.796159,
        "lat": 16.3345271,
        "image": "images/0383.jpg"
      }
    },
    {
      "type": "Feature",
      "geometry": {
        "type": "Polygon",
        "coordinates": [
          [
            [
              76.7960733835745,
              16.335143349957303
            ],
            [
              76.79674932115692,
              16.335137592542534
            ],
            [
              76.79674250727942,
              16.33439185246621
            ],
            [
              76.796066572257,
              16.334397609603883
            ],
            [
              76.7960733835745,
              16.335143349957303
            ]
          ]
        ]
      },
      "properties": {
        "id": 384,
        "area": "NRBC_D10_Survey_1",
        "canal": "Lateral-7",
        "type": "lateral",
        "chainage_m": 2000.0,
        "status": "partial",
        "blockage_pct": 53,
        "lon": 76.7964079,
        "lat": 16.3347676,
        "image": "images/0384.jpg"
      }
    },
    {
      "type": "Feature",
      "geometry": {
        "type": "Polygon",
        "coordinates": [
          [
            [
              76.79630056344286,
              16.335287224297318
            ],
            [
              76.79719335410806,
              16.335279618318324
            ],
            [
              76.79718794750914,
              16.334688051784312
            ],
            [
              76.79629515952625,
              16.334695657472917
            ],
            [
              76.79630056344286,
              16.335287224297318
            ]
          ]
        ]
      },
      "properties": {
        "id": 385,
        "area": "NRBC_D10_Survey_1",
        "canal": "Lateral-7",
        "type": "lateral",
        "chainage_m": 2050.0,
        "status": "blocked",
        "blockage_pct": 67,
        "lon": 76.7967443,
        "lat": 16.3349876,
        "image": "images/0385.jpg"
      }
    },
    {
      "type": "Feature",
      "geometry": {
        "type": "Polygon",
        "coordinates": [
          [
            [
              76.79674471369924,
              16.33540691330227
            ],
            [
              76.79764457248226,
              16.33539924514634
            ],
            [
              76.79763936015544,
              16.334829083108684
            ],
            [
              76.79673950397819,
              16.33483675098245
            ],
            [
              76.79674471369924,
              16.33540691330227
            ]
          ]
        ]
      },
      "properties": {
        "id": 386,
        "area": "NRBC_D10_Survey_1",
        "canal": "Lateral-7",
        "type": "lateral",
        "chainage_m": 2100.0,
        "status": "blocked",
        "blockage_pct": 77,
        "lon": 76.797192,
        "lat": 16.335118,
        "image": "images/0386.jpg"
      }
    },
    {
      "type": "Feature",
      "geometry": {
        "type": "Polygon",
        "coordinates": [
          [
            [
              76.79719585086353,
              16.335482488825143
            ],
            [
              76.79810534766938,
              16.33547473653927
            ],
            [
              76.79810053109954,
              16.334948003739946
            ],
            [
              76.79719103672677,
              16.334955755762287
            ],
            [
              76.79719585086353,
              16.335482488825143
            ]
          ]
        ]
      },
      "properties": {
        "id": 387,
        "area": "NRBC_D10_Survey_1",
        "canal": "Lateral-7",
        "type": "lateral",
        "chainage_m": 2150.0,
        "status": "blocked",
        "blockage_pct": 81,
        "lon": 76.7976482,
        "lat": 16.3352152,
        "image": "images/0387.jpg"
      }
    },
    {
      "type": "Feature",
      "geometry": {
        "type": "Polygon",
        "coordinates": [
          [
            [
              76.797656163919,
              16.33550741731819
            ],
            [
              76.79857240713903,
              16.33549960550147
            ],
            [
              76.79856803476802,
              16.33502157544792
            ],
            [
              76.79765179377247,
              16.335029387023642
            ],
            [
              76.797656163919,
              16.33550741731819
            ]
          ]
        ]
      },
      "properties": {
        "id": 388,
        "area": "NRBC_D10_Survey_1",
        "canal": "Lateral-7",
        "type": "lateral",
        "chainage_m": 2200.0,
        "status": "blocked",
        "blockage_pct": 78,
        "lon": 76.7981121,
        "lat": 16.3352645,
        "image": "images/0388.jpg"
      }
    },
    {
      "type": "Feature",
      "geometry": {
        "type": "Polygon",
        "coordinates": [
          [
            [
              76.79812354194318,
              16.335531974326756
            ],
            [
              76.79903946377831,
              16.335524163209264
            ],
            [
              76.79903507891309,
              16.335044892449417
            ],
            [
              76.79811915930745,
              16.335052703325307
            ],
            [
              76.79812354194318,
              16.335531974326756
            ]
          ]
        ]
      },
      "properties": {
        "id": 389,
        "area": "NRBC_D10_Survey_1",
        "canal": "Lateral-7",
        "type": "lateral",
        "chainage_m": 2250.0,
        "status": "blocked",
        "blockage_pct": 73,
        "lon": 76.7985793,
        "lat": 16.3352884,
        "image": "images/0389.jpg"
      }
    },
    {
      "type": "Feature",
      "geometry": {
        "type": "Polygon",
        "coordinates": [
          [
            [
              76.79859045967542,
              16.335541332850706
            ],
            [
              76.79950702384477,
              16.335533514219346
            ],
            [
              76.79950277977736,
              16.335069753960422
            ],
            [
              76.79858621776684,
              16.33507757235776
            ],
            [
              76.79859045967542,
              16.335541332850706
            ]
          ]
        ]
      },
      "properties": {
        "id": 390,
        "area": "NRBC_D10_Survey_1",
        "canal": "Lateral-7",
        "type": "lateral",
        "chainage_m": 2300.0,
        "status": "blocked",
        "blockage_pct": 82,
        "lon": 76.7990466,
        "lat": 16.3353055,
        "image": "images/0390.jpg"
      }
    },
    {
      "type": "Feature",
      "geometry": {
        "type": "Polygon",
        "coordinates": [
          [
            [
              76.79905825598595,
              16.33554137588633
            ],
            [
              76.7999751411822,
              16.335533552480676
            ],
            [
              76.79997097267851,
              16.335078167942854
            ],
            [
              76.79905408960285,
              16.335085991118582
            ],
            [
              76.79905825598595,
              16.33554137588633
            ]
          ]
        ]
      },
      "properties": {
        "id": 391,
        "area": "NRBC_D10_Survey_1",
        "canal": "Lateral-7",
        "type": "lateral",
        "chainage_m": 2350.0,
        "status": "blocked",
        "blockage_pct": 78,
        "lon": 76.7995146,
        "lat": 16.3353098,
        "image": "images/0391.jpg"
      }
    },
    {
      "type": "Feature",
      "geometry": {
        "type": "Polygon",
        "coordinates": [
          [
            [
              76.76627089227614,
              16.308304757931946
            ],
            [
              76.76681466312169,
              16.308300209978114
            ],
            [
              76.76680677930214,
              16.30742121147472
            ],
            [
              76.76626301087991,
              16.307425759170176
            ],
            [
              76.76627089227614,
              16.308304757931946
            ]
          ]
        ]
      },
      "properties": {
        "id": 392,
        "area": "NRBC_D10_MISSION_1",
        "canal": "D-10pa",
        "type": "distributary",
        "chainage_m": 1500.0,
        "status": "blocked",
        "blockage_pct": 96,
        "lon": 76.7665388,
        "lat": 16.307863,
        "image": "images/0392.jpg"
      }
    },
    {
      "type": "Feature",
      "geometry": {
        "type": "Polygon",
        "coordinates": [
          [
            [
              76.76635419730347,
              16.30874926199256
            ],
            [
              76.76689796935119,
              16.30874471370391
            ],
            [
              76.76689008493318,
              16.307865715277075
            ],
            [
              76.76634631530884,
              16.30787026330733
            ],
            [
              76.76635419730347,
              16.30874926199256
            ]
          ]
        ]
      },
      "properties": {
        "id": 393,
        "area": "NRBC_D10_MISSION_1",
        "canal": "D-10pa",
        "type": "distributary",
        "chainage_m": 1550.0,
        "status": "blocked",
        "blockage_pct": 91,
        "lon": 76.7666221,
        "lat": 16.3083075,
        "image": "images/0393.jpg"
      }
    },
    {
      "type": "Feature",
      "geometry": {
        "type": "Polygon",
        "coordinates": [
          [
            [
              76.7664375055568,
              16.309194072343598
            ],
            [
              76.76698159606144,
              16.30918952106582
            ],
            [
              76.7669737082951,
              16.308310216337752
            ],
            [
              76.76642962021617,
              16.308314767356883
            ],
            [
              76.7664375055568,
              16.309194072343598
            ]
          ]
        ]
      },
      "properties": {
        "id": 394,
        "area": "NRBC_D10_MISSION_1",
        "canal": "D-10pa",
        "type": "distributary",
        "chainage_m": 1600.0,
        "status": "blocked",
        "blockage_pct": 95,
        "lon": 76.7667056,
        "lat": 16.3087521,
        "image": "images/0394.jpg"
      }
    },
    {
      "type": "Feature",
      "geometry": {
        "type": "Polygon",
        "coordinates": [
          [
            [
              76.76652112879587,
              16.30963857357538
            ],
            [
              76.76706490324877,
              16.309634024616162
            ],
            [
              76.76705701763218,
              16.30875502634263
            ],
            [
              76.76651324560281,
              16.308759575043425
            ],
            [
              76.76652112879587,
              16.30963857357538
            ]
          ]
        ]
      },
      "properties": {
        "id": 395,
        "area": "NRBC_D10_MISSION_1",
        "canal": "D-10pa",
        "type": "distributary",
        "chainage_m": 1650.0,
        "status": "blocked",
        "blockage_pct": 81,
        "lon": 76.7667891,
        "lat": 16.3091968,
        "image": "images/0395.jpg"
      }
    }
  ]
}