{
  "type": "FeatureCollection",
  "features": [
    {
      "type": "Feature",
      "geometry": {
        "type": "Polygon",
        "coordinates": [
          [
            [
              76.75938280892117,
              16.29738176548894
            ],
            [
              76.75988325091528,
              16.297377598789613
            ],
            [
              76.7598787504744,
              16.296873498839062
            ],
            [
              76.75937830975845,
              16.296877665402555
            ],
            [
              76.75938280892117,
              16.29738176548894
            ]
          ]
        ]
      },
      "properties": {
        "id": 1,
        "area": "NRBC_D10_Survey_1",
        "canal": "Main-Canal",
        "type": "main",
        "chainage_m": 0.0,
        "status": "clear",
        "blockage_pct": 1,
        "struct_damage": "No",
        "lon": 76.7596308,
        "lat": 16.2971276,
        "image": "images/0001.jpg"
      }
    },
    {
      "type": "Feature",
      "geometry": {
        "type": "Polygon",
        "coordinates": [
          [
            [
              76.75960107247309,
              16.297146338809576
            ],
            [
              76.76014487682099,
              16.297141810513992
            ],
            [
              76.76014079956357,
              16.296685173567987
            ],
            [
              76.75959699647377,
              16.29668970172984
            ],
            [
              76.75960107247309,
              16.297146338809576
            ]
          ]
        ]
      },
      "properties": {
        "id": 2,
        "area": "NRBC_D10_Survey_1",
        "canal": "Main-Canal",
        "type": "main",
        "chainage_m": 35.0,
        "status": "clear",
        "blockage_pct": 0,
        "struct_damage": "No",
        "lon": 76.7598709,
        "lat": 16.2969158,
        "image": "images/0002.jpg"
      }
    },
    {
      "type": "Feature",
      "geometry": {
        "type": "Polygon",
        "coordinates": [
          [
            [
              76.75986312219935,
              16.296958013826078
            ],
            [
              76.76041270767932,
              16.296953436748222
            ],
            [
              76.76040868802606,
              16.296503314381038
            ],
            [
              76.75985910379943,
              16.29650789132565
            ],
            [
              76.75986312219935,
              16.296958013826078
            ]
          ]
        ]
      },
      "properties": {
        "id": 3,
        "area": "NRBC_D10_Survey_1",
        "canal": "Main-Canal",
        "type": "main",
        "chainage_m": 70.0,
        "status": "clear",
        "blockage_pct": 0,
        "struct_damage": "No",
        "lon": 76.7601359,
        "lat": 16.2967307,
        "image": "images/0003.jpg"
      }
    },
    {
      "type": "Feature",
      "geometry": {
        "type": "Polygon",
        "coordinates": [
          [
            [
              76.76013263949278,
              16.296778623281632
            ],
            [
              76.76068543646072,
              16.296774018793194
            ],
            [
              76.76068145779091,
              16.296328549713277
            ],
            [
              76.76012866207057,
              16.296333154069057
            ],
            [
              76.76013263949278,
              16.296778623281632
            ]
          ]
        ]
      },
      "properties": {
        "id": 4,
        "area": "NRBC_D10_Survey_1",
        "canal": "Main-Canal",
        "type": "main",
        "chainage_m": 105.0,
        "status": "clear",
        "blockage_pct": 1,
        "struct_damage": "No",
        "lon": 76.760407,
        "lat": 16.2965536,
        "image": "images/0004.jpg"
      }
    },
    {
      "type": "Feature",
      "geometry": {
        "type": "Polygon",
        "coordinates": [
          [
            [
              76.7604037817008,
              16.29660139056828
            ],
            [
              76.76095914774262,
              16.29659676400929
            ],
            [
              76.76095519898138,
              16.296154707354944
            ],
            [
              76.76039983418332,
              16.29615933378166
            ],
            [
              76.7604037817008,
              16.29660139056828
            ]
          ]
        ]
      },
      "properties": {
        "id": 5,
        "area": "NRBC_D10_Survey_1",
        "canal": "Main-Canal",
        "type": "main",
        "chainage_m": 140.0,
        "status": "clear",
        "blockage_pct": 3,
        "struct_damage": "No",
        "lon": 76.7606795,
        "lat": 16.296378,
        "image": "images/0005.jpg"
      }
    },
    {
      "type": "Feature",
      "geometry": {
        "type": "Polygon",
        "coordinates": [
          [
            [
              76.76067687280353,
              16.296426623218842
            ],
            [
              76.76123127465296,
              16.296422004020673
            ],
            [
              76.76122731701213,
              16.29597901677847
            ],
            [
              76.76067291640692,
              16.295983635844294
            ],
            [
              76.76067687280353,
              16.296426623218842
            ]
          ]
        ]
      },
      "properties": {
        "id": 6,
        "area": "NRBC_D10_Survey_1",
        "canal": "Main-Canal",
        "type": "main",
        "chainage_m": 175.0,
        "status": "clear",
        "blockage_pct": 2,
        "struct_damage": "No",
        "lon": 76.7609521,
        "lat": 16.2962028,
        "image": "images/0006.jpg"
      }
    },
    {
      "type": "Feature",
      "geometry": {
        "type": "Polygon",
        "coordinates": [
          [
            [
              76.76094964219507,
              16.29625185823727
            ],
            [
              76.76150757673521,
              16.29624720892434
            ],
            [
              76.76150366009578,
              16.29580887496771
            ],
            [
              76.76094572679463,
              16.295813524148834
            ],
            [
              76.76094964219507,
              16.29625185823727
            ]
          ]
        ]
      },
      "properties": {
        "id": 7,
        "area": "NRBC_D10_Survey_1",
        "canal": "Main-Canal",
        "type": "main",
        "chainage_m": 210.0,
        "status": "clear",
        "blockage_pct": 3,
        "struct_damage": "No",
        "lon": 76.7612267,
        "lat": 16.2960304,
        "image": "images/0007.jpg"
      }
    },
    {
      "type": "Feature",
      "geometry": {
        "type": "Polygon",
        "coordinates": [
          [
            [
              76.7612217575852,
              16.296075857440687
            ],
            [
              76.7617710189982,
              16.296071279749203
            ],
            [
              76.76176699092984,
              16.29562053724435
            ],
            [
              76.76121773077108,
              16.295625114802377
            ],
            [
              76.7612217575852,
              16.296075857440687
            ]
          ]
        ]
      },
      "properties": {
        "id": 8,
        "area": "NRBC_D10_Survey_1",
        "canal": "Main-Canal",
        "type": "main",
        "chainage_m": 245.0,
        "status": "clear",
        "blockage_pct": 4,
        "struct_damage": "No",
        "lon": 76.7614944,
        "lat": 16.2958482,
        "image": "images/0008.jpg"
      }
    },
    {
      "type": "Feature",
      "geometry": {
        "type": "Polygon",
        "coordinates": [
          [
            [
              76.76148931738771,
              16.29589337929858
            ],
            [
              76.76203440254669,
              16.295888835773237
            ],
            [
              76.76203032679007,
              16.295432819668974
            ],
            [
              76.76148524289034,
              16.295437363060312
            ],
            [
              76.76148931738771,
              16.29589337929858
            ]
          ]
        ]
      },
      "properties": {
        "id": 9,
        "area": "NRBC_D10_Survey_1",
        "canal": "Main-Canal",
        "type": "main",
        "chainage_m": 280.0,
        "status": "clear",
        "blockage_pct": 3,
        "struct_damage": "No",
        "lon": 76.7617598,
        "lat": 16.2956631,
        "image": "images/0009.jpg"
      }
    },
    {
      "type": "Feature",
      "geometry": {
        "type": "Polygon",
        "coordinates": [
          [
            [
              76.76175265388618,
              16.29570566201227
            ],
            [
              76.76230030808686,
              16.29570109643347
            ],
            [
              76.76229626226755,
              16.295248492751664
            ],
            [
              76.76174860932258,
              16.295253058196817
            ],
            [
              76.76175265388618,
              16.29570566201227
            ]
          ]
        ]
      },
      "properties": {
        "id": 10,
        "area": "NRBC_D10_Survey_1",
        "canal": "Main-Canal",
        "type": "main",
        "chainage_m": 315.0,
        "status": "clear",
        "blockage_pct": 2,
        "struct_damage": "No",
        "lon": 76.7620245,
        "lat": 16.2954771,
        "image": "images/0010.jpg"
      }
    },
    {
      "type": "Feature",
      "geometry": {
        "type": "Polygon",
        "coordinates": [
          [
            [
              76.7620185900016,
              16.29552133538747
            ],
            [
              76.76256656481615,
              16.29551676649143
            ],
            [
              76.7625625184341,
              16.295064162866836
            ],
            [
              76.76201454487594,
              16.295068731629122
            ],
            [
              76.7620185900016,
              16.29552133538747
            ]
          ]
        ]
      },
      "properties": {
        "id": 11,
        "area": "NRBC_D10_Survey_1",
        "canal": "Main-Canal",
        "type": "main",
        "chainage_m": 350.0,
        "status": "clear",
        "blockage_pct": 5,
        "struct_damage": "No",
        "lon": 76.7622906,
        "lat": 16.2952927,
        "image": "images/0011.jpg"
      }
    },
    {
      "type": "Feature",
      "geometry": {
        "type": "Polygon",
        "coordinates": [
          [
            [
              76.76228484680657,
              16.295337005795517
            ],
            [
              76.76283282103013,
              16.295332436259617
            ],
            [
              76.7628287740853,
              16.29487983269224
            ],
            [
              76.76228080111814,
              16.29488440209437
            ],
            [
              76.76228484680657,
              16.295337005795517
            ]
          ]
        ]
      },
      "properties": {
        "id": 12,
        "area": "NRBC_D10_Survey_1",
        "canal": "Main-Canal",
        "type": "main",
        "chainage_m": 385.0,
        "status": "clear",
        "blockage_pct": 4,
        "struct_damage": "No",
        "lon": 76.7625568,
        "lat": 16.2951084,
        "image": "images/0012.jpg"
      }
    },
    {
      "type": "Feature",
      "geometry": {
        "type": "Polygon",
        "coordinates": [
          [
            [
              76.76255078189236,
              16.29515267859224
            ],
            [
              76.76309875552504,
              16.295148108417315
            ],
            [
              76.7630947052441,
              16.294695194692203
            ],
            [
              76.76254673286867,
              16.294699764733245
            ],
            [
              76.76255078189236,
              16.29515267859224
            ]
          ]
        ]
      },
      "properties": {
        "id": 13,
        "area": "NRBC_D10_Survey_1",
        "canal": "Main-Canal",
        "type": "main",
        "chainage_m": 420.0,
        "status": "clear",
        "blockage_pct": 2,
        "struct_damage": "No",
        "lon": 76.7628227,
        "lat": 16.2949239,
        "image": "images/0013.jpg"
      }
    },
    {
      "type": "Feature",
      "geometry": {
        "type": "Polygon",
        "coordinates": [
          [
            [
              76.76281703489329,
              16.29496803820616
            ],
            [
              76.76337496523861,
              16.294963384321353
            ],
            [
              76.76337103367634,
              16.294523809894333
            ],
            [
              76.7628131045734,
              16.294528463646817
            ],
            [
              76.76281703489329,
              16.29496803820616
            ]
          ]
        ]
      },
      "properties": {
        "id": 14,
        "area": "NRBC_D10_Survey_1",
        "canal": "Main-Canal",
        "type": "main",
        "chainage_m": 455.0,
        "status": "clear",
        "blockage_pct": 0,
        "struct_damage": "No",
        "lon": 76.763094,
        "lat": 16.2947459,
        "image": "images/0014.jpg"
      }
    },
    {
      "type": "Feature",
      "geometry": {
        "type": "Polygon",
        "coordinates": [
          [
            [
              76.76308264497186,
              16.29478340288883
            ],
            [
              76.763630617421,
              16.294778831436087
            ],
            [
              76.76362656879043,
              16.294326228040177
            ],
            [
              76.76307859759764,
              16.294330799359088
            ],
            [
              76.76308264497186,
              16.29478340288883
            ]
          ]
        ]
      },
      "properties": {
        "id": 15,
        "area": "NRBC_D10_Survey_1",
        "canal": "Main-Canal",
        "type": "main",
        "chainage_m": 490.0,
        "status": "clear",
        "blockage_pct": 1,
        "struct_damage": "No",
        "lon": 76.7633546,
        "lat": 16.2945548,
        "image": "images/0015.jpg"
      }
    },
    {
      "type": "Feature",
      "geometry": {
        "type": "Polygon",
        "coordinates": [
          [
            [
              76.76334857296402,
              16.29459845438888
            ],
            [
              76.76388562392943,
              16.29459397343144
            ],
            [
              76.76388145265078,
              16.294127720640063
            ],
            [
              76.76334440295379,
              16.294132201462357
            ],
            [
              76.76334857296402,
              16.29459845438888
            ]
          ]
        ]
      },
      "properties": {
        "id": 16,
        "area": "NRBC_D10_Survey_1",
        "canal": "Main-Canal",
        "type": "main",
        "chainage_m": 525.0,
        "status": "clear",
        "blockage_pct": 2,
        "struct_damage": "No",
        "lon": 76.763615,
        "lat": 16.2943631,
        "image": "images/0016.jpg"
      }
    },
    {
      "type": "Feature",
      "geometry": {
        "type": "Polygon",
        "coordinates": [
          [
            [
              76.76360378421512,
              16.294400565016648
            ],
            [
              76.76409554504076,
              16.294396461446453
            ],
            [
              76.76409100139588,
              16.293888639923715
            ],
            [
              76.76359924183524,
              16.29389274335912
            ],
            [
              76.76360378421512,
              16.294400565016648
            ]
          ]
        ]
      },
      "properties": {
        "id": 17,
        "area": "NRBC_D10_Survey_1",
        "canal": "Main-Canal",
        "type": "main",
        "chainage_m": 560.0,
        "status": "clear",
        "blockage_pct": 3,
        "struct_damage": "No",
        "lon": 76.7638474,
        "lat": 16.2941446,
        "image": "images/0017.jpg"
      }
    },
    {
      "type": "Feature",
      "geometry": {
        "type": "Polygon",
        "coordinates": [
          [
            [
              76.76381333358141,
              16.294161484520036
            ],
            [
              76.76420937558744,
              16.294158179429427
            ],
            [
              76.76420432932261,
              16.293594209059933
            ],
            [
              76.76380828844796,
              16.29359751402997
            ],
            [
              76.76381333358141,
              16.294161484520036
            ]
          ]
        ]
      },
      "properties": {
        "id": 18,
        "area": "NRBC_D10_Survey_1",
        "canal": "Main-Canal",
        "type": "main",
        "chainage_m": 595.0,
        "status": "clear",
        "blockage_pct": 2,
        "struct_damage": "No",
        "lon": 76.7640088,
        "lat": 16.2938778,
        "image": "images/0018.jpg"
      }
    },
    {
      "type": "Feature",
      "geometry": {
        "type": "Polygon",
        "coordinates": [
          [
            [
              76.7639266620527,
              16.29386705375629
            ],
            [
              76.76425236033188,
              16.293864335628506
            ],
            [
              76.7642471474993,
              16.29328175237238
            ],
            [
              76.76392145018124,
              16.29328447039773
            ],
            [
              76.7639266620527,
              16.29386705375629
            ]
          ]
        ]
      },
      "properties": {
        "id": 19,
        "area": "NRBC_D10_Survey_1",
        "canal": "Main-Canal",
        "type": "main",
        "chainage_m": 630.0,
        "status": "clear",
        "blockage_pct": 2,
        "struct_damage": "No",
        "lon": 76.7640869,
        "lat": 16.2935744,
        "image": "images/0019.jpg"
      }
    },
    {
      "type": "Feature",
      "geometry": {
        "type": "Polygon",
        "coordinates": [
          [
            [
              76.76396948068931,
              16.293554597083624
            ],
            [
              76.7642579191388,
              16.2935521899172
            ],
            [
              76.76425267308763,
              16.292965884068735
            ],
            [
              76.76396423549475,
              16.29296829114387
            ],
            [
              76.76396948068931,
              16.293554597083624
            ]
          ]
        ]
      },
      "properties": {
        "id": 20,
        "area": "NRBC_D10_Survey_1",
        "canal": "Main-Canal",
        "type": "main",
        "chainage_m": 665.0,
        "status": "clear",
        "blockage_pct": 1,
        "struct_damage": "No",
        "lon": 76.7641111,
        "lat": 16.2932602,
        "image": "images/0020.jpg"
      }
    },
    {
      "type": "Feature",
      "geometry": {
        "type": "Polygon",
        "coordinates": [
          [
            [
              76.76397404308372,
              16.293238736791515
            ],
            [
              76.76425991146732,
              16.29323635111027
            ],
            [
              76.764254662742,
              16.292649735030203
            ],
            [
              76.76396879520777,
              16.292652120620918
            ],
            [
              76.76397404308372,
              16.293238736791515
            ]
          ]
        ]
      },
      "properties": {
        "id": 21,
        "area": "NRBC_D10_Survey_1",
        "canal": "Main-Canal",
        "type": "main",
        "chainage_m": 700.0,
        "status": "clear",
        "blockage_pct": 1,
        "struct_damage": "No",
        "lon": 76.7641144,
        "lat": 16.2929442,
        "image": "images/0021.jpg"
      }
    },
    {
      "type": "Feature",
      "geometry": {
        "type": "Polygon",
        "coordinates": [
          [
            [
              76.76397699674186,
              16.292922579678372
            ],
            [
              76.76426511306602,
              16.2929201752731
            ],
            [
              76.7642598616572,
              16.292333248962418
            ],
            [
              76.76397174618954,
              16.292335653276396
            ],
            [
              76.76397699674186,
              16.292922579678372
            ]
          ]
        ]
      },
      "properties": {
        "id": 22,
        "area": "NRBC_D10_Survey_1",
        "canal": "Main-Canal",
        "type": "main",
        "chainage_m": 735.0,
        "status": "clear",
        "blockage_pct": 0,
        "struct_damage": "No",
        "lon": 76.7641184,
        "lat": 16.2926279,
        "image": "images/0022.jpg"
      }
    },
    {
      "type": "Feature",
      "geometry": {
        "type": "Polygon",
        "coordinates": [
          [
            [
              76.76398219606476,
              16.292606093580687
            ],
            [
              76.76426774233083,
              16.292603710659073
            ],
            [
              76.76426249379733,
              16.292017094546466
            ],
            [
              76.76397694837966,
              16.29201947737766
            ],
            [
              76.76398219606476,
              16.292606093580687
            ]
          ]
        ]
      },
      "properties": {
        "id": 23,
        "area": "NRBC_D10_Survey_1",
        "canal": "Main-Canal",
        "type": "main",
        "chainage_m": 770.0,
        "status": "clear",
        "blockage_pct": 1,
        "struct_damage": "No",
        "lon": 76.7641223,
        "lat": 16.2923116,
        "image": "images/0023.jpg"
      }
    },
    {
      "type": "Feature",
      "geometry": {
        "type": "Polygon",
        "coordinates": [
          [
            [
              76.76398482860826,
              16.292289939131848
            ],
            [
              76.76426491403565,
              16.292287601822096
            ],
            [
              76.76425966561804,
              16.29170098569109
            ],
            [
              76.76397958102281,
              16.29170332291215
            ],
            [
              76.76398482860826,
              16.292289939131848
            ]
          ]
        ]
      },
      "properties": {
        "id": 24,
        "area": "NRBC_D10_Survey_1",
        "canal": "Main-Canal",
        "type": "main",
        "chainage_m": 805.0,
        "status": "clear",
        "blockage_pct": 0,
        "struct_damage": "No",
        "lon": 76.7641222,
        "lat": 16.2919955,
        "image": "images/0024.jpg"
      }
    },
    {
      "type": "Feature",
      "geometry": {
        "type": "Polygon",
        "coordinates": [
          [
            [
              76.76398200082397,
              16.291973830237165
            ],
            [
              76.76426883096815,
              16.291971436683358
            ],
            [
              76.76426357987103,
              16.29138451032131
            ],
            [
              76.76397675057947,
              16.29138690378423
            ],
            [
              76.76398200082397,
              16.291973830237165
            ]
          ]
        ]
      },
      "properties": {
        "id": 25,
        "area": "NRBC_D10_Survey_1",
        "canal": "Main-Canal",
        "type": "main",
        "chainage_m": 840.0,
        "status": "clear",
        "blockage_pct": 5,
        "struct_damage": "No",
        "lon": 76.7641228,
        "lat": 16.2916792,
        "image": "images/0025.jpg"
      }
    },
    {
      "type": "Feature",
      "geometry": {
        "type": "Polygon",
        "coordinates": [
          [
            [
              76.76398398829537,
              16.291657370916496
            ],
            [
              76.76426696360515,
              16.291655009571382
            ],
            [
              76.76426171539654,
              16.291068393406007
            ],
            [
              76.76397874092747,
              16.29107075466151
            ],
            [
              76.76398398829537,
              16.291657370916496
            ]
          ]
        ]
      },
      "properties": {
        "id": 26,
        "area": "NRBC_D10_Survey_1",
        "canal": "Main-Canal",
        "type": "main",
        "chainage_m": 875.0,
        "status": "clear",
        "blockage_pct": 3,
        "struct_damage": "No",
        "lon": 76.7641229,
        "lat": 16.2913629,
        "image": "images/0026.jpg"
      }
    },
    {
      "type": "Feature",
      "geometry": {
        "type": "Polygon",
        "coordinates": [
          [
            [
              76.7639840514046,
              16.29134123788249
            ],
            [
              76.764265099077,
              16.291338892664587
            ],
            [
              76.76425985098142,
              16.29075227648112
            ],
            [
              76.76397880414399,
              16.29075462161002
            ],
            [
              76.7639840514046,
              16.29134123788249
            ]
          ]
        ]
      },
      "properties": {
        "id": 27,
        "area": "NRBC_D10_Survey_1",
        "canal": "Main-Canal",
        "type": "main",
        "chainage_m": 910.0,
        "status": "clear",
        "blockage_pct": 2,
        "struct_damage": "No",
        "lon": 76.764122,
        "lat": 16.2910468,
        "image": "images/0027.jpg"
      }
    },
    {
      "type": "Feature",
      "geometry": {
        "type": "Polygon",
        "coordinates": [
          [
            [
              76.76398218738592,
              16.29102512091942
            ],
            [
              76.76427319170895,
              16.29102269265529
            ],
            [
              76.76426794092161,
              16.290435766242066
            ],
            [
              76.76397693746357,
              16.290438194413998
            ],
            [
              76.76398218738592,
              16.29102512091942
            ]
          ]
        ]
      },
      "properties": {
        "id": 28,
        "area": "NRBC_D10_Survey_1",
        "canal": "Main-Canal",
        "type": "main",
        "chainage_m": 945.0,
        "status": "clear",
        "blockage_pct": 2,
        "struct_damage": "No",
        "lon": 76.7641251,
        "lat": 16.2907304,
        "image": "images/0028.jpg"
      }
    },
    {
      "type": "Feature",
      "geometry": {
        "type": "Polygon",
        "coordinates": [
          [
            [
              76.76398545979316,
              16.290708650852977
            ],
            [
              76.76426907613434,
              16.29070628427874
            ],
            [
              76.76426382824204,
              16.290119668061507
            ],
            [
              76.76398021274342,
              16.290122034545938
            ],
            [
              76.76398545979316,
              16.290708650852977
            ]
          ]
        ]
      },
      "properties": {
        "id": 29,
        "area": "NRBC_D10_Survey_1",
        "canal": "Main-Canal",
        "type": "main",
        "chainage_m": 980.0,
        "status": "clear",
        "blockage_pct": 2,
        "struct_damage": "No",
        "lon": 76.7641246,
        "lat": 16.2904142,
        "image": "images/0029.jpg"
      }
    },
    {
      "type": "Feature",
      "geometry": {
        "type": "Polygon",
        "coordinates": [
          [
            [
              76.76398231110173,
              16.290392544591114
            ],
            [
              76.76426496340162,
              16.290390186106634
            ],
            [
              76.76425971285394,
              16.28980325965577
            ],
            [
              76.76397706139419,
              16.28980561805069
            ],
            [
              76.76398231110173,
              16.290392544591114
            ]
          ]
        ]
      },
      "properties": {
        "id": 30,
        "area": "NRBC_D10_Survey_1",
        "canal": "Main-Canal",
        "type": "main",
        "chainage_m": 1015.0,
        "status": "clear",
        "blockage_pct": 2,
        "struct_damage": "No",
        "lon": 76.764121,
        "lat": 16.2900979,
        "image": "images/0030.jpg"
      }
    },
    {
      "type": "Feature",
      "geometry": {
        "type": "Polygon",
        "coordinates": [
          [
            [
              76.76397948089438,
              16.29007612542452
            ],
            [
              76.76426149035083,
              16.290073772348826
            ],
            [
              76.76425624269615,
              16.289487156094182
            ],
            [
              76.76397423407745,
              16.289489509080564
            ],
            [
              76.76397948089438,
              16.29007612542452
            ]
          ]
        ]
      },
      "properties": {
        "id": 31,
        "area": "NRBC_D10_Survey_1",
        "canal": "Main-Canal",
        "type": "main",
        "chainage_m": 1050.0,
        "status": "clear",
        "blockage_pct": 3,
        "struct_damage": "No",
        "lon": 76.7641179,
        "lat": 16.2897816,
        "image": "images/0031.jpg"
      }
    },
    {
      "type": "Feature",
      "geometry": {
        "type": "Polygon",
        "coordinates": [
          [
            [
              76.76397858069298,
              16.289760000384234
            ],
            [
              76.76429881187129,
              16.289757328406527
            ],
            [
              76.76429358918834,
              16.289173504079834
            ],
            [
              76.76397335895679,
              16.28917617595661
            ],
            [
              76.76397858069298,
              16.289760000384234
            ]
          ]
        ]
      },
      "properties": {
        "id": 32,
        "area": "NRBC_D10_Survey_1",
        "canal": "Main-Canal",
        "type": "main",
        "chainage_m": 1085.0,
        "status": "clear",
        "blockage_pct": 4,
        "struct_damage": "No",
        "lon": 76.7641361,
        "lat": 16.2894668,
        "image": "images/0032.jpg"
      }
    },
    {
      "type": "Feature",
      "geometry": {
        "type": "Polygon",
        "coordinates": [
          [
            [
              76.76401592763814,
              16.289446348378174
            ],
            [
              76.76442191715425,
              16.28944296074516
            ],
            [
              76.76441689402442,
              16.2888814719082
            ],
            [
              76.76401090566266,
              16.28888485941815
            ],
            [
              76.76401592763814,
              16.289446348378174
            ]
          ]
        ]
      },
      "properties": {
        "id": 33,
        "area": "NRBC_D10_Survey_1",
        "canal": "Main-Canal",
        "type": "main",
        "chainage_m": 1120.0,
        "status": "clear",
        "blockage_pct": 3,
        "struct_damage": "No",
        "lon": 76.7642164,
        "lat": 16.2891639,
        "image": "images/0033.jpg"
      }
    },
    {
      "type": "Feature",
      "geometry": {
        "type": "Polygon",
        "coordinates": [
          [
            [
              76.76413923303076,
              16.289154316318555
            ],
            [
              76.76463322899107,
              16.28915019402213
            ],
            [
              76.76462867995544,
              16.288641751965994
            ],
            [
              76.76413468526697,
              16.288645874126804
            ],
            [
              76.76413923303076,
              16.289154316318555
            ]
          ]
        ]
      },
      "properties": {
        "id": 34,
        "area": "NRBC_D10_Survey_1",
        "canal": "Main-Canal",
        "type": "main",
        "chainage_m": 1155.0,
        "status": "clear",
        "blockage_pct": 0,
        "struct_damage": "No",
        "lon": 76.764384,
        "lat": 16.288898,
        "image": "images/0034.jpg"
      }
    },
    {
      "type": "Feature",
      "geometry": {
        "type": "Polygon",
        "coordinates": [
          [
            [
              76.76435101958694,
              16.288914596598527
            ],
            [
              76.76486685603192,
              16.288910291560327
            ],
            [
              76.76486247301119,
              16.2884204624434
            ],
            [
              76.76434663784566,
              16.28842476734516
            ],
            [
              76.76435101958694,
              16.288914596598527
            ]
          ]
        ]
      },
      "properties": {
        "id": 35,
        "area": "NRBC_D10_Survey_1",
        "canal": "Main-Canal",
        "type": "main",
        "chainage_m": 1190.0,
        "status": "clear",
        "blockage_pct": 1,
        "struct_damage": "No",
        "lon": 76.7646067,
        "lat": 16.2886675,
        "image": "images/0035.jpg"
      }
    },
    {
      "type": "Feature",
      "geometry": {
        "type": "Polygon",
        "coordinates": [
          [
            [
              76.7645848132781,
              16.28869330732613
            ],
            [
              76.76509550999363,
              16.28868904467541
            ],
            [
              76.7650910737223,
              16.288193321528734
            ],
            [
              76.76458037828871,
              16.28819758404272
            ],
            [
              76.7645848132781,
              16.28869330732613
            ]
          ]
        ]
      },
      "properties": {
        "id": 36,
        "area": "NRBC_D10_Survey_1",
        "canal": "Main-Canal",
        "type": "main",
        "chainage_m": 1225.0,
        "status": "clear",
        "blockage_pct": 1,
        "struct_damage": "No",
        "lon": 76.7648379,
        "lat": 16.2884433,
        "image": "images/0036.jpg"
      }
    },
    {
      "type": "Feature",
      "geometry": {
        "type": "Polygon",
        "coordinates": [
          [
            [
              76.76482184335025,
              16.2884747829668
            ],
            [
              76.76533992686116,
              16.28847045812181
            ],
            [
              76.76533556500239,
              16.287983110827565
            ],
            [
              76.76481748276996,
              16.287987435536177
            ],
            [
              76.76482184335025,
              16.2884747829668
            ]
          ]
        ]
      },
      "properties": {
        "id": 37,
        "area": "NRBC_D10_Survey_1",
        "canal": "Main-Canal",
        "type": "main",
        "chainage_m": 1260.0,
        "status": "clear",
        "blockage_pct": 2,
        "struct_damage": "No",
        "lon": 76.7650787,
        "lat": 16.2882289,
        "image": "images/0037.jpg"
      }
    },
    {
      "type": "Feature",
      "geometry": {
        "type": "Polygon",
        "coordinates": [
          [
            [
              76.76505855447827,
              16.288256571284872
            ],
            [
              76.76558466715133,
              16.28825217886719
            ],
            [
              76.76558037416936,
              16.28777258699426
            ],
            [
              76.7650542627739,
              16.287776979275634
            ],
            [
              76.76505855447827,
              16.288256571284872
            ]
          ]
        ]
      },
      "properties": {
        "id": 38,
        "area": "NRBC_D10_Survey_1",
        "canal": "Main-Canal",
        "type": "main",
        "chainage_m": 1295.0,
        "status": "clear",
        "blockage_pct": 2,
        "struct_damage": "No",
        "lon": 76.7653195,
        "lat": 16.2880146,
        "image": "images/0038.jpg"
      }
    },
    {
      "type": "Feature",
      "geometry": {
        "type": "Polygon",
        "coordinates": [
          [
            [
              76.76530271634736,
              16.288045432648783
            ],
            [
              76.76583974890475,
              16.288040948480276
            ],
            [
              76.76583558588756,
              16.287575936751878
            ],
            [
              76.76529855459464,
              16.287580420785464
            ],
            [
              76.76530271634736,
              16.288045432648783
            ]
          ]
        ]
      },
      "properties": {
        "id": 39,
        "area": "NRBC_D10_Survey_1",
        "canal": "Main-Canal",
        "type": "main",
        "chainage_m": 1330.0,
        "status": "clear",
        "blockage_pct": 2,
        "struct_damage": "No",
        "lon": 76.7655692,
        "lat": 16.2878107,
        "image": "images/0039.jpg"
      }
    },
    {
      "type": "Feature",
      "geometry": {
        "type": "Polygon",
        "coordinates": [
          [
            [
              76.76555792870242,
              16.287848782684577
            ],
            [
              76.76614185458047,
              16.287843906243854
            ],
            [
              76.76613842419046,
              16.287460791234498
            ],
            [
              76.76555449944514,
              16.287465667554333
            ],
            [
              76.76555792870242,
              16.287848782684577
            ]
          ]
        ]
      },
      "properties": {
        "id": 40,
        "area": "NRBC_D10_Survey_1",
        "canal": "Main-Canal",
        "type": "main",
        "chainage_m": 1365.0,
        "status": "clear",
        "blockage_pct": 1,
        "struct_damage": "No",
        "lon": 76.7658482,
        "lat": 16.2876548,
        "image": "images/0040.jpg"
      }
    },
    {
      "type": "Feature",
      "geometry": {
        "type": "Polygon",
        "coordinates": [
          [
            [
              76.7658607676118,
              16.28773363751074
            ],
            [
              76.76646621285406,
              16.28772858049232
            ],
            [
              76.76646345416083,
              16.287420537463802
            ],
            [
              76.76585800986288,
              16.287425594381432
            ],
            [
              76.7658607676118,
              16.28773363751074
            ]
          ]
        ]
      },
      "properties": {
        "id": 41,
        "area": "NRBC_D10_Survey_1",
        "canal": "Main-Canal",
        "type": "main",
        "chainage_m": 1400.0,
        "status": "clear",
        "blockage_pct": 2,
        "struct_damage": "No",
        "lon": 76.7661621,
        "lat": 16.2875771,
        "image": "images/0041.jpg"
      }
    },
    {
      "type": "Feature",
      "geometry": {
        "type": "Polygon",
        "coordinates": [
          [
            [
              76.76618511407995,
              16.28768873626523
            ],
            [
              76.76678991669627,
              16.28768368369937
            ],
            [
              76.7667871324982,
              16.2873728487932
            ],
            [
              76.76618233083374,
              16.28737790125744
            ],
            [
              76.76618511407995,
              16.28768873626523
            ]
          ]
        ]
      },
      "properties": {
        "id": 42,
        "area": "NRBC_D10_Survey_1",
        "canal": "Main-Canal",
        "type": "main",
        "chainage_m": 1435.0,
        "status": "clear",
        "blockage_pct": 3,
        "struct_damage": "No",
        "lon": 76.7664861,
        "lat": 16.2875308,
        "image": "images/0042.jpg"
      }
    },
    {
      "type": "Feature",
      "geometry": {
        "type": "Polygon",
        "coordinates": [
          [
            [
              76.76650914193624,
              16.287644147434072
            ],
            [
              76.76711362311902,
              16.28763909663934
            ],
            [
              76.76711081340702,
              16.287325469856487
            ],
            [
              76.76650633318417,
              16.28733052054872
            ],
            [
              76.76650914193624,
              16.287644147434072
            ]
          ]
        ]
      },
      "properties": {
        "id": 43,
        "area": "NRBC_D10_Survey_1",
        "canal": "Main-Canal",
        "type": "main",
        "chainage_m": 1470.0,
        "status": "clear",
        "blockage_pct": 4,
        "struct_damage": "No",
        "lon": 76.76681,
        "lat": 16.2874848,
        "image": "images/0043.jpg"
      }
    },
    {
      "type": "Feature",
      "geometry": {
        "type": "Polygon",
        "coordinates": [
          [
            [
              76.76683315847976,
              16.287598317262468
            ],
            [
              76.76743731822538,
              16.287593268240236
            ],
            [
              76.76743448299071,
              16.28727684958163
            ],
            [
              76.76683032421303,
              16.287281898500478
            ],
            [
              76.76683315847976,
              16.287598317262468
            ]
          ]
        ]
      },
      "properties": {
        "id": 44,
        "area": "NRBC_D10_Survey_1",
        "canal": "Main-Canal",
        "type": "main",
        "chainage_m": 1505.0,
        "status": "clear",
        "blockage_pct": 4,
        "struct_damage": "No",
        "lon": 76.7671338,
        "lat": 16.2874376,
        "image": "images/0044.jpg"
      }
    },
    {
      "type": "Feature",
      "geometry": {
        "type": "Polygon",
        "coordinates": [
          [
            [
              76.76715683973455,
              16.28755093822088
            ],
            [
              76.76776132041972,
              16.287545885603237
            ],
            [
              76.76775849579465,
              16.287230707856036
            ],
            [
              76.76715401607412,
              16.28723576037064
            ],
            [
              76.76715683973455,
              16.28755093822088
            ]
          ]
        ]
      },
      "properties": {
        "id": 45,
        "area": "NRBC_D10_Survey_1",
        "canal": "Main-Canal",
        "type": "main",
        "chainage_m": 1540.0,
        "status": "clear",
        "blockage_pct": 3,
        "struct_damage": "No",
        "lon": 76.7674577,
        "lat": 16.2873908,
        "image": "images/0045.jpg"
      }
    },
    {
      "type": "Feature",
      "geometry": {
        "type": "Polygon",
        "coordinates": [
          [
            [
              76.7674808419732,
              16.287503556013917
            ],
            [
              76.76808468002632,
              16.287498507855922
            ],
            [
              76.76808183264848,
              16.28718084844837
            ],
            [
              76.76747799556657,
              16.2871858965026
            ],
            [
              76.7674808419732,
              16.287503556013917
            ]
          ]
        ]
      },
      "properties": {
        "id": 46,
        "area": "NRBC_D10_Survey_1",
        "canal": "Main-Canal",
        "type": "main",
        "chainage_m": 1575.0,
        "status": "clear",
        "blockage_pct": 1,
        "struct_damage": "No",
        "lon": 76.7677813,
        "lat": 16.2873422,
        "image": "images/0046.jpg"
      }
    },
    {
      "type": "Feature",
      "geometry": {
        "type": "Polygon",
        "coordinates": [
          [
            [
              76.7678045339354,
              16.2874574168678
            ],
            [
              76.76840901412194,
              16.287452362427366
            ],
            [
              76.76840620238495,
              16.287138735859084
            ],
            [
              76.7678017231583,
              16.287143790196943
            ],
            [
              76.7678045339354,
              16.2874574168678
            ]
          ]
        ]
      },
      "properties": {
        "id": 47,
        "area": "NRBC_D10_Survey_1",
        "canal": "Main-Canal",
        "type": "main",
        "chainage_m": 1610.0,
        "status": "clear",
        "blockage_pct": 3,
        "struct_damage": "No",
        "lon": 76.7681054,
        "lat": 16.2872981,
        "image": "images/0047.jpg"
      }
    },
    {
      "type": "Feature",
      "geometry": {
        "type": "Polygon",
        "coordinates": [
          [
            [
              76.76812854966587,
              16.28741158476917
            ],
            [
              76.76873367198614,
              16.28740652404335
            ],
            [
              76.76873089590248,
              16.287096930313023
            ],
            [
              76.76812577453076,
              16.28710199093746
            ],
            [
              76.76812854966587,
              16.28741158476917
            ]
          ]
        ]
      },
      "properties": {
        "id": 48,
        "area": "NRBC_D10_Survey_1",
        "canal": "Main-Canal",
        "type": "main",
        "chainage_m": 1645.0,
        "status": "partial",
        "blockage_pct": 7,
        "struct_damage": "No",
        "lon": 76.7684297,
        "lat": 16.2872543,
        "image": "images/0048.jpg"
      }
    },
    {
      "type": "Feature",
      "geometry": {
        "type": "Polygon",
        "coordinates": [
          [
            [
              76.76845324094937,
              16.287369469386462
            ],
            [
              76.76905804184398,
              16.28736441043159
            ],
            [
              76.76905526247681,
              16.287054506540358
            ],
            [
              76.7684504625312,
              16.287059565393786
            ],
            [
              76.76845324094937,
              16.287369469386462
            ]
          ]
        ]
      },
      "properties": {
        "id": 49,
        "area": "NRBC_D10_Survey_1",
        "canal": "Main-Canal",
        "type": "main",
        "chainage_m": 1680.0,
        "status": "clear",
        "blockage_pct": 4,
        "struct_damage": "No",
        "lon": 76.7687543,
        "lat": 16.287212,
        "image": "images/0049.jpg"
      }
    },
    {
      "type": "Feature",
      "geometry": {
        "type": "Polygon",
        "coordinates": [
          [
            [
              76.76877761085241,
              16.28732735620508
            ],
            [
              76.76938273270146,
              16.287322293647858
            ],
            [
              76.76937995283194,
              16.28701238980995
            ],
            [
              76.76877483193238,
              16.28701745226565
            ],
            [
              76.76877761085241,
              16.28732735620508
            ]
          ]
        ]
      },
      "properties": {
        "id": 50,
        "area": "NRBC_D10_Survey_1",
        "canal": "Main-Canal",
        "type": "main",
        "chainage_m": 1715.0,
        "status": "clear",
        "blockage_pct": 2,
        "struct_damage": "No",
        "lon": 76.7690788,
        "lat": 16.2871699,
        "image": "images/0050.jpg"
      }
    },
    {
      "type": "Feature",
      "geometry": {
        "type": "Polygon",
        "coordinates": [
          [
            [
              76.76910230175513,
              16.28728523985217
            ],
            [
              76.76970742336849,
              16.287280176378793
            ],
            [
              76.76970465412909,
              16.286971513450236
            ],
            [
              76.76909953346141,
              16.286976576822482
            ],
            [
              76.76910230175513,
              16.28728523985217
            ]
          ]
        ]
      },
      "properties": {
        "id": 51,
        "area": "NRBC_D10_Survey_1",
        "canal": "Main-Canal",
        "type": "main",
        "chainage_m": 1750.0,
        "status": "clear",
        "blockage_pct": 1,
        "struct_damage": "No",
        "lon": 76.7694035,
        "lat": 16.2871284,
        "image": "images/0051.jpg"
      }
    },
    {
      "type": "Feature",
      "geometry": {
        "type": "Polygon",
        "coordinates": [
          [
            [
              76.76942666849489,
              16.287242815487524
            ],
            [
              76.77003146868206,
              16.28723775378758
            ],
            [
              76.77002867389072,
              16.286926298986483
            ],
            [
              76.76942387465729,
              16.28693136058442
            ],
            [
              76.76942666849489,
              16.287242815487524
            ]
          ]
        ]
      },
      "properties": {
        "id": 52,
        "area": "NRBC_D10_Survey_1",
        "canal": "Main-Canal",
        "type": "main",
        "chainage_m": 1785.0,
        "status": "clear",
        "blockage_pct": 0,
        "struct_damage": "No",
        "lon": 76.7697277,
        "lat": 16.2870846,
        "image": "images/0052.jpg"
      }
    },
    {
      "type": "Feature",
      "geometry": {
        "type": "Polygon",
        "coordinates": [
          [
            [
              76.76975102391047,
              16.287199149782666
            ],
            [
              76.7703558238574,
              16.287194087168487
            ],
            [
              76.77035302299373,
              16.28688201199312
            ],
            [
              76.76974822400244,
              16.286887074505067
            ],
            [
              76.76975102391047,
              16.287199149782666
            ]
          ]
        ]
      },
      "properties": {
        "id": 53,
        "area": "NRBC_D10_Survey_1",
        "canal": "Main-Canal",
        "type": "main",
        "chainage_m": 1820.0,
        "status": "clear",
        "blockage_pct": 1,
        "struct_damage": "No",
        "lon": 76.770052,
        "lat": 16.2870406,
        "image": "images/0053.jpg"
      }
    },
    {
      "type": "Feature",
      "geometry": {
        "type": "Polygon",
        "coordinates": [
          [
            [
              76.77007504680633,
              16.287154245426862
            ],
            [
              76.77067984650931,
              16.28714918189978
            ],
            [
              76.77067703678743,
              16.28683617613643
            ],
            [
              76.77007223804294,
              16.286841239560953
            ],
            [
              76.77007504680633,
              16.287154245426862
            ]
          ]
        ]
      },
      "properties": {
        "id": 54,
        "area": "NRBC_D10_Survey_1",
        "canal": "Main-Canal",
        "type": "main",
        "chainage_m": 1855.0,
        "status": "clear",
        "blockage_pct": 3,
        "struct_damage": "No",
        "lon": 76.770376,
        "lat": 16.2869952,
        "image": "images/0054.jpg"
      }
    },
    {
      "type": "Feature",
      "geometry": {
        "type": "Polygon",
        "coordinates": [
          [
            [
              76.7703993879083,
              16.28710902768565
            ],
            [
              76.77100322379849,
              16.287103971314913
            ],
            [
              76.77100037736518,
              16.286786932825873
            ],
            [
              76.77039654244427,
              16.28679198909288
            ],
            [
              76.7703993879083,
              16.28710902768565
            ]
          ]
        ]
      },
      "properties": {
        "id": 55,
        "area": "NRBC_D10_Survey_1",
        "canal": "Main-Canal",
        "type": "main",
        "chainage_m": 1890.0,
        "status": "clear",
        "blockage_pct": 2,
        "struct_damage": "No",
        "lon": 76.7706999,
        "lat": 16.286948,
        "image": "images/0055.jpg"
      }
    },
    {
      "type": "Feature",
      "geometry": {
        "type": "Polygon",
        "coordinates": [
          [
            [
              76.77072340205123,
              16.287063191723078
            ],
            [
              76.7713275588841,
              16.2870581317507
            ],
            [
              76.77132473979444,
              16.286744195453476
            ],
            [
              76.77072058392187,
              16.286749255323063
            ],
            [
              76.77072340205123,
              16.287063191723078
            ]
          ]
        ]
      },
      "properties": {
        "id": 56,
        "area": "NRBC_D10_Survey_1",
        "canal": "Main-Canal",
        "type": "main",
        "chainage_m": 1925.0,
        "status": "clear",
        "blockage_pct": 3,
        "struct_damage": "No",
        "lon": 76.7710241,
        "lat": 16.2869037,
        "image": "images/0056.jpg"
      }
    },
    {
      "type": "Feature",
      "geometry": {
        "type": "Polygon",
        "coordinates": [
          [
            [
              76.77104741599211,
              16.287017355278408
            ],
            [
              76.77165221495635,
              16.28701228901245
            ],
            [
              76.77164942043375,
              16.286701144692362
            ],
            [
              76.77104462242228,
              16.286706210856316
            ],
            [
              76.77104741599211,
              16.287017355278408
            ]
          ]
        ]
      },
      "properties": {
        "id": 57,
        "area": "NRBC_D10_Survey_1",
        "canal": "Main-Canal",
        "type": "main",
        "chainage_m": 1960.0,
        "status": "clear",
        "blockage_pct": 3,
        "struct_damage": "No",
        "lon": 76.7713484,
        "lat": 16.2868593,
        "image": "images/0057.jpg"
      }
    },
    {
      "type": "Feature",
      "geometry": {
        "type": "Polygon",
        "coordinates": [
          [
            [
              76.77137177320589,
              16.286973997370882
            ],
            [
              76.77197657193071,
              16.286968930190618
            ],
            [
              76.77197378247776,
              16.286658406351307
            ],
            [
              76.7713689847038,
              16.28666347342975
            ],
            [
              76.77137177320589,
              16.286973997370882
            ]
          ]
        ]
      },
      "properties": {
        "id": 58,
        "area": "NRBC_D10_Survey_1",
        "canal": "Main-Canal",
        "type": "main",
        "chainage_m": 1995.0,
        "status": "clear",
        "blockage_pct": 3,
        "struct_damage": "No",
        "lon": 76.7716728,
        "lat": 16.2868162,
        "image": "images/0058.jpg"
      }
    },
    {
      "type": "Feature",
      "geometry": {
        "type": "Polygon",
        "coordinates": [
          [
            [
              76.77169613579782,
              16.28693125940677
            ],
            [
              76.77230093428514,
              16.286926191312002
            ],
            [
              76.77229814990375,
              16.286616287953308
            ],
            [
              76.77169335236539,
              16.28662135594644
            ],
            [
              76.77169613579782,
              16.28693125940677
            ]
          ]
        ]
      },
      "properties": {
        "id": 59,
        "area": "NRBC_D10_Survey_1",
        "canal": "Main-Canal",
        "type": "main",
        "chainage_m": 2030.0,
        "status": "clear",
        "blockage_pct": 2,
        "struct_damage": "No",
        "lon": 76.7719971,
        "lat": 16.2867738,
        "image": "images/0059.jpg"
      }
    },
    {
      "type": "Feature",
      "geometry": {
        "type": "Polygon",
        "coordinates": [
          [
            [
              76.77202049541073,
              16.286888210744937
            ],
            [
              76.77262529365954,
              16.286883141735775
            ],
            [
              76.77262249483829,
              16.2865716873628
            ],
            [
              76.77201769754316,
              16.2865767562698
            ],
            [
              76.77202049541073,
              16.286888210744937
            ]
          ]
        ]
      },
      "properties": {
        "id": 60,
        "area": "NRBC_D10_Survey_1",
        "canal": "Main-Canal",
        "type": "main",
        "chainage_m": 2065.0,
        "status": "clear",
        "blockage_pct": 0,
        "struct_damage": "No",
        "lon": 76.7723215,
        "lat": 16.2867299,
        "image": "images/0060.jpg"
      }
    },
    {
      "type": "Feature",
      "geometry": {
        "type": "Polygon",
        "coordinates": [
          [
            [
              76.77234484925579,
              16.286844541171966
            ],
            [
              76.77294932607572,
              16.286839473941548
            ],
            [
              76.77294651559836,
              16.286526778768234
            ],
            [
              76.77234203973542,
              16.28653184589612
            ],
            [
              76.77234484925579,
              16.286844541171966
            ]
          ]
        ]
      },
      "properties": {
        "id": 61,
        "area": "NRBC_D10_Survey_1",
        "canal": "Main-Canal",
        "type": "main",
        "chainage_m": 2100.0,
        "status": "clear",
        "blockage_pct": 0,
        "struct_damage": "No",
        "lon": 76.7726457,
        "lat": 16.2866857,
        "image": "images/0061.jpg"
      }
    },
    {
      "type": "Feature",
      "geometry": {
        "type": "Polygon",
        "coordinates": [
          [
            [
              76.77266887335378,
              16.286799943167182
            ],
            [
              76.77327367111901,
              16.286794872330876
            ],
            [
              76.77327087129038,
              16.286483418065025
            ],
            [
              76.77266607447882,
              16.286488488799133
            ],
            [
              76.77266887335378,
              16.286799943167182
            ]
          ]
        ]
      },
      "properties": {
        "id": 62,
        "area": "NRBC_D10_Survey_1",
        "canal": "Main-Canal",
        "type": "main",
        "chainage_m": 2135.0,
        "status": "clear",
        "blockage_pct": 0,
        "struct_damage": "No",
        "lon": 76.7729699,
        "lat": 16.2866417,
        "image": "images/0062.jpg"
      }
    },
    {
      "type": "Feature",
      "geometry": {
        "type": "Polygon",
        "coordinates": [
          [
            [
              76.77299322680676,
              16.286756272627276
            ],
            [
              76.77359802433156,
              16.2867512008768
            ],
            [
              76.77359521284228,
              16.286438505811116
            ],
            [
              76.772990416275,
              16.286443577458975
            ],
            [
              76.77299322680676,
              16.286756272627276
            ]
          ]
        ]
      },
      "properties": {
        "id": 63,
        "area": "NRBC_D10_Survey_1",
        "canal": "Main-Canal",
        "type": "main",
        "chainage_m": 2170.0,
        "status": "clear",
        "blockage_pct": 0,
        "struct_damage": "No",
        "lon": 76.7732942,
        "lat": 16.2865974,
        "image": "images/0063.jpg"
      }
    },
    {
      "type": "Feature",
      "geometry": {
        "type": "Polygon",
        "coordinates": [
          [
            [
              76.77331758285314,
              16.286712911817
            ],
            [
              76.77392238013842,
              16.286707839152246
            ],
            [
              76.77391957651199,
              16.28639607478035
            ],
            [
              76.77331478018135,
              16.286401147342765
            ],
            [
              76.77331758285314,
              16.286712911817
            ]
          ]
        ]
      },
      "properties": {
        "id": 64,
        "area": "NRBC_D10_Survey_1",
        "canal": "Main-Canal",
        "type": "main",
        "chainage_m": 2205.0,
        "status": "clear",
        "blockage_pct": 0,
        "struct_damage": "No",
        "lon": 76.7736186,
        "lat": 16.2865545,
        "image": "images/0064.jpg"
      }
    },
    {
      "type": "Feature",
      "geometry": {
        "type": "Polygon",
        "coordinates": [
          [
            [
              76.77364193591589,
              16.28666924030949
            ],
            [
              76.77424673296068,
              16.286664166730574
            ],
            [
              76.77424393720015,
              16.28635333305214
            ],
            [
              76.77363914110717,
              16.286358406529004
            ],
            [
              76.77364193591589,
              16.28666924030949
            ]
          ]
        ]
      },
      "properties": {
        "id": 65,
        "area": "NRBC_D10_Survey_1",
        "canal": "Main-Canal",
        "type": "main",
        "chainage_m": 2240.0,
        "status": "clear",
        "blockage_pct": 1,
        "struct_damage": "No",
        "lon": 76.7739429,
        "lat": 16.2865113,
        "image": "images/0065.jpg"
      }
    },
    {
      "type": "Feature",
      "geometry": {
        "type": "Polygon",
        "coordinates": [
          [
            [
              76.77396629436278,
              16.286626188744798
            ],
            [
              76.77457173354462,
              16.28662110886081
            ],
            [
              76.77456895960518,
              16.286312756941665
            ],
            [
              76.77396352136853,
              16.286317836724294
            ],
            [
              76.77396629436278,
              16.286626188744798
            ]
          ]
        ]
      },
      "properties": {
        "id": 66,
        "area": "NRBC_D10_Survey_1",
        "canal": "Main-Canal",
        "type": "main",
        "chainage_m": 2275.0,
        "status": "clear",
        "blockage_pct": 0,
        "struct_damage": "No",
        "lon": 76.7742676,
        "lat": 16.2864695,
        "image": "images/0066.jpg"
      }
    },
    {
      "type": "Feature",
      "geometry": {
        "type": "Polygon",
        "coordinates": [
          [
            [
              76.77429097938465,
              16.28658375442768
            ],
            [
              76.77489577595396,
              16.28657867901893
            ],
            [
              76.7748929819777,
              16.286268155660853
            ],
            [
              76.7742881863592,
              16.28627323096762
            ],
            [
              76.77429097938465,
              16.28658375442768
            ]
          ]
        ]
      },
      "properties": {
        "id": 67,
        "area": "NRBC_D10_Survey_1",
        "canal": "Main-Canal",
        "type": "main",
        "chainage_m": 2310.0,
        "status": "clear",
        "blockage_pct": 0,
        "struct_damage": "No",
        "lon": 76.774592,
        "lat": 16.286426,
        "image": "images/0067.jpg"
      }
    },
    {
      "type": "Feature",
      "geometry": {
        "type": "Polygon",
        "coordinates": [
          [
            [
              76.7746153402364,
              16.286541012107627
            ],
            [
              76.77522013656801,
              16.28653593578442
            ],
            [
              76.7752173253391,
              16.28622355120131
            ],
            [
              76.774612529964,
              16.286228627421895
            ],
            [
              76.7746153402364,
              16.286541012107627
            ]
          ]
        ]
      },
      "properties": {
        "id": 68,
        "area": "NRBC_D10_Survey_1",
        "canal": "Main-Canal",
        "type": "main",
        "chainage_m": 2345.0,
        "status": "clear",
        "blockage_pct": 0,
        "struct_damage": "No",
        "lon": 76.7749163,
        "lat": 16.2863823,
        "image": "images/0068.jpg"
      }
    },
    {
      "type": "Feature",
      "geometry": {
        "type": "Polygon",
        "coordinates": [
          [
            [
              76.77493968414811,
              16.286496408024686
            ],
            [
              76.7755444802363,
              16.286491330787644
            ],
            [
              76.77554167967071,
              16.286180187110514
            ],
            [
              76.77493688453524,
              16.286185264245326
            ],
            [
              76.77493968414811,
              16.286496408024686
            ]
          ]
        ]
      },
      "properties": {
        "id": 69,
        "area": "NRBC_D10_Survey_1",
        "canal": "Main-Canal",
        "type": "main",
        "chainage_m": 2380.0,
        "status": "clear",
        "blockage_pct": 0,
        "struct_damage": "No",
        "lon": 76.7752407,
        "lat": 16.2863383,
        "image": "images/0069.jpg"
      }
    },
    {
      "type": "Feature",
      "geometry": {
        "type": "Polygon",
        "coordinates": [
          [
            [
              76.77526370667397,
              16.286451806154684
            ],
            [
              76.77586657539486,
              16.286446744188517
            ],
            [
              76.77586366262324,
              16.286123192045018
            ],
            [
              76.77526079488989,
              16.286128253905197
            ],
            [
              76.77526370667397,
              16.286451806154684
            ]
          ]
        ]
      },
      "properties": {
        "id": 70,
        "area": "NRBC_D10_Survey_1",
        "canal": "Main-Canal",
        "type": "main",
        "chainage_m": 2415.0,
        "status": "clear",
        "blockage_pct": 1,
        "struct_damage": "No",
        "lon": 76.7755637,
        "lat": 16.2862875,
        "image": "images/0070.jpg"
      }
    },
    {
      "type": "Feature",
      "geometry": {
        "type": "Polygon",
        "coordinates": [
          [
            [
              76.7755860225434,
              16.28639604961751
            ],
            [
              76.77618985454974,
              16.28639097865625
            ],
            [
              76.77618699712163,
              16.286073630826724
            ],
            [
              76.77558316608544,
              16.286078701683845
            ],
            [
              76.7755860225434,
              16.28639604961751
            ]
          ]
        ]
      },
      "properties": {
        "id": 71,
        "area": "NRBC_D10_Survey_1",
        "canal": "Main-Canal",
        "type": "main",
        "chainage_m": 2450.0,
        "status": "clear",
        "blockage_pct": 1,
        "struct_damage": "No",
        "lon": 76.7758865,
        "lat": 16.2862348,
        "image": "images/0071.jpg"
      }
    },
    {
      "type": "Feature",
      "geometry": {
        "type": "Polygon",
        "coordinates": [
          [
            [
              76.77590935759684,
              16.286346488774026
            ],
            [
              76.77651511646752,
              16.286341400715205
            ],
            [
              76.77651237865277,
              16.28603739209436
            ],
            [
              76.77590662071444,
              16.286042480053087
            ],
            [
              76.77590935759684,
              16.286346488774026
            ]
          ]
        ]
      },
      "properties": {
        "id": 72,
        "area": "NRBC_D10_Survey_1",
        "canal": "Main-Canal",
        "type": "main",
        "chainage_m": 2485.0,
        "status": "clear",
        "blockage_pct": 1,
        "struct_damage": "No",
        "lon": 76.7762109,
        "lat": 16.2861919,
        "image": "images/0072.jpg"
      }
    },
    {
      "type": "Feature",
      "geometry": {
        "type": "Polygon",
        "coordinates": [
          [
            [
              76.77623405818947,
              16.286305912835164
            ],
            [
              76.77683885326776,
              16.286300831955078
            ],
            [
              76.7768360562841,
              16.285990308917235
            ],
            [
              76.77623126215663,
              16.285995389695223
            ],
            [
              76.77623405818947,
              16.286305912835164
            ]
          ]
        ]
      },
      "properties": {
        "id": 73,
        "area": "NRBC_D10_Survey_1",
        "canal": "Main-Canal",
        "type": "main",
        "chainage_m": 2520.0,
        "status": "clear",
        "blockage_pct": 0,
        "struct_damage": "No",
        "lon": 76.7765351,
        "lat": 16.2861481,
        "image": "images/0073.jpg"
      }
    },
    {
      "type": "Feature",
      "geometry": {
        "type": "Polygon",
        "coordinates": [
          [
            [
              76.77655841785312,
              16.28626316761876
            ],
            [
              76.77716257031999,
              16.28625809122272
            ],
            [
              76.77715971973613,
              16.285941674195616
            ],
            [
              76.77655556823709,
              16.285946750487703
            ],
            [
              76.77655841785312,
              16.28626316761876
            ]
          ]
        ]
      },
      "properties": {
        "id": 74,
        "area": "NRBC_D10_Survey_1",
        "canal": "Main-Canal",
        "type": "main",
        "chainage_m": 2555.0,
        "status": "clear",
        "blockage_pct": 0,
        "struct_damage": "No",
        "lon": 76.7768591,
        "lat": 16.2861024,
        "image": "images/0074.jpg"
      }
    },
    {
      "type": "Feature",
      "geometry": {
        "type": "Polygon",
        "coordinates": [
          [
            [
              76.77688241981198,
              16.286216391850505
            ],
            [
              76.77748689321568,
              16.286211311843548
            ],
            [
              76.77748406727687,
              16.28589768678545
            ],
            [
              76.77687959483295,
              16.2859027666893
            ],
            [
              76.77688241981198,
              16.286216391850505
            ]
          ]
        ]
      },
      "properties": {
        "id": 75,
        "area": "NRBC_D10_Survey_1",
        "canal": "Main-Canal",
        "type": "main",
        "chainage_m": 2590.0,
        "status": "clear",
        "blockage_pct": 1,
        "struct_damage": "No",
        "lon": 76.7771832,
        "lat": 16.286057,
        "image": "images/0075.jpg"
      }
    },
    {
      "type": "Feature",
      "geometry": {
        "type": "Polygon",
        "coordinates": [
          [
            [
              76.77720642994989,
              16.286170546238843
            ],
            [
              76.77773221240483,
              16.28616612685499
            ],
            [
              76.7777294923149,
              16.28586428991941
            ],
            [
              76.77720371066341,
              16.285868709216935
            ],
            [
              76.77720642994989,
              16.286170546238843
            ]
          ]
        ]
      },
      "properties": {
        "id": 76,
        "area": "NRBC_D10_Survey_1",
        "canal": "Main-Canal",
        "type": "main",
        "chainage_m": 2625.0,
        "status": "clear",
        "blockage_pct": 1,
        "struct_damage": "No",
        "lon": 76.777468,
        "lat": 16.2860174,
        "image": "images/0076.jpg"
      }
    },
    {
      "type": "Feature",
      "geometry": {
        "type": "Polygon",
        "coordinates": [
          [
            [
              76.76365304198075,
              16.29484379429763
            ],
            [
              76.76418977232285,
              16.294839315182212
            ],
            [
              76.76418559470731,
              16.294372442048868
            ],
            [
              76.7636488656346,
              16.29437692102903
            ],
            [
              76.76365304198075,
              16.29484379429763
            ]
          ]
        ]
      },
      "properties": {
        "id": 77,
        "area": "NRBC_D10_Survey_1",
        "canal": "Distributary",
        "type": "distributary",
        "chainage_m": 0.0,
        "status": "partial",
        "blockage_pct": 11,
        "struct_damage": "No",
        "lon": 76.7639193,
        "lat": 16.2946081,
        "image": "images/0077.jpg"
      }
    },
    {
      "type": "Feature",
      "geometry": {
        "type": "Polygon",
        "coordinates": [
          [
            [
              76.76391179815509,
              16.295078036381888
            ],
            [
              76.76438814282619,
              16.29507406062995
            ],
            [
              76.76438360655683,
              16.29456716986405
            ],
            [
              76.76390726310886,
              16.294571145485637
            ],
            [
              76.76391179815509,
              16.295078036381888
            ]
          ]
        ]
      },
      "properties": {
        "id": 78,
        "area": "NRBC_D10_Survey_1",
        "canal": "Distributary",
        "type": "distributary",
        "chainage_m": 35.0,
        "status": "partial",
        "blockage_pct": 12,
        "struct_damage": "No",
        "lon": 76.7641477,
        "lat": 16.2948226,
        "image": "images/0078.jpg"
      }
    },
    {
      "type": "Feature",
      "geometry": {
        "type": "Polygon",
        "coordinates": [
          [
            [
              76.76411084592918,
              16.295388474480767
            ],
            [
              76.76444264956208,
              16.29538570487662
            ],
            [
              76.76443743565362,
              16.294803121764097
            ],
            [
              76.76410563299996,
              16.294805891263877
            ],
            [
              76.76411084592918,
              16.295388474480767
            ]
          ]
        ]
      },
      "properties": {
        "id": 79,
        "area": "NRBC_D10_Survey_1",
        "canal": "Distributary",
        "type": "distributary",
        "chainage_m": 70.0,
        "status": "clear",
        "blockage_pct": 5,
        "struct_damage": "No",
        "lon": 76.7642741,
        "lat": 16.2950958,
        "image": "images/0079.jpg"
      }
    },
    {
      "type": "Feature",
      "geometry": {
        "type": "Polygon",
        "coordinates": [
          [
            [
              76.76416311782224,
              16.295701688665133
            ],
            [
              76.764489140294,
              16.29569896719431
            ],
            [
              76.76448391503688,
              16.295115143255085
            ],
            [
              76.76415789352934,
              16.29511786462314
            ],
            [
              76.76416311782224,
              16.295701688665133
            ]
          ]
        ]
      },
      "properties": {
        "id": 80,
        "area": "NRBC_D10_Survey_1",
        "canal": "Distributary",
        "type": "distributary",
        "chainage_m": 105.0,
        "status": "partial",
        "blockage_pct": 7,
        "struct_damage": "No",
        "lon": 76.7643235,
        "lat": 16.2954084,
        "image": "images/0080.jpg"
      }
    },
    {
      "type": "Feature",
      "geometry": {
        "type": "Polygon",
        "coordinates": [
          [
            [
              76.76421185390207,
              16.296014622089206
            ],
            [
              76.7645365920631,
              16.296011911218958
            ],
            [
              76.76453136655958,
              16.295428087311965
            ],
            [
              76.76420662935901,
              16.295430798079853
            ],
            [
              76.76421185390207,
              16.296014622089206
            ]
          ]
        ]
      },
      "properties": {
        "id": 81,
        "area": "NRBC_D10_Survey_1",
        "canal": "Distributary",
        "type": "distributary",
        "chainage_m": 140.0,
        "status": "partial",
        "blockage_pct": 15,
        "struct_damage": "No",
        "lon": 76.7643716,
        "lat": 16.2957214,
        "image": "images/0081.jpg"
      }
    },
    {
      "type": "Feature",
      "geometry": {
        "type": "Polygon",
        "coordinates": [
          [
            [
              76.76425834452604,
              16.29632788446143
            ],
            [
              76.76457987114097,
              16.296325200286553
            ],
            [
              76.76457464262666,
              16.295741066195873
            ],
            [
              76.7642531169632,
              16.29574375026935
            ],
            [
              76.76425834452604,
              16.29632788446143
            ]
          ]
        ]
      },
      "properties": {
        "id": 82,
        "area": "NRBC_D10_Survey_1",
        "canal": "Distributary",
        "type": "distributary",
        "chainage_m": 175.0,
        "status": "clear",
        "blockage_pct": 5,
        "struct_damage": "No",
        "lon": 76.7644165,
        "lat": 16.2960345,
        "image": "images/0082.jpg"
      }
    },
    {
      "type": "Feature",
      "geometry": {
        "type": "Polygon",
        "coordinates": [
          [
            [
              76.76430258968396,
              16.29664147578429
            ],
            [
              76.76462379559665,
              16.296638794173806
            ],
            [
              76.76461856406924,
              16.296054349899705
            ],
            [
              76.76429735910764,
              16.296057031408825
            ],
            [
              76.76430258968396,
              16.29664147578429
            ]
          ]
        ]
      },
      "properties": {
        "id": 83,
        "area": "NRBC_D10_Survey_1",
        "canal": "Distributary",
        "type": "distributary",
        "chainage_m": 210.0,
        "status": "clear",
        "blockage_pct": 3,
        "struct_damage": "No",
        "lon": 76.7644606,
        "lat": 16.2963479,
        "image": "images/0083.jpg"
      }
    },
    {
      "type": "Feature",
      "geometry": {
        "type": "Polygon",
        "coordinates": [
          [
            [
              76.76434651105139,
              16.296954759542082
            ],
            [
              76.76466835987951,
              16.29695207245085
            ],
            [
              76.76466313089074,
              16.29636793842269
            ],
            [
              76.7643412830151,
              16.29637062541241
            ],
            [
              76.76434651105139,
              16.296954759542082
            ]
          ]
        ]
      },
      "properties": {
        "id": 84,
        "area": "NRBC_D10_Survey_1",
        "canal": "Distributary",
        "type": "distributary",
        "chainage_m": 245.0,
        "status": "clear",
        "blockage_pct": 2,
        "struct_damage": "No",
        "lon": 76.7645048,
        "lat": 16.2966613,
        "image": "images/0084.jpg"
      }
    },
    {
      "type": "Feature",
      "geometry": {
        "type": "Polygon",
        "coordinates": [
          [
            [
              76.76439107780044,
              16.297268348119587
            ],
            [
              76.76471099989132,
              16.297265677002816
            ],
            [
              76.76470576789303,
              16.296681232790867
            ],
            [
              76.76438584674946,
              16.29668390380668
            ],
            [
              76.76439107780044,
              16.297268348119587
            ]
          ]
        ]
      },
      "properties": {
        "id": 85,
        "area": "NRBC_D10_Survey_1",
        "canal": "Distributary",
        "type": "distributary",
        "chainage_m": 280.0,
        "status": "clear",
        "blockage_pct": 2,
        "struct_damage": "No",
        "lon": 76.7645484,
        "lat": 16.2969748,
        "image": "images/0085.jpg"
      }
    },
    {
      "type": "Feature",
      "geometry": {
        "type": "Polygon",
        "coordinates": [
          [
            [
              76.76443467279034,
              16.297581014066342
            ],
            [
              76.76476037711399,
              16.29757829455408
            ],
            [
              76.76475515041771,
              16.296994470804066
            ],
            [
              76.7644294470575,
              16.296997190213652
            ],
            [
              76.76443467279034,
              16.297581014066342
            ]
          ]
        ]
      },
      "properties": {
        "id": 86,
        "area": "NRBC_D10_Survey_1",
        "canal": "Distributary",
        "type": "distributary",
        "chainage_m": 315.0,
        "status": "clear",
        "blockage_pct": 3,
        "struct_damage": "No",
        "lon": 76.7645949,
        "lat": 16.2972877,
        "image": "images/0086.jpg"
      }
    },
    {
      "type": "Feature",
      "geometry": {
        "type": "Polygon",
        "coordinates": [
          [
            [
              76.76448308886607,
              16.297893949968728
            ],
            [
              76.76480815128231,
              16.29789123569581
            ],
            [
              76.76480292433864,
              16.29730741197813
            ],
            [
              76.76447786288394,
              16.297310126148563
            ],
            [
              76.76448308886607,
              16.297893949968728
            ]
          ]
        ]
      },
      "properties": {
        "id": 87,
        "area": "NRBC_D10_Survey_1",
        "canal": "Distributary",
        "type": "distributary",
        "chainage_m": 350.0,
        "status": "clear",
        "blockage_pct": 4,
        "struct_damage": "No",
        "lon": 76.764643,
        "lat": 16.2976007,
        "image": "images/0087.jpg"
      }
    },
    {
      "type": "Feature",
      "geometry": {
        "type": "Polygon",
        "coordinates": [
          [
            [
              76.76453085995284,
              16.29820658098548
            ],
            [
              76.7648559228761,
              16.298203866588526
            ],
            [
              76.76485069846254,
              16.297620353117672
            ],
            [
              76.76452563650035,
              16.29762306741219
            ],
            [
              76.76453085995284,
              16.29820658098548
            ]
          ]
        ]
      },
      "properties": {
        "id": 88,
        "area": "NRBC_D10_Survey_1",
        "canal": "Distributary",
        "type": "distributary",
        "chainage_m": 385.0,
        "status": "partial",
        "blockage_pct": 7,
        "struct_damage": "No",
        "lon": 76.7646908,
        "lat": 16.2979135,
        "image": "images/0088.jpg"
      }
    },
    {
      "type": "Feature",
      "geometry": {
        "type": "Polygon",
        "coordinates": [
          [
            [
              76.76457863124233,
              16.29851921196775
            ],
            [
              76.76490594313483,
              16.2985164786687
            ],
            [
              76.76490071846749,
              16.297932965230846
            ],
            [
              76.7645734075427,
              16.297935698426762
            ],
            [
              76.76457863124233,
              16.29851921196775
            ]
          ]
        ]
      },
      "properties": {
        "id": 89,
        "area": "NRBC_D10_Survey_1",
        "canal": "Distributary",
        "type": "distributary",
        "chainage_m": 420.0,
        "status": "partial",
        "blockage_pct": 6,
        "struct_damage": "No",
        "lon": 76.7647397,
        "lat": 16.2982261,
        "image": "images/0089.jpg"
      }
    },
    {
      "type": "Feature",
      "geometry": {
        "type": "Polygon",
        "coordinates": [
          [
            [
              76.76462865397798,
              16.29883213435457
            ],
            [
              76.76495468154353,
              16.298829411657923
            ],
            [
              76.76494945384837,
              16.29824558803822
            ],
            [
              76.76462342724727,
              16.298248310632076
            ],
            [
              76.76462865397798,
              16.29883213435457
            ]
          ]
        ]
      },
      "properties": {
        "id": 90,
        "area": "NRBC_D10_Survey_1",
        "canal": "Distributary",
        "type": "distributary",
        "chainage_m": 455.0,
        "status": "partial",
        "blockage_pct": 15,
        "struct_damage": "No",
        "lon": 76.7647891,
        "lat": 16.2985389,
        "image": "images/0090.jpg"
      }
    },
    {
      "type": "Feature",
      "geometry": {
        "type": "Polygon",
        "coordinates": [
          [
            [
              76.76467707087384,
              16.29914507011682
            ],
            [
              76.76500181410874,
              16.299142358026042
            ],
            [
              76.76499658616808,
              16.298558534438477
            ],
            [
              76.76467184389385,
              16.29856124642686
            ],
            [
              76.76467707087384,
              16.29914507011682
            ]
          ]
        ]
      },
      "properties": {
        "id": 91,
        "area": "NRBC_D10_Survey_1",
        "canal": "Distributary",
        "type": "distributary",
        "chainage_m": 490.0,
        "status": "partial",
        "blockage_pct": 19,
        "struct_damage": "Yes",
        "lon": 76.7648368,
        "lat": 16.2988518,
        "image": "images/0091.jpg"
      }
    },
    {
      "type": "Feature",
      "geometry": {
        "type": "Polygon",
        "coordinates": [
          [
            [
              76.7647245215658,
              16.299457703676957
            ],
            [
              76.7650499077281,
              16.29945498609685
            ],
            [
              76.76504468231711,
              16.298871472756137
            ],
            [
              76.7647192971169,
              16.298874190233704
            ],
            [
              76.7647245215658,
              16.299457703676957
            ]
          ]
        ]
      },
      "properties": {
        "id": 92,
        "area": "NRBC_D10_Survey_1",
        "canal": "Distributary",
        "type": "distributary",
        "chainage_m": 525.0,
        "status": "partial",
        "blockage_pct": 25,
        "struct_damage": "No",
        "lon": 76.7648846,
        "lat": 16.2991646,
        "image": "images/0092.jpg"
      }
    },
    {
      "type": "Feature",
      "geometry": {
        "type": "Polygon",
        "coordinates": [
          [
            [
              76.7647726148814,
              16.2997703318377
            ],
            [
              76.76509928639479,
              16.299767603400625
            ],
            [
              76.76509406073187,
              16.29918409009272
            ],
            [
              76.76476739018439,
              16.299186818426847
            ],
            [
              76.7647726148814,
              16.2997703318377
            ]
          ]
        ]
      },
      "properties": {
        "id": 93,
        "area": "NRBC_D10_Survey_1",
        "canal": "Distributary",
        "type": "distributary",
        "chainage_m": 560.0,
        "status": "partial",
        "blockage_pct": 14,
        "struct_damage": "Yes",
        "lon": 76.7649333,
        "lat": 16.2994772,
        "image": "images/0093.jpg"
      }
    },
    {
      "type": "Feature",
      "geometry": {
        "type": "Polygon",
        "coordinates": [
          [
            [
              76.76482200435778,
              16.300084190090647
            ],
            [
              76.76514000367467,
              16.300081533972488
            ],
            [
              76.76513476667223,
              16.299496779837124
            ],
            [
              76.76481676829762,
              16.299499435854845
            ],
            [
              76.76482200435778,
              16.300084190090647
            ]
          ]
        ]
      },
      "properties": {
        "id": 94,
        "area": "NRBC_D10_Survey_1",
        "canal": "Distributary",
        "type": "distributary",
        "chainage_m": 595.0,
        "status": "partial",
        "blockage_pct": 14,
        "struct_damage": "Yes",
        "lon": 76.7649784,
        "lat": 16.2997905,
        "image": "images/0094.jpg"
      }
    },
    {
      "type": "Feature",
      "geometry": {
        "type": "Polygon",
        "coordinates": [
          [
            [
              76.7648627268758,
              16.300398741172845
            ],
            [
              76.76517173275965,
              16.300396160075877
            ],
            [
              76.7651664899998,
              16.299810785539137
            ],
            [
              76.76485748503258,
              16.2998133665384
            ],
            [
              76.7648627268758,
              16.300398741172845
            ]
          ]
        ]
      },
      "properties": {
        "id": 95,
        "area": "NRBC_D10_Survey_1",
        "canal": "Distributary",
        "type": "distributary",
        "chainage_m": 630.0,
        "status": "partial",
        "blockage_pct": 30,
        "struct_damage": "No",
        "lon": 76.7650146,
        "lat": 16.3001048,
        "image": "images/0095.jpg"
      }
    },
    {
      "type": "Feature",
      "geometry": {
        "type": "Polygon",
        "coordinates": [
          [
            [
              76.76489443618048,
              16.300711195846517
            ],
            [
              76.7652198243817,
              16.300708477801834
            ],
            [
              76.76521460082205,
              16.300125274798194
            ],
            [
              76.76488921358246,
              16.30012799274038
            ],
            [
              76.76489443618048,
              16.300711195846517
            ]
          ]
        ]
      },
      "properties": {
        "id": 96,
        "area": "NRBC_D10_Survey_1",
        "canal": "Distributary",
        "type": "distributary",
        "chainage_m": 665.0,
        "status": "partial",
        "blockage_pct": 29,
        "struct_damage": "Yes",
        "lon": 76.7650545,
        "lat": 16.3004182,
        "image": "images/0096.jpg"
      }
    },
    {
      "type": "Feature",
      "geometry": {
        "type": "Polygon",
        "coordinates": [
          [
            [
              76.76494249693916,
              16.30102010130408
            ],
            [
              76.76529165539652,
              16.301017184552595
            ],
            [
              76.76528646208456,
              16.30043739394648
            ],
            [
              76.7649373046531,
              16.300440310588616
            ],
            [
              76.76494249693916,
              16.30102010130408
            ]
          ]
        ]
      },
      "properties": {
        "id": 97,
        "area": "NRBC_D10_Survey_1",
        "canal": "Distributary",
        "type": "distributary",
        "chainage_m": 700.0,
        "status": "partial",
        "blockage_pct": 28,
        "struct_damage": "No",
        "lon": 76.7651145,
        "lat": 16.3007287,
        "image": "images/0097.jpg"
      }
    },
    {
      "type": "Feature",
      "geometry": {
        "type": "Polygon",
        "coordinates": [
          [
            [
              76.76501433602932,
              16.30132973881516
            ],
            [
              76.76535771318048,
              16.301326870198203
            ],
            [
              76.76535251123381,
              16.300746148986768
            ],
            [
              76.7650091350932,
              16.30074901749601
            ],
            [
              76.76501433602932,
              16.30132973881516
            ]
          ]
        ]
      },
      "properties": {
        "id": 98,
        "area": "NRBC_D10_Survey_1",
        "canal": "Distributary",
        "type": "distributary",
        "chainage_m": 735.0,
        "status": "partial",
        "blockage_pct": 26,
        "struct_damage": "No",
        "lon": 76.7651834,
        "lat": 16.3010379,
        "image": "images/0098.jpg"
      }
    },
    {
      "type": "Feature",
      "geometry": {
        "type": "Polygon",
        "coordinates": [
          [
            [
              76.76508039909993,
              16.30164004500002
            ],
            [
              76.76542120706823,
              16.301637197693637
            ],
            [
              76.76541599927215,
              16.301055856090546
            ],
            [
              76.76507519230792,
              16.301058703289904
            ],
            [
              76.76508039909993,
              16.30164004500002
            ]
          ]
        ]
      },
      "properties": {
        "id": 99,
        "area": "NRBC_D10_Survey_1",
        "canal": "Distributary",
        "type": "distributary",
        "chainage_m": 770.0,
        "status": "moderate",
        "blockage_pct": 37,
        "struct_damage": "No",
        "lon": 76.7652482,
        "lat": 16.301348,
        "image": "images/0099.jpg"
      }
    },
    {
      "type": "Feature",
      "geometry": {
        "type": "Polygon",
        "coordinates": [
          [
            [
              76.76514388715512,
              16.30194975217443
            ],
            [
              76.76548758657658,
              16.301946880557008
            ],
            [
              76.76548238403848,
              16.301366159420372
            ],
            [
              76.76513868562854,
              16.301369030929976
            ],
            [
              76.76514388715512,
              16.30194975217443
            ]
          ]
        ]
      },
      "properties": {
        "id": 100,
        "area": "NRBC_D10_Survey_1",
        "canal": "Distributary",
        "type": "distributary",
        "chainage_m": 805.0,
        "status": "partial",
        "blockage_pct": 21,
        "struct_damage": "No",
        "lon": 76.7653131,
        "lat": 16.301658,
        "image": "images/0100.jpg"
      }
    },
    {
      "type": "Feature",
      "geometry": {
        "type": "Polygon",
        "coordinates": [
          [
            [
              76.7652102691725,
              16.302259745363042
            ],
            [
              76.76555236304773,
              16.302256887005456
            ],
            [
              76.76554715743514,
              16.301675855691904
            ],
            [
              76.76520506456725,
              16.301678713942117
            ],
            [
              76.7652102691725,
              16.302259745363042
            ]
          ]
        ]
      },
      "properties": {
        "id": 101,
        "area": "NRBC_D10_Survey_1",
        "canal": "Distributary",
        "type": "distributary",
        "chainage_m": 840.0,
        "status": "moderate",
        "blockage_pct": 44,
        "struct_damage": "No",
        "lon": 76.7653787,
        "lat": 16.3019678,
        "image": "images/0101.jpg"
      }
    },
    {
      "type": "Feature",
      "geometry": {
        "type": "Polygon",
        "coordinates": [
          [
            [
              76.76527504537084,
              16.302569751920593
            ],
            [
              76.765616176126,
              16.30256690145829
            ],
            [
              76.7656109702208,
              16.30198587018181
            ],
            [
              76.76526984047021,
              16.301988720537032
            ],
            [
              76.76527504537084,
              16.302569751920593
            ]
          ]
        ]
      },
      "properties": {
        "id": 102,
        "area": "NRBC_D10_Survey_1",
        "canal": "Distributary",
        "type": "distributary",
        "chainage_m": 875.0,
        "status": "partial",
        "blockage_pct": 29,
        "struct_damage": "No",
        "lon": 76.765443,
        "lat": 16.3022778,
        "image": "images/0102.jpg"
      }
    },
    {
      "type": "Feature",
      "geometry": {
        "type": "Polygon",
        "coordinates": [
          [
            [
              76.76533885817463,
              16.302879766481432
            ],
            [
              76.76568223796556,
              16.302876897072263
            ],
            [
              76.76567703176113,
              16.302295865833553
            ],
            [
              76.7653336529814,
              16.302298735134933
            ],
            [
              76.76533885817463,
              16.302879766481432
            ]
          ]
        ]
      },
      "properties": {
        "id": 103,
        "area": "NRBC_D10_Survey_1",
        "canal": "Distributary",
        "type": "distributary",
        "chainage_m": 910.0,
        "status": "partial",
        "blockage_pct": 19,
        "struct_damage": "No",
        "lon": 76.7655079,
        "lat": 16.3025878,
        "image": "images/0103.jpg"
      }
    },
    {
      "type": "Feature",
      "geometry": {
        "type": "Polygon",
        "coordinates": [
          [
            [
              76.76540491696431,
              16.303189451991734
            ],
            [
              76.76574797606611,
              16.303186585106907
            ],
            [
              76.76574277234323,
              16.302605864120068
            ],
            [
              76.76539971425117,
              16.302608730897266
            ],
            [
              76.76540491696431,
              16.303189451991734
            ]
          ]
        ]
      },
      "properties": {
        "id": 104,
        "area": "NRBC_D10_Survey_1",
        "canal": "Distributary",
        "type": "distributary",
        "chainage_m": 945.0,
        "status": "partial",
        "blockage_pct": 12,
        "struct_damage": "No",
        "lon": 76.7655738,
        "lat": 16.3028977,
        "image": "images/0104.jpg"
      }
    },
    {
      "type": "Feature",
      "geometry": {
        "type": "Polygon",
        "coordinates": [
          [
            [
              76.76547066035283,
              16.30349976056506
            ],
            [
              76.7658111502477,
              16.303496914998554
            ],
            [
              76.76580594067441,
              16.302915573620215
            ],
            [
              76.7654654517828,
              16.302918419079766
            ],
            [
              76.76547066035283,
              16.30349976056506
            ]
          ]
        ]
      },
      "properties": {
        "id": 105,
        "area": "NRBC_D10_Survey_1",
        "canal": "Distributary",
        "type": "distributary",
        "chainage_m": 980.0,
        "status": "partial",
        "blockage_pct": 27,
        "struct_damage": "No",
        "lon": 76.7656383,
        "lat": 16.3032077,
        "image": "images/0105.jpg"
      }
    },
    {
      "type": "Feature",
      "geometry": {
        "type": "Polygon",
        "coordinates": [
          [
            [
              76.76553479235162,
              16.303809462082405
            ],
            [
              76.76587721007373,
              16.303806600250653
            ],
            [
              76.76587200298117,
              16.30322556912427
            ],
            [
              76.76552958626748,
              16.303228430848517
            ],
            [
              76.76553479235162,
              16.303809462082405
            ]
          ]
        ]
      },
      "properties": {
        "id": 106,
        "area": "NRBC_D10_Survey_1",
        "canal": "Distributary",
        "type": "distributary",
        "chainage_m": 1015.0,
        "status": "partial",
        "blockage_pct": 9,
        "struct_damage": "No",
        "lon": 76.7657034,
        "lat": 16.3035175,
        "image": "images/0106.jpg"
      }
    },
    {
      "type": "Feature",
      "geometry": {
        "type": "Polygon",
        "coordinates": [
          [
            [
              76.76559988825503,
              16.304119155498242
            ],
            [
              76.76594359137447,
              16.304116282767993
            ],
            [
              76.76593838676199,
              16.303535561893625
            ],
            [
              76.76559468465426,
              16.303538434516017
            ],
            [
              76.76559988825503,
              16.304119155498242
            ]
          ]
        ]
      },
      "properties": {
        "id": 107,
        "area": "NRBC_D10_Survey_1",
        "canal": "Distributary",
        "type": "distributary",
        "chainage_m": 1050.0,
        "status": "partial",
        "blockage_pct": 14,
        "struct_damage": "No",
        "lon": 76.7657691,
        "lat": 16.3038274,
        "image": "images/0107.jpg"
      }
    },
    {
      "type": "Feature",
      "geometry": {
        "type": "Polygon",
        "coordinates": [
          [
            [
              76.76566595084746,
              16.304429151025403
            ],
            [
              76.76600933327686,
              16.304426280819854
            ],
            [
              76.76600412836625,
              16.303845559983145
            ],
            [
              76.76566074694762,
              16.303848430080937
            ],
            [
              76.76566595084746,
              16.304429151025403
            ]
          ]
        ]
      },
      "properties": {
        "id": 108,
        "area": "NRBC_D10_Survey_1",
        "canal": "Distributary",
        "type": "distributary",
        "chainage_m": 1085.0,
        "status": "partial",
        "blockage_pct": 13,
        "struct_damage": "No",
        "lon": 76.765835,
        "lat": 16.3041374,
        "image": "images/0108.jpg"
      }
    },
    {
      "type": "Feature",
      "geometry": {
        "type": "Polygon",
        "coordinates": [
          [
            [
              76.76573201091703,
              16.30473883628866
            ],
            [
              76.76607507265486,
              16.304735968608174
            ],
            [
              76.76606986744619,
              16.304155247809117
            ],
            [
              76.76572680671819,
              16.30415811538194
            ],
            [
              76.76573201091703,
              16.30473883628866
            ]
          ]
        ]
      },
      "properties": {
        "id": 109,
        "area": "NRBC_D10_Survey_1",
        "canal": "Distributary",
        "type": "distributary",
        "chainage_m": 1120.0,
        "status": "partial",
        "blockage_pct": 25,
        "struct_damage": "No",
        "lon": 76.7659009,
        "lat": 16.304447,
        "image": "images/0109.jpg"
      }
    },
    {
      "type": "Feature",
      "geometry": {
        "type": "Polygon",
        "coordinates": [
          [
            [
              76.76579775280432,
              16.30504883440134
            ],
            [
              76.76614081506955,
              16.305045966561163
            ],
            [
              76.76613560678204,
              16.304464935585678
            ],
            [
              76.7657925455272,
              16.30446780331813
            ],
            [
              76.76579775280432,
              16.30504883440134
            ]
          ]
        ]
      },
      "properties": {
        "id": 110,
        "area": "NRBC_D10_Survey_1",
        "canal": "Distributary",
        "type": "distributary",
        "chainage_m": 1155.0,
        "status": "partial",
        "blockage_pct": 17,
        "struct_damage": "No",
        "lon": 76.7659667,
        "lat": 16.3047569,
        "image": "images/0110.jpg"
      }
    },
    {
      "type": "Feature",
      "geometry": {
        "type": "Polygon",
        "coordinates": [
          [
            [
              76.76586904473751,
              16.30597801980988
            ],
            [
              76.76633706350115,
              16.30597410689722
            ],
            [
              76.76632630328857,
              16.304773888809965
            ],
            [
              76.76585828737241,
              16.304777801419043
            ],
            [
              76.76586904473751,
              16.30597801980988
            ]
          ]
        ]
      },
      "properties": {
        "id": 111,
        "area": "NRBC_D10_Survey_1",
        "canal": "Distributary",
        "type": "distributary",
        "chainage_m": 1190.0,
        "status": "moderate",
        "blockage_pct": 37,
        "struct_damage": "No",
        "lon": 76.7660977,
        "lat": 16.305376,
        "image": "images/0111.jpg"
      }
    },
    {
      "type": "Feature",
      "geometry": {
        "type": "Polygon",
        "coordinates": [
          [
            [
              76.76606231773026,
              16.306502566521413
            ],
            [
              76.76644135930034,
              16.306499397152724
            ],
            [
              76.76643422770518,
              16.30570400847673
            ],
            [
              76.76605518766343,
              16.305707177682464
            ],
            [
              76.76606231773026,
              16.306502566521413
            ]
          ]
        ]
      },
      "properties": {
        "id": 112,
        "area": "NRBC_D10_Survey_1",
        "canal": "Distributary",
        "type": "distributary",
        "chainage_m": 1295.0,
        "status": "moderate",
        "blockage_pct": 45,
        "struct_damage": "No",
        "lon": 76.7662483,
        "lat": 16.3061033,
        "image": "images/0112.jpg"
      }
    },
    {
      "type": "Feature",
      "geometry": {
        "type": "Polygon",
        "coordinates": [
          [
            [
              76.76616684406824,
              16.3069102750781
            ],
            [
              76.7665214735076,
              16.30690730961127
            ],
            [
              76.76651539839627,
              16.30622980231175
            ],
            [
              76.76616077017493,
              16.30623276764872
            ],
            [
              76.76616684406824,
              16.3069102750781
            ]
          ]
        ]
      },
      "properties": {
        "id": 113,
        "area": "NRBC_D10_Survey_1",
        "canal": "Distributary",
        "type": "distributary",
        "chainage_m": 1365.0,
        "status": "moderate",
        "blockage_pct": 43,
        "struct_damage": "No",
        "lon": 76.7663411,
        "lat": 16.30657,
        "image": "images/0113.jpg"
      }
    },
    {
      "type": "Feature",
      "geometry": {
        "type": "Polygon",
        "coordinates": [
          [
            [
              76.76624419067188,
              16.30722451915625
            ],
            [
              76.76657633506689,
              16.307221741561285
            ],
            [
              76.76657108581725,
              16.306636367846824
            ],
            [
              76.76623894240792,
              16.30663914533669
            ],
            [
              76.76624419067188,
              16.30722451915625
            ]
          ]
        ]
      },
      "properties": {
        "id": 114,
        "area": "NRBC_D10_Survey_1",
        "canal": "Distributary",
        "type": "distributary",
        "chainage_m": 1400.0,
        "status": "moderate",
        "blockage_pct": 55,
        "struct_damage": "Yes",
        "lon": 76.7664076,
        "lat": 16.3069304,
        "image": "images/0114.jpg"
      }
    },
    {
      "type": "Feature",
      "geometry": {
        "type": "Polygon",
        "coordinates": [
          [
            [
              76.76630219463425,
              16.307531168993386
            ],
            [
              76.76663851543832,
              16.307528356330003
            ],
            [
              76.76663330762817,
              16.306947635861217
            ],
            [
              76.76629698781427,
              16.306950448419027
            ],
            [
              76.76630219463425,
              16.307531168993386
            ]
          ]
        ]
      },
      "properties": {
        "id": 115,
        "area": "NRBC_D10_Survey_1",
        "canal": "Distributary",
        "type": "distributary",
        "chainage_m": 1435.0,
        "status": "moderate",
        "blockage_pct": 56,
        "struct_damage": "Yes",
        "lon": 76.7664678,
        "lat": 16.3072394,
        "image": "images/0115.jpg"
      }
    },
    {
      "type": "Feature",
      "geometry": {
        "type": "Polygon",
        "coordinates": [
          [
            [
              76.76635981362477,
              16.307830686553707
            ],
            [
              76.76671894181601,
              16.30782768298486
            ],
            [
              76.7667138393868,
              16.307258750686444
            ],
            [
              76.76635471223143,
              16.30726175414484
            ],
            [
              76.76635981362477,
              16.307830686553707
            ]
          ]
        ]
      },
      "properties": {
        "id": 116,
        "area": "NRBC_D10_Survey_1",
        "canal": "Distributary",
        "type": "distributary",
        "chainage_m": 1470.0,
        "status": "moderate",
        "blockage_pct": 57,
        "struct_damage": "No",
        "lon": 76.7665368,
        "lat": 16.3075447,
        "image": "images/0116.jpg"
      }
    },
    {
      "type": "Feature",
      "geometry": {
        "type": "Polygon",
        "coordinates": [
          [
            [
              76.76674410478503,
              16.309701925294274
            ],
            [
              76.76707753817317,
              16.309699135752794
            ],
            [
              76.76707226154586,
              16.30911097041
            ],
            [
              76.76673882915213,
              16.309113759845438
            ],
            [
              76.76674410478503,
              16.309701925294274
            ]
          ]
        ]
      },
      "properties": {
        "id": 117,
        "area": "NRBC_D10_Survey_1",
        "canal": "Distributary",
        "type": "distributary",
        "chainage_m": 1680.0,
        "status": "moderate",
        "blockage_pct": 47,
        "struct_damage": "No",
        "lon": 76.7669082,
        "lat": 16.3094064,
        "image": "images/0117.jpg"
      }
    },
    {
      "type": "Feature",
      "geometry": {
        "type": "Polygon",
        "coordinates": [
          [
            [
              76.76680102017792,
              16.30995863572751
            ],
            [
              76.76722825231494,
              16.309955061195023
            ],
            [
              76.76722346500458,
              16.309421493536878
            ],
            [
              76.76679623402345,
              16.3094250679461
            ],
            [
              76.76680102017792,
              16.30995863572751
            ]
          ]
        ]
      },
      "properties": {
        "id": 118,
        "area": "NRBC_D10_Survey_1",
        "canal": "Distributary",
        "type": "distributary",
        "chainage_m": 1715.0,
        "status": "moderate",
        "blockage_pct": 50,
        "struct_damage": "No",
        "lon": 76.7670122,
        "lat": 16.3096901,
        "image": "images/0118.jpg"
      }
    },
    {
      "type": "Feature",
      "geometry": {
        "type": "Polygon",
        "coordinates": [
          [
            [
              76.76694996784995,
              16.310160905142205
            ],
            [
              76.76747067757199,
              16.310156547978057
            ],
            [
              76.76746642401154,
              16.309682541433485
            ],
            [
              76.76694571554104,
              16.309686898464157
            ],
            [
              76.76694996784995,
              16.310160905142205
            ]
          ]
        ]
      },
      "properties": {
        "id": 119,
        "area": "NRBC_D10_Survey_1",
        "canal": "Distributary",
        "type": "distributary",
        "chainage_m": 1750.0,
        "status": "moderate",
        "blockage_pct": 42,
        "struct_damage": "No",
        "lon": 76.7672082,
        "lat": 16.3099217,
        "image": "images/0119.jpg"
      }
    },
    {
      "type": "Feature",
      "geometry": {
        "type": "Polygon",
        "coordinates": [
          [
            [
              76.76719917231615,
              16.310366058361947
            ],
            [
              76.76772919811361,
              16.310361622556204
            ],
            [
              76.76772494387474,
              16.309887616087195
            ],
            [
              76.76719491935123,
              16.309892051757053
            ],
            [
              76.76719917231615,
              16.310366058361947
            ]
          ]
        ]
      },
      "properties": {
        "id": 120,
        "area": "NRBC_D10_Survey_1",
        "canal": "Distributary",
        "type": "distributary",
        "chainage_m": 1785.0,
        "status": "moderate",
        "blockage_pct": 45,
        "struct_damage": "No",
        "lon": 76.7674621,
        "lat": 16.3101268,
        "image": "images/0120.jpg"
      }
    },
    {
      "type": "Feature",
      "geometry": {
        "type": "Polygon",
        "coordinates": [
          [
            [
              76.76745091649593,
              16.310567777375013
            ],
            [
              76.76798158521977,
              16.310563335506004
            ],
            [
              76.76797732753356,
              16.31008901889722
            ],
            [
              76.76744666008605,
              16.310093460630075
            ],
            [
              76.76745091649593,
              16.310567777375013
            ]
          ]
        ]
      },
      "properties": {
        "id": 121,
        "area": "NRBC_D10_Survey_1",
        "canal": "Distributary",
        "type": "distributary",
        "chainage_m": 1820.0,
        "status": "moderate",
        "blockage_pct": 53,
        "struct_damage": "No",
        "lon": 76.7677141,
        "lat": 16.3103284,
        "image": "images/0121.jpg"
      }
    },
    {
      "type": "Feature",
      "geometry": {
        "type": "Polygon",
        "coordinates": [
          [
            [
              76.76770332869697,
              16.310772282578665
            ],
            [
              76.76823142807284,
              16.310767861538295
            ],
            [
              76.76822714466373,
              16.31029075308077
            ],
            [
              76.7676990465655,
              16.310295173984827
            ],
            [
              76.76770332869697,
              16.310772282578665
            ]
          ]
        ]
      },
      "properties": {
        "id": 122,
        "area": "NRBC_D10_Survey_1",
        "canal": "Distributary",
        "type": "distributary",
        "chainage_m": 1855.0,
        "status": "moderate",
        "blockage_pct": 38,
        "struct_damage": "No",
        "lon": 76.7679652,
        "lat": 16.3105315,
        "image": "images/0122.jpg"
      }
    },
    {
      "type": "Feature",
      "geometry": {
        "type": "Polygon",
        "coordinates": [
          [
            [
              76.7679528262817,
              16.31093834245301
            ],
            [
              76.76850533939779,
              16.310933716303467
            ],
            [
              76.76850140067765,
              16.31049507440039
            ],
            [
              76.76794888879053,
              16.310499700418802
            ],
            [
              76.7679528262817,
              16.31093834245301
            ]
          ]
        ]
      },
      "properties": {
        "id": 123,
        "area": "NRBC_D10_Survey_1",
        "canal": "Distributary",
        "type": "distributary",
        "chainage_m": 1890.0,
        "status": "partial",
        "blockage_pct": 17,
        "struct_damage": "No",
        "lon": 76.7682271,
        "lat": 16.3107167,
        "image": "images/0123.jpg"
      }
    },
    {
      "type": "Feature",
      "geometry": {
        "type": "Polygon",
        "coordinates": [
          [
            [
              76.76822611936034,
              16.31103533016972
            ],
            [
              76.76881718009992,
              16.311030380418433
            ],
            [
              76.76881385915034,
              16.31066060598171
            ],
            [
              76.76822279951908,
              16.310665555614715
            ],
            [
              76.76822611936034,
              16.31103533016972
            ]
          ]
        ]
      },
      "properties": {
        "id": 124,
        "area": "NRBC_D10_Survey_1",
        "canal": "Distributary",
        "type": "distributary",
        "chainage_m": 1925.0,
        "status": "partial",
        "blockage_pct": 10,
        "struct_damage": "No",
        "lon": 76.76852,
        "lat": 16.310848,
        "image": "images/0124.jpg"
      }
    },
    {
      "type": "Feature",
      "geometry": {
        "type": "Polygon",
        "coordinates": [
          [
            [
              76.76853824793614,
              16.31112826944198
            ],
            [
              76.76913027254065,
              16.311123310716916
            ],
            [
              76.76912697606201,
              16.310756328266834
            ],
            [
              76.76853495255924,
              16.310761286874296
            ],
            [
              76.76853824793614,
              16.31112826944198
            ]
          ]
        ]
      },
      "properties": {
        "id": 125,
        "area": "NRBC_D10_Survey_1",
        "canal": "Distributary",
        "type": "distributary",
        "chainage_m": 1960.0,
        "status": "partial",
        "blockage_pct": 25,
        "struct_damage": "No",
        "lon": 76.7688326,
        "lat": 16.3109423,
        "image": "images/0125.jpg"
      }
    },
    {
      "type": "Feature",
      "geometry": {
        "type": "Polygon",
        "coordinates": [
          [
            [
              76.76885098857277,
              16.31121779049386
            ],
            [
              76.76944429826112,
              16.311212820099847
            ],
            [
              76.76944104019667,
              16.310850180702232
            ],
            [
              76.76884773159938,
              16.31085515097977
            ],
            [
              76.76885098857277,
              16.31121779049386
            ]
          ]
        ]
      },
      "properties": {
        "id": 126,
        "area": "NRBC_D10_Survey_1",
        "canal": "Distributary",
        "type": "distributary",
        "chainage_m": 1995.0,
        "status": "partial",
        "blockage_pct": 16,
        "struct_damage": "No",
        "lon": 76.769146,
        "lat": 16.311034,
        "image": "images/0126.jpg"
      }
    },
    {
      "type": "Feature",
      "geometry": {
        "type": "Polygon",
        "coordinates": [
          [
            [
              76.76916409526494,
              16.311312271776643
            ],
            [
              76.76975708390822,
              16.311307303167272
            ],
            [
              76.76975381131044,
              16.31094311276794
            ],
            [
              76.76916082376232,
              16.310948081260374
            ],
            [
              76.76916409526494,
              16.311312271776643
            ]
          ]
        ]
      },
      "properties": {
        "id": 127,
        "area": "NRBC_D10_Survey_1",
        "canal": "Distributary",
        "type": "distributary",
        "chainage_m": 2030.0,
        "status": "partial",
        "blockage_pct": 24,
        "struct_damage": "No",
        "lon": 76.769459,
        "lat": 16.3111277,
        "image": "images/0127.jpg"
      }
    },
    {
      "type": "Feature",
      "geometry": {
        "type": "Polygon",
        "coordinates": [
          [
            [
              76.76947720500068,
              16.311407062777892
            ],
            [
              76.77006955137058,
              16.311402098646532
            ],
            [
              76.77006625865887,
              16.311035736819523
            ],
            [
              76.76947391338945,
              16.311040700833356
            ],
            [
              76.76947720500068,
              16.311407062777892
            ]
          ]
        ]
      },
      "properties": {
        "id": 128,
        "area": "NRBC_D10_Survey_1",
        "canal": "Distributary",
        "type": "distributary",
        "chainage_m": 2065.0,
        "status": "partial",
        "blockage_pct": 25,
        "struct_damage": "No",
        "lon": 76.7697717,
        "lat": 16.3112214,
        "image": "images/0128.jpg"
      }
    },
    {
      "type": "Feature",
      "geometry": {
        "type": "Polygon",
        "coordinates": [
          [
            [
              76.76979027875392,
              16.311497820511654
            ],
            [
              76.77037363088162,
              16.31149293087899
            ],
            [
              76.7703703598933,
              16.31112905082103
            ],
            [
              76.76978700884204,
              16.311133940338717
            ],
            [
              76.76979027875392,
              16.311497820511654
            ]
          ]
        ]
      },
      "properties": {
        "id": 129,
        "area": "NRBC_D10_Survey_1",
        "canal": "Distributary",
        "type": "distributary",
        "chainage_m": 2100.0,
        "status": "moderate",
        "blockage_pct": 36,
        "struct_damage": "No",
        "lon": 76.7700803,
        "lat": 16.3113134,
        "image": "images/0129.jpg"
      }
    },
    {
      "type": "Feature",
      "geometry": {
        "type": "Polygon",
        "coordinates": [
          [
            [
              76.77010273817463,
              16.31159168526917
            ],
            [
              76.77069926087809,
              16.311586684313948
            ],
            [
              76.77069599484659,
              16.311223424749752
            ],
            [
              76.77009947324203,
              16.311228425587583
            ],
            [
              76.77010273817463,
              16.31159168526917
            ]
          ]
        ]
      },
      "properties": {
        "id": 130,
        "area": "NRBC_D10_Survey_1",
        "canal": "Distributary",
        "type": "distributary",
        "chainage_m": 2135.0,
        "status": "moderate",
        "blockage_pct": 35,
        "struct_damage": "No",
        "lon": 76.7703994,
        "lat": 16.3114076,
        "image": "images/0130.jpg"
      }
    },
    {
      "type": "Feature",
      "geometry": {
        "type": "Polygon",
        "coordinates": [
          [
            [
              76.77042004417734,
              16.311688611269528
            ],
            [
              76.7710095000272,
              16.31168366865685
            ],
            [
              76.77100618598054,
              16.31131513553494
            ],
            [
              76.7704167312323,
              16.311320078029908
            ],
            [
              76.77042004417734,
              16.311688611269528
            ]
          ]
        ]
      },
      "properties": {
        "id": 131,
        "area": "NRBC_D10_Survey_1",
        "canal": "Distributary",
        "type": "distributary",
        "chainage_m": 2170.0,
        "status": "partial",
        "blockage_pct": 26,
        "struct_damage": "No",
        "lon": 76.7707131,
        "lat": 16.3115019,
        "image": "images/0131.jpg"
      }
    },
    {
      "type": "Feature",
      "geometry": {
        "type": "Polygon",
        "coordinates": [
          [
            [
              76.77072774145424,
              16.311788719699226
            ],
            [
              76.7713184824228,
              16.311783765420653
            ],
            [
              76.77131514266601,
              16.311412440446897
            ],
            [
              76.77072440280986,
              16.311417394606586
            ],
            [
              76.77072774145424,
              16.311788719699226
            ]
          ]
        ]
      },
      "properties": {
        "id": 132,
        "area": "NRBC_D10_Survey_1",
        "canal": "Distributary",
        "type": "distributary",
        "chainage_m": 2205.0,
        "status": "partial",
        "blockage_pct": 18,
        "struct_damage": "Yes",
        "lon": 76.7710214,
        "lat": 16.3116006,
        "image": "images/0132.jpg"
      }
    },
    {
      "type": "Feature",
      "geometry": {
        "type": "Polygon",
        "coordinates": [
          [
            [
              76.77104031324092,
              16.311894991498917
            ],
            [
              76.77162430860803,
              16.311890092908676
            ],
            [
              76.77162086500076,
              16.311507290120698
            ],
            [
              76.77103687076733,
              16.311512188589766
            ],
            [
              76.77104031324092,
              16.311894991498917
            ]
          ]
        ]
      },
      "properties": {
        "id": 133,
        "area": "NRBC_D10_Survey_1",
        "canal": "Distributary",
        "type": "distributary",
        "chainage_m": 2240.0,
        "status": "partial",
        "blockage_pct": 24,
        "struct_damage": "Yes",
        "lon": 76.7713306,
        "lat": 16.3117011,
        "image": "images/0133.jpg"
      }
    },
    {
      "type": "Feature",
      "geometry": {
        "type": "Polygon",
        "coordinates": [
          [
            [
              76.77134570316166,
              16.31205995772604
            ],
            [
              76.77190367931219,
              16.312055276571495
            ],
            [
              76.77189973832142,
              16.311617255949383
            ],
            [
              76.77134176341033,
              16.31162193697143
            ],
            [
              76.77134570316166,
              16.31205995772604
            ]
          ]
        ]
      },
      "properties": {
        "id": 134,
        "area": "NRBC_D10_Survey_1",
        "canal": "Distributary",
        "type": "distributary",
        "chainage_m": 2275.0,
        "status": "partial",
        "blockage_pct": 15,
        "struct_damage": "Yes",
        "lon": 76.7716227,
        "lat": 16.3118386,
        "image": "images/0134.jpg"
      }
    },
    {
      "type": "Feature",
      "geometry": {
        "type": "Polygon",
        "coordinates": [
          [
            [
              76.7716234984745,
              16.312228567571708
            ],
            [
              76.7721808325585,
              16.312223891028047
            ],
            [
              76.772176882534,
              16.311784939840262
            ],
            [
              76.77161954969064,
              16.31178961625127
            ],
            [
              76.7716234984745,
              16.312228567571708
            ]
          ]
        ]
      },
      "properties": {
        "id": 135,
        "area": "NRBC_D10_Survey_1",
        "canal": "Distributary",
        "type": "distributary",
        "chainage_m": 2310.0,
        "status": "partial",
        "blockage_pct": 24,
        "struct_damage": "No",
        "lon": 76.7719002,
        "lat": 16.3120068,
        "image": "images/0135.jpg"
      }
    },
    {
      "type": "Feature",
      "geometry": {
        "type": "Polygon",
        "coordinates": [
          [
            [
              76.77190097300962,
              16.312397179697744
            ],
            [
              76.77245766502632,
              16.312392507767594
            ],
            [
              76.77245370875794,
              16.311952936227186
            ],
            [
              76.77189701798225,
              16.31195760802463
            ],
            [
              76.77190097300962,
              16.312397179697744
            ]
          ]
        ]
      },
      "properties": {
        "id": 136,
        "area": "NRBC_D10_Survey_1",
        "canal": "Distributary",
        "type": "distributary",
        "chainage_m": 2345.0,
        "status": "partial",
        "blockage_pct": 26,
        "struct_damage": "No",
        "lon": 76.7721773,
        "lat": 16.3121751,
        "image": "images/0136.jpg"
      }
    },
    {
      "type": "Feature",
      "geometry": {
        "type": "Polygon",
        "coordinates": [
          [
            [
              76.77217877201907,
              16.31256609892653
            ],
            [
              76.77273482196829,
              16.31256143161073
            ],
            [
              76.77273085386851,
              16.312120619292497
            ],
            [
              76.77217480516236,
              16.312125286475347
            ],
            [
              76.77217877201907,
              16.31256609892653
            ]
          ]
        ]
      },
      "properties": {
        "id": 137,
        "area": "NRBC_D10_Survey_1",
        "canal": "Distributary",
        "type": "distributary",
        "chainage_m": 2380.0,
        "status": "moderate",
        "blockage_pct": 42,
        "struct_damage": "No",
        "lon": 76.7724548,
        "lat": 16.3123434,
        "image": "images/0137.jpg"
      }
    },
    {
      "type": "Feature",
      "geometry": {
        "type": "Polygon",
        "coordinates": [
          [
            [
              76.7724562921329,
              16.31273967362824
            ],
            [
              76.77301683971741,
              16.312734967773014
            ],
            [
              76.77301282066975,
              16.312288571700865
            ],
            [
              76.77245227435427,
              16.312293277420345
            ],
            [
              76.7724562921329,
              16.31273967362824
            ]
          ]
        ]
      },
      "properties": {
        "id": 138,
        "area": "NRBC_D10_Survey_1",
        "canal": "Distributary",
        "type": "distributary",
        "chainage_m": 2415.0,
        "status": "moderate",
        "blockage_pct": 38,
        "struct_damage": "No",
        "lon": 76.7727346,
        "lat": 16.3125141,
        "image": "images/0138.jpg"
      }
    },
    {
      "type": "Feature",
      "geometry": {
        "type": "Polygon",
        "coordinates": [
          [
            [
              76.77273303062324,
              16.31289774267096
            ],
            [
              76.77328201426212,
              16.312893133151675
            ],
            [
              76.77327808954627,
              16.312457284380795
            ],
            [
              76.77272910712088,
              16.31246189377026
            ],
            [
              76.77273303062324,
              16.31289774267096
            ]
          ]
        ]
      },
      "properties": {
        "id": 139,
        "area": "NRBC_D10_Survey_1",
        "canal": "Distributary",
        "type": "distributary",
        "chainage_m": 2450.0,
        "status": "partial",
        "blockage_pct": 30,
        "struct_damage": "No",
        "lon": 76.7730056,
        "lat": 16.3126775,
        "image": "images/0139.jpg"
      }
    },
    {
      "type": "Feature",
      "geometry": {
        "type": "Polygon",
        "coordinates": [
          [
            [
              76.77301033096566,
              16.313082486898193
            ],
            [
              76.77355899380558,
              16.313077879305556
            ],
            [
              76.77355492315144,
              16.312625899552526
            ],
            [
              76.7730062615692,
              16.312630507010592
            ],
            [
              76.77301033096566,
              16.313082486898193
            ]
          ]
        ]
      },
      "properties": {
        "id": 140,
        "area": "NRBC_D10_Survey_1",
        "canal": "Distributary",
        "type": "distributary",
        "chainage_m": 2485.0,
        "status": "moderate",
        "blockage_pct": 37,
        "struct_damage": "No",
        "lon": 76.7732826,
        "lat": 16.3128542,
        "image": "images/0140.jpg"
      }
    },
    {
      "type": "Feature",
      "geometry": {
        "type": "Polygon",
        "coordinates": [
          [
            [
              76.77328712899897,
              16.313247069583415
            ],
            [
              76.77383900452816,
              16.31324243424142
            ],
            [
              76.77383497230821,
              16.312794797539937
            ],
            [
              76.77328309803192,
              16.31279943274785
            ],
            [
              76.77328712899897,
              16.313247069583415
            ]
          ]
        ]
      },
      "properties": {
        "id": 141,
        "area": "NRBC_D10_Survey_1",
        "canal": "Distributary",
        "type": "distributary",
        "chainage_m": 2520.0,
        "status": "moderate",
        "blockage_pct": 40,
        "struct_damage": "No",
        "lon": 76.7735611,
        "lat": 16.3130209,
        "image": "images/0141.jpg"
      }
    },
    {
      "type": "Feature",
      "geometry": {
        "type": "Polygon",
        "coordinates": [
          [
            [
              76.7735642459091,
              16.31341133894681
            ],
            [
              76.77411869166785,
              16.313406681243652
            ],
            [
              76.77411469789608,
              16.31296338759217
            ],
            [
              76.77356025338388,
              16.312968045161902
            ],
            [
              76.7735642459091,
              16.31341133894681
            ]
          ]
        ]
      },
      "properties": {
        "id": 142,
        "area": "NRBC_D10_Survey_1",
        "canal": "Distributary",
        "type": "distributary",
        "chainage_m": 2555.0,
        "status": "moderate",
        "blockage_pct": 42,
        "struct_damage": "No",
        "lon": 76.7738395,
        "lat": 16.3131874,
        "image": "images/0142.jpg"
      }
    },
    {
      "type": "Feature",
      "geometry": {
        "type": "Polygon",
        "coordinates": [
          [
            [
              76.77384104202599,
              16.313575610596867
            ],
            [
              76.77439837924967,
              16.31357092782676
            ],
            [
              76.77439442393926,
              16.31313197722382
            ],
            [
              76.77383708795635,
              16.31313665986111
            ],
            [
              76.77384104202599,
              16.313575610596867
            ]
          ]
        ]
      },
      "properties": {
        "id": 143,
        "area": "NRBC_D10_Survey_1",
        "canal": "Distributary",
        "type": "distributary",
        "chainage_m": 2590.0,
        "status": "moderate",
        "blockage_pct": 33,
        "struct_damage": "No",
        "lon": 76.7741177,
        "lat": 16.3133538,
        "image": "images/0143.jpg"
      }
    },
    {
      "type": "Feature",
      "geometry": {
        "type": "Polygon",
        "coordinates": [
          [
            [
              76.77411972684502,
              16.31373552266706
            ],
            [
              76.77468124045255,
              16.31373080401858
            ],
            [
              76.77467734038497,
              16.31329805773768
            ],
            [
              76.77411582800983,
              16.31330277625422
            ],
            [
              76.77411972684502,
              16.31373552266706
            ]
          ]
        ]
      },
      "properties": {
        "id": 144,
        "area": "NRBC_D10_Survey_1",
        "canal": "Distributary",
        "type": "distributary",
        "chainage_m": 2625.0,
        "status": "moderate",
        "blockage_pct": 42,
        "struct_damage": "No",
        "lon": 76.7743985,
        "lat": 16.3135168,
        "image": "images/0144.jpg"
      }
    },
    {
      "type": "Feature",
      "geometry": {
        "type": "Polygon",
        "coordinates": [
          [
            [
              76.77439980044991,
              16.31390690138402
            ],
            [
              76.7749564959772,
              16.3139022224478
            ],
            [
              76.77495253094973,
              16.31346234135481
            ],
            [
              76.77439583666444,
              16.31346702015804
            ],
            [
              76.77439980044991,
              16.31390690138402
            ]
          ]
        ]
      },
      "properties": {
        "id": 145,
        "area": "NRBC_D10_Survey_1",
        "canal": "Distributary",
        "type": "distributary",
        "chainage_m": 2660.0,
        "status": "moderate",
        "blockage_pct": 43,
        "struct_damage": "No",
        "lon": 76.7746762,
        "lat": 16.3136846,
        "image": "images/0145.jpg"
      }
    },
    {
      "type": "Feature",
      "geometry": {
        "type": "Polygon",
        "coordinates": [
          [
            [
              76.7746779191653,
              16.31407519375442
            ],
            [
              76.77523365138667,
              16.31407052214061
            ],
            [
              76.77522967451053,
              16.31362940027178
            ],
            [
              76.77467394353252,
              16.313634071752436
            ],
            [
              76.7746779191653,
              16.31407519375442
            ]
          ]
        ]
      },
      "properties": {
        "id": 146,
        "area": "NRBC_D10_Survey_1",
        "canal": "Distributary",
        "type": "distributary",
        "chainage_m": 2695.0,
        "status": "moderate",
        "blockage_pct": 41,
        "struct_damage": "No",
        "lon": 76.7749538,
        "lat": 16.3138523,
        "image": "images/0146.jpg"
      }
    },
    {
      "type": "Feature",
      "geometry": {
        "type": "Polygon",
        "coordinates": [
          [
            [
              76.7749550578566,
              16.314241632536042
            ],
            [
              76.77551143292911,
              16.314236954744295
            ],
            [
              76.77550747217067,
              16.313797694222497
            ],
            [
              76.77495109833772,
              16.313802371881476
            ],
            [
              76.7749550578566,
              16.314241632536042
            ]
          ]
        ]
      },
      "properties": {
        "id": 147,
        "area": "NRBC_D10_Survey_1",
        "canal": "Distributary",
        "type": "distributary",
        "chainage_m": 2730.0,
        "status": "moderate",
        "blockage_pct": 42,
        "struct_damage": "No",
        "lon": 76.7752313,
        "lat": 16.3140197,
        "image": "images/0147.jpg"
      }
    },
    {
      "type": "Feature",
      "geometry": {
        "type": "Polygon",
        "coordinates": [
          [
            [
              76.77523348472184,
              16.314408370313902
            ],
            [
              76.77578953894816,
              16.31440369444396
            ],
            [
              76.77578557472921,
              16.313964123783382
            ],
            [
              76.77522952174262,
              16.313968799520516
            ],
            [
              76.77523348472184,
              16.314408370313902
            ]
          ]
        ]
      },
      "properties": {
        "id": 148,
        "area": "NRBC_D10_Survey_1",
        "canal": "Distributary",
        "type": "distributary",
        "chainage_m": 2765.0,
        "status": "partial",
        "blockage_pct": 30,
        "struct_damage": "No",
        "lon": 76.7755095,
        "lat": 16.3141862,
        "image": "images/0148.jpg"
      }
    },
    {
      "type": "Feature",
      "geometry": {
        "type": "Polygon",
        "coordinates": [
          [
            [
              76.77551236798762,
              16.314625672266466
            ],
            [
              76.7760176678971,
              16.314621422533065
            ],
            [
              76.77601324704492,
              16.314131287356673
            ],
            [
              76.77550794839162,
              16.314135536955494
            ],
            [
              76.77551236798762,
              16.314625672266466
            ]
          ]
        ]
      },
      "properties": {
        "id": 149,
        "area": "NRBC_D10_Survey_1",
        "canal": "Distributary",
        "type": "distributary",
        "chainage_m": 2800.0,
        "status": "partial",
        "blockage_pct": 29,
        "struct_damage": "No",
        "lon": 76.7757628,
        "lat": 16.3143785,
        "image": "images/0149.jpg"
      }
    },
    {
      "type": "Feature",
      "geometry": {
        "type": "Polygon",
        "coordinates": [
          [
            [
              76.77573999206074,
              16.31489428355648
            ],
            [
              76.77619004041573,
              16.31489049802428
            ],
            [
              76.77618516014051,
              16.314349488120573
            ],
            [
              76.77573511302052,
              16.314353273520446
            ],
            [
              76.77573999206074,
              16.31489428355648
            ]
          ]
        ]
      },
      "properties": {
        "id": 150,
        "area": "NRBC_D10_Survey_1",
        "canal": "Distributary",
        "type": "distributary",
        "chainage_m": 2835.0,
        "status": "moderate",
        "blockage_pct": 36,
        "struct_damage": "Yes",
        "lon": 76.7759626,
        "lat": 16.3146219,
        "image": "images/0150.jpg"
      }
    },
    {
      "type": "Feature",
      "geometry": {
        "type": "Polygon",
        "coordinates": [
          [
            [
              76.77591777232011,
              16.315157419317494
            ],
            [
              76.77637167604097,
              16.315153600915014
            ],
            [
              76.7763668175726,
              16.31461507277481
            ],
            [
              76.77591291509161,
              16.31461889104444
            ],
            [
              76.77591777232011,
              16.315157419317494
            ]
          ]
        ]
      },
      "properties": {
        "id": 151,
        "area": "NRBC_D10_Survey_1",
        "canal": "Distributary",
        "type": "distributary",
        "chainage_m": 2870.0,
        "status": "partial",
        "blockage_pct": 27,
        "struct_damage": "No",
        "lon": 76.7761423,
        "lat": 16.3148862,
        "image": "images/0151.jpg"
      }
    },
    {
      "type": "Feature",
      "geometry": {
        "type": "Polygon",
        "coordinates": [
          [
            [
              76.77609555307632,
              16.315420554875576
            ],
            [
              76.77655363340702,
              16.31541670089222
            ],
            [
              76.77654879954888,
              16.314880964727042
            ],
            [
              76.77609072046299,
              16.314884818577
            ],
            [
              76.77609555307632,
              16.315420554875576
            ]
          ]
        ]
      },
      "properties": {
        "id": 152,
        "area": "NRBC_D10_Survey_1",
        "canal": "Distributary",
        "type": "distributary",
        "chainage_m": 2905.0,
        "status": "partial",
        "blockage_pct": 27,
        "struct_damage": "No",
        "lon": 76.7763222,
        "lat": 16.3151508,
        "image": "images/0152.jpg"
      }
    },
    {
      "type": "Feature",
      "geometry": {
        "type": "Polygon",
        "coordinates": [
          [
            [
              76.77627588741662,
              16.315681807337434
            ],
            [
              76.77673846559723,
              16.315677915056504
            ],
            [
              76.77673365354886,
              16.315144660654408
            ],
            [
              76.77627107661947,
              16.315148552801247
            ],
            [
              76.77627588741662,
              16.315681807337434
            ]
          ]
        ]
      },
      "properties": {
        "id": 153,
        "area": "NRBC_D10_Survey_1",
        "canal": "Distributary",
        "type": "distributary",
        "chainage_m": 2940.0,
        "status": "partial",
        "blockage_pct": 24,
        "struct_damage": "No",
        "lon": 76.7765048,
        "lat": 16.3154132,
        "image": "images/0153.jpg"
      }
    },
    {
      "type": "Feature",
      "geometry": {
        "type": "Polygon",
        "coordinates": [
          [
            [
              76.77645753518719,
              16.315946150900178
            ],
            [
              76.77691850776691,
              16.315942271678335
            ],
            [
              76.77691368395031,
              16.315407776494027
            ],
            [
              76.7764527126204,
              16.31541165558191
            ],
            [
              76.77645753518719,
              16.315946150900178
            ]
          ]
        ]
      },
      "properties": {
        "id": 154,
        "area": "NRBC_D10_Survey_1",
        "canal": "Distributary",
        "type": "distributary",
        "chainage_m": 2975.0,
        "status": "partial",
        "blockage_pct": 22,
        "struct_damage": "No",
        "lon": 76.7766856,
        "lat": 16.315677,
        "image": "images/0154.jpg"
      }
    },
    {
      "type": "Feature",
      "geometry": {
        "type": "Polygon",
        "coordinates": [
          [
            [
              76.77663950190322,
              16.316210181336842
            ],
            [
              76.77709822640604,
              16.316206320584552
            ],
            [
              76.77709339361947,
              16.31567089483013
            ],
            [
              76.77663467036254,
              16.315674755448878
            ],
            [
              76.77663950190322,
              16.316210181336842
            ]
          ]
        ]
      },
      "properties": {
        "id": 155,
        "area": "NRBC_D10_Survey_1",
        "canal": "Distributary",
        "type": "distributary",
        "chainage_m": 3010.0,
        "status": "partial",
        "blockage_pct": 28,
        "struct_damage": "No",
        "lon": 76.7768664,
        "lat": 16.3159405,
        "image": "images/0155.jpg"
      }
    },
    {
      "type": "Feature",
      "geometry": {
        "type": "Polygon",
        "coordinates": [
          [
            [
              76.77682050262055,
              16.316473909460896
            ],
            [
              76.77727922769245,
              16.31647004825483
            ],
            [
              76.77727439153105,
              16.315934312354663
            ],
            [
              76.7768156677058,
              16.31593817342709
            ],
            [
              76.77682050262055,
              16.316473909460896
            ]
          ]
        ]
      },
      "properties": {
        "id": 156,
        "area": "NRBC_D10_Survey_1",
        "canal": "Distributary",
        "type": "distributary",
        "chainage_m": 3045.0,
        "status": "partial",
        "blockage_pct": 22,
        "struct_damage": "No",
        "lon": 76.7770474,
        "lat": 16.3162041,
        "image": "images/0156.jpg"
      }
    },
    {
      "type": "Feature",
      "geometry": {
        "type": "Polygon",
        "coordinates": [
          [
            [
              76.77700055133457,
              16.316738886334807
            ],
            [
              76.77745799203308,
              16.3167350354951
            ],
            [
              76.77745314970127,
              16.316198679236834
            ],
            [
              76.77699571024738,
              16.316202529943105
            ],
            [
              76.77700055133457,
              16.316738886334807
            ]
          ]
        ]
      },
      "properties": {
        "id": 157,
        "area": "NRBC_D10_Survey_1",
        "canal": "Distributary",
        "type": "distributary",
        "chainage_m": 3080.0,
        "status": "partial",
        "blockage_pct": 26,
        "struct_damage": "No",
        "lon": 76.7772269,
        "lat": 16.3164688,
        "image": "images/0157.jpg"
      }
    },
    {
      "type": "Feature",
      "geometry": {
        "type": "Polygon",
        "coordinates": [
          [
            [
              76.7771803325242,
              16.31700975973049
            ],
            [
              76.77762749422905,
              16.317005994996013
            ],
            [
              76.77762259253146,
              16.316463124353117
            ],
            [
              76.77717543205803,
              16.31646688895556
            ],
            [
              76.7771803325242,
              16.31700975973049
            ]
          ]
        ]
      },
      "properties": {
        "id": 158,
        "area": "NRBC_D10_Survey_1",
        "canal": "Distributary",
        "type": "distributary",
        "chainage_m": 3115.0,
        "status": "partial",
        "blockage_pct": 17,
        "struct_damage": "No",
        "lon": 76.7774015,
        "lat": 16.3167364,
        "image": "images/0158.jpg"
      }
    },
    {
      "type": "Feature",
      "geometry": {
        "type": "Polygon",
        "coordinates": [
          [
            [
              76.77735939894059,
              16.31727257281911
            ],
            [
              76.7778097735707,
              16.317268780594496
            ],
            [
              76.77780488809478,
              16.316727771289578
            ],
            [
              76.77735451470073,
              16.31673156338166
            ],
            [
              76.77735939894059,
              16.31727257281911
            ]
          ]
        ]
      },
      "properties": {
        "id": 159,
        "area": "NRBC_D10_Survey_1",
        "canal": "Distributary",
        "type": "distributary",
        "chainage_m": 3150.0,
        "status": "partial",
        "blockage_pct": 19,
        "struct_damage": "No",
        "lon": 76.7775821,
        "lat": 16.3170002,
        "image": "images/0159.jpg"
      }
    },
    {
      "type": "Feature",
      "geometry": {
        "type": "Polygon",
        "coordinates": [
          [
            [
              76.77753846305545,
              16.317535075490518
            ],
            [
              76.77799205061804,
              16.317531255769477
            ],
            [
              76.77798718697112,
              16.316992728225536
            ],
            [
              76.7775336006477,
              16.316996547813684
            ],
            [
              76.77753846305545,
              16.317535075490518
            ]
          ]
        ]
      },
      "properties": {
        "id": 160,
        "area": "NRBC_D10_Survey_1",
        "canal": "Distributary",
        "type": "distributary",
        "chainage_m": 3185.0,
        "status": "partial",
        "blockage_pct": 15,
        "struct_damage": "No",
        "lon": 76.7777628,
        "lat": 16.3172639,
        "image": "images/0160.jpg"
      }
    },
    {
      "type": "Feature",
      "geometry": {
        "type": "Polygon",
        "coordinates": [
          [
            [
              76.77771720923234,
              16.317797890873464
            ],
            [
              76.77817465221216,
              16.317794038238574
            ],
            [
              76.77816980479474,
              16.317257372031712
            ],
            [
              76.77771236306032,
              16.317261224533045
            ],
            [
              76.77771720923234,
              16.317797890873464
            ]
          ]
        ]
      },
      "properties": {
        "id": 161,
        "area": "NRBC_D10_Survey_1",
        "canal": "Distributary",
        "type": "distributary",
        "chainage_m": 3220.0,
        "status": "partial",
        "blockage_pct": 13,
        "struct_damage": "No",
        "lon": 76.7779435,
        "lat": 16.3175276,
        "image": "images/0161.jpg"
      }
    },
    {
      "type": "Feature",
      "geometry": {
        "type": "Polygon",
        "coordinates": [
          [
            [
              76.77789692522664,
              16.318061318358613
            ],
            [
              76.77835597496562,
              16.31805745174316
            ],
            [
              76.77835113818047,
              16.317522026449303
            ],
            [
              76.77789208968841,
              16.31752589293101
            ],
            [
              76.77789692522664,
              16.318061318358613
            ]
          ]
        ]
      },
      "properties": {
        "id": 162,
        "area": "NRBC_D10_Survey_1",
        "canal": "Distributary",
        "type": "distributary",
        "chainage_m": 3255.0,
        "status": "partial",
        "blockage_pct": 18,
        "struct_damage": "No",
        "lon": 76.778124,
        "lat": 16.3177917,
        "image": "images/0162.jpg"
      }
    },
    {
      "type": "Feature",
      "geometry": {
        "type": "Polygon",
        "coordinates": [
          [
            [
              76.77807919202063,
              16.31832255250888
            ],
            [
              76.77854016975579,
              16.318318669198153
            ],
            [
              76.77853534640103,
              16.317784795029315
            ],
            [
              76.77807436991444,
              16.317788678206117
            ],
            [
              76.77807919202063,
              16.31832255250888
            ]
          ]
        ]
      },
      "properties": {
        "id": 163,
        "area": "NRBC_D10_Survey_1",
        "canal": "Distributary",
        "type": "distributary",
        "chainage_m": 3290.0,
        "status": "partial",
        "blockage_pct": 20,
        "struct_damage": "No",
        "lon": 76.7783073,
        "lat": 16.3180537,
        "image": "images/0163.jpg"
      }
    },
    {
      "type": "Feature",
      "geometry": {
        "type": "Polygon",
        "coordinates": [
          [
            [
              76.77826242583886,
              16.31858408854104
            ],
            [
              76.7787243678578,
              16.318580196649418
            ],
            [
              76.77871954672499,
              16.318046632758946
            ],
            [
              76.7782576059565,
              16.318050524516433
            ],
            [
              76.77826242583886,
              16.31858408854104
            ]
          ]
        ]
      },
      "properties": {
        "id": 164,
        "area": "NRBC_D10_Survey_1",
        "canal": "Distributary",
        "type": "distributary",
        "chainage_m": 3325.0,
        "status": "moderate",
        "blockage_pct": 35,
        "struct_damage": "No",
        "lon": 76.778491,
        "lat": 16.3183154,
        "image": "images/0164.jpg"
      }
    },
    {
      "type": "Feature",
      "geometry": {
        "type": "Polygon",
        "coordinates": [
          [
            [
              76.77844660426473,
              16.31884344475931
            ],
            [
              76.7789124017207,
              16.318839519919038
            ],
            [
              76.77890759962042,
              16.318308127577072
            ],
            [
              76.77844180342024,
              16.31831205228262
            ],
            [
              76.77844660426473,
              16.31884344475931
            ]
          ]
        ]
      },
      "properties": {
        "id": 165,
        "area": "NRBC_D10_Survey_1",
        "canal": "Distributary",
        "type": "distributary",
        "chainage_m": 3360.0,
        "status": "moderate",
        "blockage_pct": 39,
        "struct_damage": "No",
        "lon": 76.7786771,
        "lat": 16.3185758,
        "image": "images/0165.jpg"
      }
    },
    {
      "type": "Feature",
      "geometry": {
        "type": "Polygon",
        "coordinates": [
          [
            [
              76.77862987273187,
              16.319108702902593
            ],
            [
              76.77909053092908,
              16.31910482091541
            ],
            [
              76.77908570303326,
              16.31857063673492
            ],
            [
              76.77862504608451,
              16.31857451858815
            ],
            [
              76.77862987273187,
              16.319108702902593
            ]
          ]
        ]
      },
      "properties": {
        "id": 166,
        "area": "NRBC_D10_Survey_1",
        "canal": "Distributary",
        "type": "distributary",
        "chainage_m": 3395.0,
        "status": "partial",
        "blockage_pct": 25,
        "struct_damage": "No",
        "lon": 76.7788578,
        "lat": 16.3188397,
        "image": "images/0166.jpg"
      }
    },
    {
      "type": "Feature",
      "geometry": {
        "type": "Polygon",
        "coordinates": [
          [
            [
              76.77881284009703,
              16.319376135019212
            ],
            [
              76.77926514662389,
              16.319372322973063
            ],
            [
              76.77926027050404,
              16.318832865262152
            ],
            [
              76.77880796521515,
              16.31883667717546
            ],
            [
              76.77881284009703,
              16.319376135019212
            ]
          ]
        ]
      },
      "properties": {
        "id": 167,
        "area": "NRBC_D10_Survey_1",
        "canal": "Distributary",
        "type": "distributary",
        "chainage_m": 3430.0,
        "status": "partial",
        "blockage_pct": 22,
        "struct_damage": "No",
        "lon": 76.7790366,
        "lat": 16.3191045,
        "image": "images/0167.jpg"
      }
    },
    {
      "type": "Feature",
      "geometry": {
        "type": "Polygon",
        "coordinates": [
          [
            [
              76.77899062607258,
              16.31963895706764
            ],
            [
              76.77944743053033,
              16.31963510666792
            ],
            [
              76.77944257906653,
              16.3190984409268
            ],
            [
              76.77898577585262,
              16.319102291193044
            ],
            [
              76.77899062607258,
              16.31963895706764
            ]
          ]
        ]
      },
      "properties": {
        "id": 168,
        "area": "NRBC_D10_Survey_1",
        "canal": "Distributary",
        "type": "distributary",
        "chainage_m": 3465.0,
        "status": "partial",
        "blockage_pct": 15,
        "struct_damage": "No",
        "lon": 76.7792166,
        "lat": 16.3193687,
        "image": "images/0168.jpg"
      }
    },
    {
      "type": "Feature",
      "geometry": {
        "type": "Polygon",
        "coordinates": [
          [
            [
              76.77916969750957,
              16.31990176808227
            ],
            [
              76.77962971494426,
              16.31989789015092
            ],
            [
              76.77962487972874,
              16.319363085744765
            ],
            [
              76.77916486354232,
              16.319366963542155
            ],
            [
              76.77916969750957,
              16.31990176808227
            ]
          ]
        ]
      },
      "properties": {
        "id": 169,
        "area": "NRBC_D10_Survey_1",
        "canal": "Distributary",
        "type": "distributary",
        "chainage_m": 3500.0,
        "status": "partial",
        "blockage_pct": 22,
        "struct_damage": "Yes",
        "lon": 76.7793973,
        "lat": 16.3196324,
        "image": "images/0169.jpg"
      }
    },
    {
      "type": "Feature",
      "geometry": {
        "type": "Polygon",
        "coordinates": [
          [
            [
              76.77935223425118,
              16.320192470837455
            ],
            [
              76.77975025268465,
              16.3201891152165
            ],
            [
              76.7797451646153,
              16.31962639183853
            ],
            [
              76.77934714731825,
              16.319629747337522
            ],
            [
              76.77935223425118,
              16.320192470837455
            ]
          ]
        ]
      },
      "properties": {
        "id": 170,
        "area": "NRBC_D10_Survey_1",
        "canal": "Distributary",
        "type": "distributary",
        "chainage_m": 3535.0,
        "status": "partial",
        "blockage_pct": 16,
        "struct_damage": "No",
        "lon": 76.7795487,
        "lat": 16.3199094,
        "image": "images/0170.jpg"
      }
    },
    {
      "type": "Feature",
      "geometry": {
        "type": "Polygon",
        "coordinates": [
          [
            [
              76.77947292046612,
              16.32050013727943
            ],
            [
              76.77982403814565,
              16.320497176858723
            ],
            [
              76.77981880109878,
              16.31991801231922
            ],
            [
              76.77946768445106,
              16.319920972629177
            ],
            [
              76.77947292046612,
              16.32050013727943
            ]
          ]
        ]
      },
      "properties": {
        "id": 171,
        "area": "NRBC_D10_Survey_1",
        "canal": "Distributary",
        "type": "distributary",
        "chainage_m": 3570.0,
        "status": "partial",
        "blockage_pct": 20,
        "struct_damage": "Yes",
        "lon": 76.7796459,
        "lat": 16.3202091,
        "image": "images/0171.jpg"
      }
    },
    {
      "type": "Feature",
      "geometry": {
        "type": "Polygon",
        "coordinates": [
          [
            [
              76.7795467056714,
              16.320808199041434
            ],
            [
              76.77989750264356,
              16.32080524115271
            ],
            [
              76.77989226527623,
              16.320226076653274
            ],
            [
              76.77954146933494,
              16.32022903443135
            ],
            [
              76.7795467056714,
              16.320808199041434
            ]
          ]
        ]
      },
      "properties": {
        "id": 172,
        "area": "NRBC_D10_Survey_1",
        "canal": "Distributary",
        "type": "distributary",
        "chainage_m": 3605.0,
        "status": "moderate",
        "blockage_pct": 45,
        "struct_damage": "No",
        "lon": 76.7797195,
        "lat": 16.3205171,
        "image": "images/0172.jpg"
      }
    },
    {
      "type": "Feature",
      "geometry": {
        "type": "Polygon",
        "coordinates": [
          [
            [
              76.77962016710809,
              16.321115953243506
            ],
            [
              76.7799732133163,
              16.321112976214717
            ],
            [
              76.77996797842734,
              16.320534121967338
            ],
            [
              76.77961493325611,
              16.320537098884824
            ],
            [
              76.77962016710809,
              16.321115953243506
            ]
          ]
        ]
      },
      "properties": {
        "id": 173,
        "area": "NRBC_D10_Survey_1",
        "canal": "Distributary",
        "type": "distributary",
        "chainage_m": 3640.0,
        "status": "moderate",
        "blockage_pct": 53,
        "struct_damage": "No",
        "lon": 76.7797941,
        "lat": 16.320825,
        "image": "images/0173.jpg"
      }
    },
    {
      "type": "Feature",
      "geometry": {
        "type": "Polygon",
        "coordinates": [
          [
            [
              76.77969587752862,
              16.321423688427515
            ],
            [
              76.78004860303048,
              16.321420713926894
            ],
            [
              76.78004336781565,
              16.32084185972015
            ],
            [
              76.77969064334985,
              16.32084483410957
            ],
            [
              76.77969587752862,
              16.321423688427515
            ]
          ]
        ]
      },
      "properties": {
        "id": 174,
        "area": "NRBC_D10_Survey_1",
        "canal": "Distributary",
        "type": "distributary",
        "chainage_m": 3675.0,
        "status": "moderate",
        "blockage_pct": 48,
        "struct_damage": "No",
        "lon": 76.7798696,
        "lat": 16.3211328,
        "image": "images/0174.jpg"
      }
    },
    {
      "type": "Feature",
      "geometry": {
        "type": "Polygon",
        "coordinates": [
          [
            [
              76.77977190667308,
              16.321731110632214
            ],
            [
              76.78012591768741,
              16.321728125112344
            ],
            [
              76.7801206849469,
              16.32114958115809
            ],
            [
              76.77976667497184,
              16.3211525665664
            ],
            [
              76.77977190667308,
              16.321731110632214
            ]
          ]
        ]
      },
      "properties": {
        "id": 175,
        "area": "NRBC_D10_Survey_1",
        "canal": "Distributary",
        "type": "distributary",
        "chainage_m": 3710.0,
        "status": "moderate",
        "blockage_pct": 33,
        "struct_damage": "No",
        "lon": 76.7799463,
        "lat": 16.3214403,
        "image": "images/0175.jpg"
      }
    },
    {
      "type": "Feature",
      "geometry": {
        "type": "Polygon",
        "coordinates": [
          [
            [
              76.77984857298162,
              16.32203790693682
            ],
            [
              76.78020643946766,
              16.322034888718438
            ],
            [
              76.78020121199843,
              16.32145696522882
            ],
            [
              76.77984334656192,
              16.321459983334545
            ],
            [
              76.77984857298162,
              16.32203790693682
            ]
          ]
        ]
      },
      "properties": {
        "id": 176,
        "area": "NRBC_D10_Survey_1",
        "canal": "Distributary",
        "type": "distributary",
        "chainage_m": 3745.0,
        "status": "partial",
        "blockage_pct": 26,
        "struct_damage": "No",
        "lon": 76.7800249,
        "lat": 16.3217474,
        "image": "images/0176.jpg"
      }
    },
    {
      "type": "Feature",
      "geometry": {
        "type": "Polygon",
        "coordinates": [
          [
            [
              76.77992557204469,
              16.322345941317174
            ],
            [
              76.78028054787012,
              16.322342947301053
            ],
            [
              76.78027531446708,
              16.32176440342922
            ],
            [
              76.77992033968381,
              16.32176739733348
            ],
            [
              76.77992557204469,
              16.322345941317174
            ]
          ]
        ]
      },
      "properties": {
        "id": 177,
        "area": "NRBC_D10_Survey_1",
        "canal": "Distributary",
        "type": "distributary",
        "chainage_m": 3780.0,
        "status": "partial",
        "blockage_pct": 29,
        "struct_damage": "No",
        "lon": 76.7801004,
        "lat": 16.3220552,
        "image": "images/0177.jpg"
      }
    },
    {
      "type": "Feature",
      "geometry": {
        "type": "Polygon",
        "coordinates": [
          [
            [
              76.7800028926427,
              16.32265397292763
            ],
            [
              76.78035465655311,
              16.322651005826128
            ],
            [
              76.78034941721556,
              16.32207184157219
            ],
            [
              76.779997654339,
              16.322074808562704
            ],
            [
              76.7800028926427,
              16.32265397292763
            ]
          ]
        ]
      },
      "properties": {
        "id": 178,
        "area": "NRBC_D10_Survey_1",
        "canal": "Distributary",
        "type": "distributary",
        "chainage_m": 3815.0,
        "status": "moderate",
        "blockage_pct": 42,
        "struct_damage": "No",
        "lon": 76.7801762,
        "lat": 16.3223629,
        "image": "images/0178.jpg"
      }
    },
    {
      "type": "Feature",
      "geometry": {
        "type": "Polygon",
        "coordinates": [
          [
            [
              76.78007732792804,
              16.32296264928587
            ],
            [
              76.78042491617724,
              16.32295971723726
            ],
            [
              76.78041967091556,
              16.322379932600104
            ],
            [
              76.78007208368906,
              16.322382864538927
            ],
            [
              76.78007732792804,
              16.32296264928587
            ]
          ]
        ]
      },
      "properties": {
        "id": 179,
        "area": "NRBC_D10_Survey_1",
        "canal": "Distributary",
        "type": "distributary",
        "chainage_m": 3850.0,
        "status": "partial",
        "blockage_pct": 26,
        "struct_damage": "No",
        "lon": 76.7802485,
        "lat": 16.3226713,
        "image": "images/0179.jpg"
      }
    },
    {
      "type": "Feature",
      "geometry": {
        "type": "Polygon",
        "coordinates": [
          [
            [
              76.7801514338306,
              16.323270397662373
            ],
            [
              76.78050062884176,
              16.323267451886714
            ],
            [
              76.78049538605927,
              16.322687977501516
            ],
            [
              76.780146192075,
              16.32269092316694
            ],
            [
              76.7801514338306,
              16.323270397662373
            ]
          ]
        ]
      },
      "properties": {
        "id": 180,
        "area": "NRBC_D10_Survey_1",
        "canal": "Distributary",
        "type": "distributary",
        "chainage_m": 3885.0,
        "status": "moderate",
        "blockage_pct": 36,
        "struct_damage": "No",
        "lon": 76.7803234,
        "lat": 16.3229792,
        "image": "images/0180.jpg"
      }
    },
    {
      "type": "Feature",
      "geometry": {
        "type": "Polygon",
        "coordinates": [
          [
            [
              76.78022554001335,
              16.323578145981408
            ],
            [
              76.78057602054439,
              16.323575189187483
            ],
            [
              76.78057078024236,
              16.322996025054092
            ],
            [
              76.78022030074148,
              16.322998981737424
            ],
            [
              76.78022554001335,
              16.323578145981408
            ]
          ]
        ]
      },
      "properties": {
        "id": 181,
        "area": "NRBC_D10_Survey_1",
        "canal": "Distributary",
        "type": "distributary",
        "chainage_m": 3920.0,
        "status": "moderate",
        "blockage_pct": 35,
        "struct_damage": "No",
        "lon": 76.7803982,
        "lat": 16.3232871,
        "image": "images/0181.jpg"
      }
    },
    {
      "type": "Feature",
      "geometry": {
        "type": "Polygon",
        "coordinates": [
          [
            [
              76.78029964647632,
              16.32388589424293
            ],
            [
              76.78065173377864,
              16.32388292371884
            ],
            [
              76.78064649595649,
              16.323304069837327
            ],
            [
              76.7802944096885,
              16.323307040250373
            ],
            [
              76.78029964647632,
              16.32388589424293
            ]
          ]
        ]
      },
      "properties": {
        "id": 182,
        "area": "NRBC_D10_Survey_1",
        "canal": "Distributary",
        "type": "distributary",
        "chainage_m": 3955.0,
        "status": "partial",
        "blockage_pct": 23,
        "struct_damage": "No",
        "lon": 76.7804731,
        "lat": 16.323595,
        "image": "images/0182.jpg"
      }
    },
    {
      "type": "Feature",
      "geometry": {
        "type": "Polygon",
        "coordinates": [
          [
            [
              76.78037440132894,
              16.324194257448745
            ],
            [
              76.7807242404325,
              16.3241913057208
            ],
            [
              76.78071899667847,
              16.323611831456923
            ],
            [
              76.78036915860376,
              16.323614783074408
            ],
            [
              76.78037440132894,
              16.324194257448745
            ]
          ]
        ]
      },
      "properties": {
        "id": 183,
        "area": "NRBC_D10_Survey_1",
        "canal": "Distributary",
        "type": "distributary",
        "chainage_m": 3990.0,
        "status": "moderate",
        "blockage_pct": 45,
        "struct_damage": "No",
        "lon": 76.7805467,
        "lat": 16.323903,
        "image": "images/0183.jpg"
      }
    },
    {
      "type": "Feature",
      "geometry": {
        "type": "Polygon",
        "coordinates": [
          [
            [
              76.78045010336912,
              16.32450075119861
            ],
            [
              76.78080508297866,
              16.32449775591653
            ],
            [
              76.78079985011182,
              16.32391952253919
            ],
            [
              76.78044487154402,
              16.32392251770943
            ],
            [
              76.78045010336912,
              16.32450075119861
            ]
          ]
        ]
      },
      "properties": {
        "id": 184,
        "area": "NRBC_D10_Survey_1",
        "canal": "Distributary",
        "type": "distributary",
        "chainage_m": 4025.0,
        "status": "moderate",
        "blockage_pct": 48,
        "struct_damage": "No",
        "lon": 76.780625,
        "lat": 16.3242101,
        "image": "images/0184.jpg"
      }
    },
    {
      "type": "Feature",
      "geometry": {
        "type": "Polygon",
        "coordinates": [
          [
            [
              76.78052741599575,
              16.324772174775386
            ],
            [
              76.7809270496779,
              16.32476880246816
            ],
            [
              76.78092213922586,
              16.324226243411335
            ],
            [
              76.78052250664419,
              16.32422961560041
            ],
            [
              76.78052741599575,
              16.324772174775386
            ]
          ]
        ]
      },
      "properties": {
        "id": 185,
        "area": "NRBC_D10_Survey_1",
        "canal": "Distributary",
        "type": "distributary",
        "chainage_m": 4060.0,
        "status": "moderate",
        "blockage_pct": 39,
        "struct_damage": "No",
        "lon": 76.7807248,
        "lat": 16.3244992,
        "image": "images/0185.jpg"
      }
    },
    {
      "type": "Feature",
      "geometry": {
        "type": "Polygon",
        "coordinates": [
          [
            [
              76.78064738099133,
              16.324822041027403
            ],
            [
              76.78125068657901,
              16.32481694938751
            ],
            [
              76.78124777736943,
              16.324495570842718
            ],
            [
              76.78064447276581,
              16.324500662376952
            ],
            [
              76.78064738099133,
              16.324822041027403
            ]
          ]
        ]
      },
      "properties": {
        "id": 186,
        "area": "NRBC_D10_Survey_1",
        "canal": "Distributary",
        "type": "distributary",
        "chainage_m": 4095.0,
        "status": "full",
        "blockage_pct": 73,
        "struct_damage": "No",
        "lon": 76.7809476,
        "lat": 16.3246588,
        "image": "images/0186.jpg"
      }
    },
    {
      "type": "Feature",
      "geometry": {
        "type": "Polygon",
        "coordinates": [
          [
            [
              76.78097112465181,
              16.324881976391463
            ],
            [
              76.78157282407176,
              16.324876897368952
            ],
            [
              76.781569807598,
              16.324543730868324
            ],
            [
              76.78096810919551,
              16.32454880978156
            ],
            [
              76.78097112465181,
              16.324881976391463
            ]
          ]
        ]
      },
      "properties": {
        "id": 187,
        "area": "NRBC_D10_Survey_1",
        "canal": "Distributary",
        "type": "distributary",
        "chainage_m": 4130.0,
        "status": "moderate",
        "blockage_pct": 41,
        "struct_damage": "No",
        "lon": 76.7812705,
        "lat": 16.3247129,
        "image": "images/0187.jpg"
      }
    },
    {
      "type": "Feature",
      "geometry": {
        "type": "Polygon",
        "coordinates": [
          [
            [
              76.78129498470649,
              16.32491926312873
            ],
            [
              76.78189796912993,
              16.324914172321158
            ],
            [
              76.78189504479958,
              16.324591242838686
            ],
            [
              76.78129206136445,
              16.324596333540097
            ],
            [
              76.78129498470649,
              16.32491926312873
            ]
          ]
        ]
      },
      "properties": {
        "id": 188,
        "area": "NRBC_D10_Survey_1",
        "canal": "Distributary",
        "type": "distributary",
        "chainage_m": 4165.0,
        "status": "moderate",
        "blockage_pct": 57,
        "struct_damage": "No",
        "lon": 76.781595,
        "lat": 16.3247553,
        "image": "images/0188.jpg"
      }
    },
    {
      "type": "Feature",
      "geometry": {
        "type": "Polygon",
        "coordinates": [
          [
            [
              76.7816185853755,
              16.324963376707995
            ],
            [
              76.7822218910765,
              16.324958282249515
            ],
            [
              76.78221899430281,
              16.324638454933382
            ],
            [
              76.78161568958114,
              16.324643549286648
            ],
            [
              76.7816185853755,
              16.324963376707995
            ]
          ]
        ]
      },
      "properties": {
        "id": 189,
        "area": "NRBC_D10_Survey_1",
        "canal": "Distributary",
        "type": "distributary",
        "chainage_m": 4200.0,
        "status": "moderate",
        "blockage_pct": 66,
        "struct_damage": "No",
        "lon": 76.7819188,
        "lat": 16.3248009,
        "image": "images/0189.jpg"
      }
    },
    {
      "type": "Feature",
      "geometry": {
        "type": "Polygon",
        "coordinates": [
          [
            [
              76.78194225075134,
              16.32501462462511
            ],
            [
              76.78254523525378,
              16.325009531939703
            ],
            [
              76.7825422957927,
              16.32468505152065
            ],
            [
              76.78193931228331,
              16.324690144099346
            ],
            [
              76.78194225075134,
              16.32501462462511
            ]
          ]
        ]
      },
      "properties": {
        "id": 190,
        "area": "NRBC_D10_Survey_1",
        "canal": "Distributary",
        "type": "distributary",
        "chainage_m": 4235.0,
        "status": "moderate",
        "blockage_pct": 47,
        "struct_damage": "No",
        "lon": 76.7822423,
        "lat": 16.3248498,
        "image": "images/0190.jpg"
      }
    },
    {
      "type": "Feature",
      "geometry": {
        "type": "Polygon",
        "coordinates": [
          [
            [
              76.78226553879958,
              16.325059670526493
            ],
            [
              76.78286948708062,
              16.32505456876146
            ],
            [
              76.78286660329003,
              16.32473629261475
            ],
            [
              76.78226265598462,
              16.32474139427493
            ],
            [
              76.78226553879958,
              16.325059670526493
            ]
          ]
        ]
      },
      "properties": {
        "id": 191,
        "area": "NRBC_D10_Survey_1",
        "canal": "Distributary",
        "type": "distributary",
        "chainage_m": 4270.0,
        "status": "moderate",
        "blockage_pct": 32,
        "struct_damage": "No",
        "lon": 76.7825661,
        "lat": 16.324898,
        "image": "images/0191.jpg"
      }
    },
    {
      "type": "Feature",
      "geometry": {
        "type": "Polygon",
        "coordinates": [
          [
            [
              76.78258948349432,
              16.32510626154352
            ],
            [
              76.78319311056235,
              16.325101161552162
            ],
            [
              76.78319021499499,
              16.324781644620664
            ],
            [
              76.78258658890586,
              16.3247867445068
            ],
            [
              76.78258948349432,
              16.32510626154352
            ]
          ]
        ]
      },
      "properties": {
        "id": 192,
        "area": "NRBC_D10_Survey_1",
        "canal": "Distributary",
        "type": "distributary",
        "chainage_m": 4305.0,
        "status": "moderate",
        "blockage_pct": 61,
        "struct_damage": "No",
        "lon": 76.7828898,
        "lat": 16.324944,
        "image": "images/0192.jpg"
      }
    },
    {
      "type": "Feature",
      "geometry": {
        "type": "Polygon",
        "coordinates": [
          [
            [
              76.78291342829087,
              16.32515285204757
            ],
            [
              76.78351705539495,
              16.32514775111572
            ],
            [
              76.78351415648129,
              16.324827924031645
            ],
            [
              76.78291053035707,
              16.324833024858155
            ],
            [
              76.78291342829087,
              16.32515285204757
            ]
          ]
        ]
      },
      "properties": {
        "id": 193,
        "area": "NRBC_D10_Survey_1",
        "canal": "Distributary",
        "type": "distributary",
        "chainage_m": 4340.0,
        "status": "moderate",
        "blockage_pct": 62,
        "struct_damage": "No",
        "lon": 76.7832138,
        "lat": 16.3249904,
        "image": "images/0193.jpg"
      }
    },
    {
      "type": "Feature",
      "geometry": {
        "type": "Polygon",
        "coordinates": [
          [
            [
              76.78323737881199,
              16.325200062459842
            ],
            [
              76.78384100595396,
              16.325194960587286
            ],
            [
              76.7838381008806,
              16.324874513140255
            ],
            [
              76.78323447472037,
              16.324879614907246
            ],
            [
              76.78323737881199,
              16.325200062459842
            ]
          ]
        ]
      },
      "properties": {
        "id": 194,
        "area": "NRBC_D10_Survey_1",
        "canal": "Distributary",
        "type": "distributary",
        "chainage_m": 4375.0,
        "status": "full",
        "blockage_pct": 71,
        "struct_damage": "No",
        "lon": 76.7835377,
        "lat": 16.3250373,
        "image": "images/0194.jpg"
      }
    },
    {
      "type": "Feature",
      "geometry": {
        "type": "Polygon",
        "coordinates": [
          [
            [
              76.78356132662512,
              16.32524696214836
            ],
            [
              76.78416495380405,
              16.325241859335193
            ],
            [
              76.78416205100721,
              16.32492172215679
            ],
            [
              76.78355842480912,
              16.32492682486447
            ],
            [
              76.78356132662512,
              16.32524696214836
            ]
          ]
        ]
      },
      "properties": {
        "id": 195,
        "area": "NRBC_D10_Survey_1",
        "canal": "Distributary",
        "type": "distributary",
        "chainage_m": 4410.0,
        "status": "full",
        "blockage_pct": 83,
        "struct_damage": "No",
        "lon": 76.7838617,
        "lat": 16.3250843,
        "image": "images/0195.jpg"
      }
    },
    {
      "type": "Feature",
      "geometry": {
        "type": "Polygon",
        "coordinates": [
          [
            [
              76.78388528579066,
              16.325295102165715
            ],
            [
              76.78448859176117,
              16.32529000112819
            ],
            [
              76.78448567998912,
              16.32496893337672
            ],
            [
              76.78388237500174,
              16.324974034308493
            ],
            [
              76.78388528579066,
              16.325295102165715
            ]
          ]
        ]
      },
      "properties": {
        "id": 196,
        "area": "NRBC_D10_Survey_1",
        "canal": "Distributary",
        "type": "distributary",
        "chainage_m": 4445.0,
        "status": "full",
        "blockage_pct": 90,
        "struct_damage": "No",
        "lon": 76.7841855,
        "lat": 16.325132,
        "image": "images/0196.jpg"
      }
    },
    {
      "type": "Feature",
      "geometry": {
        "type": "Polygon",
        "coordinates": [
          [
            [
              76.78420895475593,
              16.325346656700475
            ],
            [
              76.78481193952852,
              16.32534155743939
            ],
            [
              76.78480899345377,
              16.32501676722223
            ],
            [
              76.78420600967519,
              16.32502186637637
            ],
            [
              76.78420895475593,
              16.325346656700475
            ]
          ]
        ]
      },
      "properties": {
        "id": 197,
        "area": "NRBC_D10_Survey_1",
        "canal": "Distributary",
        "type": "distributary",
        "chainage_m": 4480.0,
        "status": "full",
        "blockage_pct": 84,
        "struct_damage": "No",
        "lon": 76.784509,
        "lat": 16.3251817,
        "image": "images/0197.jpg"
      }
    },
    {
      "type": "Feature",
      "geometry": {
        "type": "Polygon",
        "coordinates": [
          [
            [
              76.78453254225019,
              16.325389214620643
            ],
            [
              76.78513649079395,
              16.32538410626928
            ],
            [
              76.7851335976475,
              16.325065210106406
            ],
            [
              76.78452965008127,
              16.32507031835258
            ],
            [
              76.78453254225019,
              16.325389214620643
            ]
          ]
        ]
      },
      "properties": {
        "id": 198,
        "area": "NRBC_D10_Survey_1",
        "canal": "Distributary",
        "type": "distributary",
        "chainage_m": 4515.0,
        "status": "full",
        "blockage_pct": 72,
        "struct_damage": "No",
        "lon": 76.7848331,
        "lat": 16.3252272,
        "image": "images/0198.jpg"
      }
    },
    {
      "type": "Feature",
      "geometry": {
        "type": "Polygon",
        "coordinates": [
          [
            [
              76.78485676670343,
              16.325431146175127
            ],
            [
              76.78546103651792,
              16.325426034165194
            ],
            [
              76.7854581766158,
              16.3251108605829
            ],
            [
              76.78485390776797,
              16.3251159724888
            ],
            [
              76.78485676670343,
              16.325431146175127
            ]
          ]
        ]
      },
      "properties": {
        "id": 199,
        "area": "NRBC_D10_Survey_1",
        "canal": "Distributary",
        "type": "distributary",
        "chainage_m": 4550.0,
        "status": "moderate",
        "blockage_pct": 56,
        "struct_damage": "No",
        "lon": 76.7851575,
        "lat": 16.325271,
        "image": "images/0199.jpg"
      }
    },
    {
      "type": "Feature",
      "geometry": {
        "type": "Polygon",
        "coordinates": [
          [
            [
              76.7851809944583,
              16.325438020740116
            ],
            [
              76.78552730111264,
              16.32543509072849
            ],
            [
              76.78552475919128,
              16.325154970911807
            ],
            [
              76.78517845302932,
              16.32515790087043
            ],
            [
              76.7851809944583,
              16.325438020740116
            ]
          ]
        ]
      },
      "properties": {
        "id": 200,
        "area": "NRBC_D10_Survey_1",
        "canal": "Distributary",
        "type": "distributary",
        "chainage_m": 4585.0,
        "status": "partial",
        "blockage_pct": 23,
        "struct_damage": "No",
        "lon": 76.7853529,
        "lat": 16.3252965,
        "image": "images/0200.jpg"
      }
    },
    {
      "type": "Feature",
      "geometry": {
        "type": "Polygon",
        "coordinates": [
          [
            [
              76.78524465411878,
              16.325549476670588
            ],
            [
              76.78575222812489,
              16.325545181844152
            ],
            [
              76.78574874273626,
              16.325161141657492
            ],
            [
              76.78524116971953,
              16.325165436377425
            ],
            [
              76.78524465411878,
              16.325549476670588
            ]
          ]
        ]
      },
      "properties": {
        "id": 201,
        "area": "NRBC_D10_Survey_1",
        "canal": "Distributary",
        "type": "distributary",
        "chainage_m": 0.0,
        "status": "moderate",
        "blockage_pct": 67,
        "struct_damage": "No",
        "lon": 76.7854967,
        "lat": 16.3253553,
        "image": "images/0201.jpg"
      }
    },
    {
      "type": "Feature",
      "geometry": {
        "type": "Polygon",
        "coordinates": [
          [
            [
              76.7854718509782,
              16.325520253805827
            ],
            [
              76.78607804835818,
              16.32551512369326
            ],
            [
              76.78607534795353,
              16.32521763219665
            ],
            [
              76.78546915148888,
              16.32522276221068
            ],
            [
              76.7854718509782,
              16.325520253805827
            ]
          ]
        ]
      },
      "properties": {
        "id": 202,
        "area": "NRBC_D10_Survey_1",
        "canal": "Distributary",
        "type": "distributary",
        "chainage_m": 35.0,
        "status": "moderate",
        "blockage_pct": 59,
        "struct_damage": "No",
        "lon": 76.7857736,
        "lat": 16.3253689,
        "image": "images/0202.jpg"
      }
    },
    {
      "type": "Feature",
      "geometry": {
        "type": "Polygon",
        "coordinates": [
          [
            [
              76.78579767407494,
              16.325490506298042
            ],
            [
              76.7864009800132,
              16.325485399735328
            ],
            [
              76.78639812141132,
              16.325170536527
            ],
            [
              76.78579481643722,
              16.325175642985894
            ],
            [
              76.78579767407494,
              16.325490506298042
            ]
          ]
        ]
      },
      "properties": {
        "id": 203,
        "area": "NRBC_D10_Survey_1",
        "canal": "Distributary",
        "type": "distributary",
        "chainage_m": 70.0,
        "status": "moderate",
        "blockage_pct": 65,
        "struct_damage": "No",
        "lon": 76.7860979,
        "lat": 16.3253305,
        "image": "images/0203.jpg"
      }
    },
    {
      "type": "Feature",
      "geometry": {
        "type": "Polygon",
        "coordinates": [
          [
            [
              76.78612044808537,
              16.325443411003505
            ],
            [
              76.78671411630332,
              16.3254383851351
            ],
            [
              76.78671089947477,
              16.325084125307942
            ],
            [
              76.78611723232427,
              16.325089151061377
            ],
            [
              76.78612044808537,
              16.325443411003505
            ]
          ]
        ]
      },
      "properties": {
        "id": 204,
        "area": "NRBC_D10_Survey_1",
        "canal": "Distributary",
        "type": "distributary",
        "chainage_m": 105.0,
        "status": "full",
        "blockage_pct": 76,
        "struct_damage": "No",
        "lon": 76.7864157,
        "lat": 16.3252638,
        "image": "images/0204.jpg"
      }
    },
    {
      "type": "Feature",
      "geometry": {
        "type": "Polygon",
        "coordinates": [
          [
            [
              76.7864332267359,
              16.32535700014323
            ],
            [
              76.78693501743702,
              16.3253527514752
            ],
            [
              76.78693202278258,
              16.32502299827616
            ],
            [
              76.78643023292128,
              16.325027246853725
            ],
            [
              76.7864332267359,
              16.32535700014323
            ]
          ]
        ]
      },
      "properties": {
        "id": 205,
        "area": "NRBC_D10_Survey_1",
        "canal": "Distributary",
        "type": "distributary",
        "chainage_m": 140.0,
        "status": "full",
        "blockage_pct": 88,
        "struct_damage": "No",
        "lon": 76.7866826,
        "lat": 16.32519,
        "image": "images/0205.jpg"
      }
    },
    {
      "type": "Feature",
      "geometry": {
        "type": "Polygon",
        "coordinates": [
          [
            [
              76.76387747950903,
              16.294688974198436
            ],
            [
              76.76434675678881,
              16.294685057600805
            ],
            [
              76.76434202642093,
              16.294156451776406
            ],
            [
              76.76387275039775,
              16.294160368240128
            ],
            [
              76.76387747950903,
              16.294688974198436
            ]
          ]
        ]
      },
      "properties": {
        "id": 206,
        "area": "NRBC_D10_Survey_1",
        "canal": "Lateral 1A",
        "type": "lateral",
        "chainage_m": 0.0,
        "status": "moderate",
        "blockage_pct": 36,
        "struct_damage": "No",
        "lon": 76.7641098,
        "lat": 16.2944227,
        "image": "images/0206.jpg"
      }
    },
    {
      "type": "Feature",
      "geometry": {
        "type": "Polygon",
        "coordinates": [
          [
            [
              76.76406435865043,
              16.29442929669902
            ],
            [
              76.76452528400524,
              16.294425449462533
            ],
            [
              76.76452050326648,
              16.293891259812124
            ],
            [
              76.76405957915888,
              16.293895106915677
            ],
            [
              76.76406435865043,
              16.29442929669902
            ]
          ]
        ]
      },
      "properties": {
        "id": 207,
        "area": "NRBC_D10_Survey_1",
        "canal": "Lateral 1A",
        "type": "lateral",
        "chainage_m": 35.0,
        "status": "partial",
        "blockage_pct": 38,
        "struct_damage": "No",
        "lon": 76.7642924,
        "lat": 16.2941603,
        "image": "images/0207.jpg"
      }
    },
    {
      "type": "Feature",
      "geometry": {
        "type": "Polygon",
        "coordinates": [
          [
            [
              76.76424283610281,
              16.294164104914863
            ],
            [
              76.76466200455474,
              16.294160605951358
            ],
            [
              76.76465709303758,
              16.29361183623823
            ],
            [
              76.76423792575083,
              16.293615335077533
            ],
            [
              76.76424283610281,
              16.294164104914863
            ]
          ]
        ]
      },
      "properties": {
        "id": 208,
        "area": "NRBC_D10_Survey_1",
        "canal": "Lateral 1A",
        "type": "lateral",
        "chainage_m": 70.0,
        "status": "moderate",
        "blockage_pct": 48,
        "struct_damage": "No",
        "lon": 76.76445,
        "lat": 16.293888,
        "image": "images/0208.jpg"
      }
    },
    {
      "type": "Feature",
      "geometry": {
        "type": "Polygon",
        "coordinates": [
          [
            [
              76.76433188862126,
              16.293885078259105
            ],
            [
              76.76465726565746,
              16.293882362185684
            ],
            [
              76.76465204607015,
              16.293299158628766
            ],
            [
              76.76432666999516,
              16.29330187459972
            ],
            [
              76.76433188862126,
              16.293885078259105
            ]
          ]
        ]
      },
      "properties": {
        "id": 209,
        "area": "NRBC_D10_Survey_1",
        "canal": "Lateral 1A",
        "type": "lateral",
        "chainage_m": 105.0,
        "status": "moderate",
        "blockage_pct": 40,
        "struct_damage": "No",
        "lon": 76.764492,
        "lat": 16.2935921,
        "image": "images/0209.jpg"
      }
    },
    {
      "type": "Feature",
      "geometry": {
        "type": "Polygon",
        "coordinates": [
          [
            [
              76.76430018243816,
              16.293572623113672
            ],
            [
              76.76460917771931,
              16.293570043888693
            ],
            [
              76.76460394449886,
              16.29298528922599
            ],
            [
              76.76429495013294,
              16.292987868353414
            ],
            [
              76.76430018243816,
              16.293572623113672
            ]
          ]
        ]
      },
      "properties": {
        "id": 210,
        "area": "NRBC_D10_Survey_1",
        "canal": "Lateral 1A",
        "type": "lateral",
        "chainage_m": 140.0,
        "status": "moderate",
        "blockage_pct": 50,
        "struct_damage": "No",
        "lon": 76.7644521,
        "lat": 16.293279,
        "image": "images/0210.jpg"
      }
    },
    {
      "type": "Feature",
      "geometry": {
        "type": "Polygon",
        "coordinates": [
          [
            [
              76.76429576456582,
              16.293258389003594
            ],
            [
              76.76459576574486,
              16.293255884909165
            ],
            [
              76.76459052434235,
              16.292670199580805
            ],
            [
              76.76429052405328,
              16.292672703580365
            ],
            [
              76.76429576456582,
              16.293258389003594
            ]
          ]
        ]
      },
      "properties": {
        "id": 211,
        "area": "NRBC_D10_Survey_1",
        "canal": "Lateral 1A",
        "type": "lateral",
        "chainage_m": 175.0,
        "status": "moderate",
        "blockage_pct": 54,
        "struct_damage": "No",
        "lon": 76.7644431,
        "lat": 16.2929643,
        "image": "images/0211.jpg"
      }
    },
    {
      "type": "Feature",
      "geometry": {
        "type": "Polygon",
        "coordinates": [
          [
            [
              76.76431285882784,
              16.292943044627034
            ],
            [
              76.76462217432042,
              16.292940462799077
            ],
            [
              76.76461693572269,
              16.292355087676345
            ],
            [
              76.76430762114721,
              16.292357669406538
            ],
            [
              76.76431285882784,
              16.292943044627034
            ]
          ]
        ]
      },
      "properties": {
        "id": 212,
        "area": "NRBC_D10_Survey_1",
        "canal": "Lateral 1A",
        "type": "lateral",
        "chainage_m": 210.0,
        "status": "moderate",
        "blockage_pct": 39,
        "struct_damage": "No",
        "lon": 76.7644649,
        "lat": 16.2926491,
        "image": "images/0212.jpg"
      }
    },
    {
      "type": "Feature",
      "geometry": {
        "type": "Polygon",
        "coordinates": [
          [
            [
              76.76433927064646,
              16.292627932717817
            ],
            [
              76.76462770768312,
              16.29262552517997
            ],
            [
              76.76462245807167,
              16.29203890918276
            ],
            [
              76.76433402189198,
              16.29204131662924
            ],
            [
              76.76433927064646,
              16.292627932717817
            ]
          ]
        ]
      },
      "properties": {
        "id": 213,
        "area": "NRBC_D10_Survey_1",
        "canal": "Lateral 1A",
        "type": "lateral",
        "chainage_m": 245.0,
        "status": "moderate",
        "blockage_pct": 55,
        "struct_damage": "No",
        "lon": 76.7644809,
        "lat": 16.2923334,
        "image": "images/0213.jpg"
      }
    },
    {
      "type": "Feature",
      "geometry": {
        "type": "Polygon",
        "coordinates": [
          [
            [
              76.76434479340321,
              16.292311754194746
            ],
            [
              76.76462969678954,
              16.292309376187664
            ],
            [
              76.76462444450368,
              16.29172244995886
            ],
            [
              76.76433954196428,
              16.29172482787565
            ],
            [
              76.76434479340321,
              16.292311754194746
            ]
          ]
        ]
      },
      "properties": {
        "id": 214,
        "area": "NRBC_D10_Survey_1",
        "canal": "Lateral 1A",
        "type": "lateral",
        "chainage_m": 280.0,
        "status": "moderate",
        "blockage_pct": 44,
        "struct_damage": "No",
        "lon": 76.7644846,
        "lat": 16.2920171,
        "image": "images/0214.jpg"
      }
    },
    {
      "type": "Feature",
      "geometry": {
        "type": "Polygon",
        "coordinates": [
          [
            [
              76.76434678023799,
              16.29199529493716
            ],
            [
              76.76463039837365,
              16.291992927696757
            ],
            [
              76.76462514896933,
              16.291406311665373
            ],
            [
              76.76434153167631,
              16.291408678815937
            ],
            [
              76.76434678023799,
              16.29199529493716
            ]
          ]
        ]
      },
      "properties": {
        "id": 215,
        "area": "NRBC_D10_Survey_1",
        "canal": "Lateral 1A",
        "type": "lateral",
        "chainage_m": 315.0,
        "status": "partial",
        "blockage_pct": 25,
        "struct_damage": "No",
        "lon": 76.764486,
        "lat": 16.2917008,
        "image": "images/0215.jpg"
      }
    },
    {
      "type": "Feature",
      "geometry": {
        "type": "Polygon",
        "coordinates": [
          [
            [
              76.76434748510401,
              16.291679156608506
            ],
            [
              76.76463078158723,
              16.291676792092854
            ],
            [
              76.76462553228929,
              16.291090176044086
            ],
            [
              76.76434223664774,
              16.29109254047001
            ],
            [
              76.76434748510401,
              16.291679156608506
            ]
          ]
        ]
      },
      "properties": {
        "id": 216,
        "area": "NRBC_D10_Survey_1",
        "canal": "Lateral 1A",
        "type": "lateral",
        "chainage_m": 350.0,
        "status": "partial",
        "blockage_pct": 22,
        "struct_damage": "No",
        "lon": 76.7644865,
        "lat": 16.2913847,
        "image": "images/0216.jpg"
      }
    },
    {
      "type": "Feature",
      "geometry": {
        "type": "Polygon",
        "coordinates": [
          [
            [
              76.76434786882385,
              16.29136302095168
            ],
            [
              76.76463373443126,
              16.291360635031893
            ],
            [
              76.76462848245623,
              16.29077370875182
            ],
            [
              76.76434261769855,
              16.290776094581013
            ],
            [
              76.76434786882385,
              16.29136302095168
            ]
          ]
        ]
      },
      "properties": {
        "id": 217,
        "area": "NRBC_D10_Survey_1",
        "canal": "Lateral 1A",
        "type": "lateral",
        "chainage_m": 385.0,
        "status": "partial",
        "blockage_pct": 17,
        "struct_damage": "No",
        "lon": 76.7644882,
        "lat": 16.2910684,
        "image": "images/0217.jpg"
      }
    },
    {
      "type": "Feature",
      "geometry": {
        "type": "Polygon",
        "coordinates": [
          [
            [
              76.76435081939499,
              16.291046553626856
            ],
            [
              76.76463668454333,
              16.2910441677481
            ],
            [
              76.76463143544298,
              16.290457551666183
            ],
            [
              76.76434557114389,
              16.290459937454397
            ],
            [
              76.76435081939499,
              16.291046553626856
            ]
          ]
        ]
      },
      "properties": {
        "id": 218,
        "area": "NRBC_D10_Survey_1",
        "canal": "Lateral 1A",
        "type": "lateral",
        "chainage_m": 420.0,
        "status": "clear",
        "blockage_pct": 4,
        "struct_damage": "No",
        "lon": 76.7644911,
        "lat": 16.2907521,
        "image": "images/0218.jpg"
      }
    },
    {
      "type": "Feature",
      "geometry": {
        "type": "Polygon",
        "coordinates": [
          [
            [
              76.76433096784757,
              16.29073058682296
            ],
            [
              76.7646309651764,
              16.290728083055967
            ],
            [
              76.7646257245277,
              16.290142397599027
            ],
            [
              76.76432572808866,
              16.290144901271155
            ],
            [
              76.76433096784757,
              16.29073058682296
            ]
          ]
        ]
      },
      "properties": {
        "id": 219,
        "area": "NRBC_D10_Survey_1",
        "canal": "Lateral 1A",
        "type": "lateral",
        "chainage_m": 455.0,
        "status": "partial",
        "blockage_pct": 18,
        "struct_damage": "No",
        "lon": 76.7644783,
        "lat": 16.2904365,
        "image": "images/0219.jpg"
      }
    },
    {
      "type": "Feature",
      "geometry": {
        "type": "Polygon",
        "coordinates": [
          [
            [
              76.76432879051177,
              16.290415403224504
            ],
            [
              76.76463649605944,
              16.290412835166713
            ],
            [
              76.76463125550136,
              16.28982714969411
            ],
            [
              76.76432355086632,
              16.28982971765459
            ],
            [
              76.76432879051177,
              16.290415403224504
            ]
          ]
        ]
      },
      "properties": {
        "id": 220,
        "area": "NRBC_D10_Survey_1",
        "canal": "Lateral 1A",
        "type": "lateral",
        "chainage_m": 490.0,
        "status": "partial",
        "blockage_pct": 28,
        "struct_damage": "No",
        "lon": 76.76448,
        "lat": 16.2901213,
        "image": "images/0220.jpg"
      }
    },
    {
      "type": "Feature",
      "geometry": {
        "type": "Polygon",
        "coordinates": [
          [
            [
              76.7643535936398,
              16.290099994464637
            ],
            [
              76.7646857095282,
              16.29009722267187
            ],
            [
              76.764680496688,
              16.289514639345132
            ],
            [
              76.76434838177943,
              16.28951741103343
            ],
            [
              76.7643535936398,
              16.290099994464637
            ]
          ]
        ]
      },
      "properties": {
        "id": 221,
        "area": "NRBC_D10_Survey_1",
        "canal": "Lateral 1A",
        "type": "lateral",
        "chainage_m": 525.0,
        "status": "moderate",
        "blockage_pct": 40,
        "struct_damage": "No",
        "lon": 76.764517,
        "lat": 16.2898073,
        "image": "images/0221.jpg"
      }
    },
    {
      "type": "Feature",
      "geometry": {
        "type": "Polygon",
        "coordinates": [
          [
            [
              76.7644028352961,
              16.2897874841381
            ],
            [
              76.76477477879206,
              16.289784379880903
            ],
            [
              76.7647696546191,
              16.289211723437578
            ],
            [
              76.76439771220174,
              16.28921482757975
            ],
            [
              76.7644028352961,
              16.2897874841381
            ]
          ]
        ]
      },
      "properties": {
        "id": 222,
        "area": "NRBC_D10_Survey_1",
        "canal": "Lateral 1A",
        "type": "lateral",
        "chainage_m": 560.0,
        "status": "moderate",
        "blockage_pct": 52,
        "struct_damage": "No",
        "lon": 76.7645862,
        "lat": 16.2894996,
        "image": "images/0222.jpg"
      }
    },
    {
      "type": "Feature",
      "geometry": {
        "type": "Polygon",
        "coordinates": [
          [
            [
              76.7644919937455,
              16.289484568301074
            ],
            [
              76.76494262922603,
              16.28948080706519
            ],
            [
              76.76493779336877,
              16.28894041299114
            ],
            [
              76.7644871591214,
              16.28894417409552
            ],
            [
              76.7644919937455,
              16.289484568301074
            ]
          ]
        ]
      },
      "properties": {
        "id": 223,
        "area": "NRBC_D10_Survey_1",
        "canal": "Lateral 1A",
        "type": "lateral",
        "chainage_m": 595.0,
        "status": "moderate",
        "blockage_pct": 55,
        "struct_damage": "No",
        "lon": 76.7647149,
        "lat": 16.2892125,
        "image": "images/0223.jpg"
      }
    },
    {
      "type": "Feature",
      "geometry": {
        "type": "Polygon",
        "coordinates": [
          [
            [
              76.76466013309377,
              16.289213258021807
            ],
            [
              76.76512200969307,
              16.289209402639013
            ],
            [
              76.76511723450635,
              16.288675833327485
            ],
            [
              76.76465535915499,
              16.288679688577183
            ],
            [
              76.76466013309377,
              16.289213258021807
            ]
          ]
        ]
      },
      "properties": {
        "id": 224,
        "area": "NRBC_D10_Survey_1",
        "canal": "Lateral 1A",
        "type": "lateral",
        "chainage_m": 630.0,
        "status": "moderate",
        "blockage_pct": 55,
        "struct_damage": "No",
        "lon": 76.7648887,
        "lat": 16.2889445,
        "image": "images/0224.jpg"
      }
    },
    {
      "type": "Feature",
      "geometry": {
        "type": "Polygon",
        "coordinates": [
          [
            [
              76.76483957483866,
              16.288948678539388
            ],
            [
              76.76536665299932,
              16.288944278439867
            ],
            [
              76.7653623825673,
              16.2884671682592
            ],
            [
              76.76483530568005,
              16.288471568222896
            ],
            [
              76.76483957483866,
              16.288948678539388
            ]
          ]
        ]
      },
      "properties": {
        "id": 225,
        "area": "NRBC_D10_Survey_1",
        "canal": "Lateral 1A",
        "type": "lateral",
        "chainage_m": 665.0,
        "status": "moderate",
        "blockage_pct": 56,
        "struct_damage": "No",
        "lon": 76.765101,
        "lat": 16.2887079,
        "image": "images/0225.jpg"
      }
    },
    {
      "type": "Feature",
      "geometry": {
        "type": "Polygon",
        "coordinates": [
          [
            [
              76.76508472353636,
              16.288740013736092
            ],
            [
              76.76561437061238,
              16.288735591623663
            ],
            [
              76.7656101163006,
              16.288260342785467
            ],
            [
              76.76508047049919,
              16.28826476476192
            ],
            [
              76.76508472353636,
              16.288740013736092
            ]
          ]
        ]
      },
      "properties": {
        "id": 226,
        "area": "NRBC_D10_Survey_1",
        "canal": "Lateral 1A",
        "type": "lateral",
        "chainage_m": 700.0,
        "status": "full",
        "blockage_pct": 77,
        "struct_damage": "No",
        "lon": 76.7653474,
        "lat": 16.2885002,
        "image": "images/0226.jpg"
      }
    },
    {
      "type": "Feature",
      "geometry": {
        "type": "Polygon",
        "coordinates": [
          [
            [
              76.76533245790803,
              16.288533188530597
            ],
            [
              76.76585953481813,
              16.28852878731183
            ],
            [
              76.76585525497741,
              16.288050746595847
            ],
            [
              76.76532817934314,
              16.288055147678474
            ],
            [
              76.76533245790803,
              16.288533188530597
            ]
          ]
        ]
      },
      "properties": {
        "id": 227,
        "area": "NRBC_D10_Survey_1",
        "canal": "Lateral 1A",
        "type": "lateral",
        "chainage_m": 735.0,
        "status": "moderate",
        "blockage_pct": 40,
        "struct_damage": "No",
        "lon": 76.7655939,
        "lat": 16.288292,
        "image": "images/0227.jpg"
      }
    },
    {
      "type": "Feature",
      "geometry": {
        "type": "Polygon",
        "coordinates": [
          [
            [
              76.76557759722273,
              16.288323592605817
            ],
            [
              76.76612587217998,
              16.288319013767104
            ],
            [
              76.76612182507482,
              16.287867031135256
            ],
            [
              76.76557355137236,
              16.28787160984006
            ],
            [
              76.76557759722273,
              16.288323592605817
            ]
          ]
        ]
      },
      "properties": {
        "id": 228,
        "area": "NRBC_D10_Survey_1",
        "canal": "Lateral 1A",
        "type": "lateral",
        "chainage_m": 770.0,
        "status": "partial",
        "blockage_pct": 28,
        "struct_damage": "No",
        "lon": 76.7658497,
        "lat": 16.2880953,
        "image": "images/0228.jpg"
      }
    },
    {
      "type": "Feature",
      "geometry": {
        "type": "Polygon",
        "coordinates": [
          [
            [
              76.76584416795797,
              16.288139877438248
            ],
            [
              76.76641910123882,
              16.288135075253027
            ],
            [
              76.76641564246479,
              16.287748858166363
            ],
            [
              76.76584071030828,
              16.28775366023158
            ],
            [
              76.76584416795797,
              16.288139877438248
            ]
          ]
        ]
      },
      "properties": {
        "id": 229,
        "area": "NRBC_D10_Survey_1",
        "canal": "Lateral 1A",
        "type": "lateral",
        "chainage_m": 805.0,
        "status": "partial",
        "blockage_pct": 26,
        "struct_damage": "No",
        "lon": 76.7661299,
        "lat": 16.2879444,
        "image": "images/0229.jpg"
      }
    },
    {
      "type": "Feature",
      "geometry": {
        "type": "Polygon",
        "coordinates": [
          [
            [
              76.76613798594452,
              16.288021704801928
            ],
            [
              76.76674503793726,
              16.28801663348462
            ],
            [
              76.7667424677022,
              16.287729685095577
            ],
            [
              76.76613541659148,
              16.287734756318727
            ],
            [
              76.76613798594452,
              16.288021704801928
            ]
          ]
        ]
      },
      "properties": {
        "id": 230,
        "area": "NRBC_D10_Survey_1",
        "canal": "Lateral 1A",
        "type": "lateral",
        "chainage_m": 840.0,
        "status": "partial",
        "blockage_pct": 25,
        "struct_damage": "No",
        "lon": 76.7664402,
        "lat": 16.2878757,
        "image": "images/0230.jpg"
      }
    },
    {
      "type": "Feature",
      "geometry": {
        "type": "Polygon",
        "coordinates": [
          [
            [
              76.76646480892553,
              16.288002221899347
            ],
            [
              76.7670718607509,
              16.287997149649946
            ],
            [
              76.76706927058997,
              16.28770802981018
            ],
            [
              76.76646221965328,
              16.28771310196469
            ],
            [
              76.76646480892553,
              16.288002221899347
            ]
          ]
        ]
      },
      "properties": {
        "id": 231,
        "area": "NRBC_D10_Survey_1",
        "canal": "Lateral 1A",
        "type": "lateral",
        "chainage_m": 875.0,
        "status": "moderate",
        "blockage_pct": 59,
        "struct_damage": "No",
        "lon": 76.766767,
        "lat": 16.2878551,
        "image": "images/0231.jpg"
      }
    },
    {
      "type": "Feature",
      "geometry": {
        "type": "Polygon",
        "coordinates": [
          [
            [
              76.76679175405292,
              16.28799638793403
            ],
            [
              76.76739527264836,
              16.28799134427956
            ],
            [
              76.7673926569979,
              16.287699432560952
            ],
            [
              76.76678913929449,
              16.287704476120144
            ],
            [
              76.76679175405292,
              16.28799638793403
            ]
          ]
        ]
      },
      "properties": {
        "id": 232,
        "area": "NRBC_D10_Survey_1",
        "canal": "Lateral 1A",
        "type": "lateral",
        "chainage_m": 910.0,
        "status": "moderate",
        "blockage_pct": 57,
        "struct_damage": "No",
        "lon": 76.7670922,
        "lat": 16.2878479,
        "image": "images/0232.jpg"
      }
    },
    {
      "type": "Feature",
      "geometry": {
        "type": "Polygon",
        "coordinates": [
          [
            [
              76.76711690025857,
              16.288184156780872
            ],
            [
              76.76765746577351,
              16.288179638432865
            ],
            [
              76.76765333457533,
              16.287718659954447
            ],
            [
              76.76711277032214,
              16.28772317816769
            ],
            [
              76.76711690025857,
              16.288184156780872
            ]
          ]
        ]
      },
      "properties": {
        "id": 233,
        "area": "NRBC_D10_Survey_1",
        "canal": "Lateral 1A",
        "type": "lateral",
        "chainage_m": 945.0,
        "status": "partial",
        "blockage_pct": 27,
        "struct_damage": "No",
        "lon": 76.7673851,
        "lat": 16.2879514,
        "image": "images/0233.jpg"
      }
    },
    {
      "type": "Feature",
      "geometry": {
        "type": "Polygon",
        "coordinates": [
          [
            [
              76.76737919072045,
              16.288383308779576
            ],
            [
              76.76791172690774,
              16.288378856845878
            ],
            [
              76.76790749774572,
              16.287907020939898
            ],
            [
              76.76737496283076,
              16.287911472737676
            ],
            [
              76.76737919072045,
              16.288383308779576
            ]
          ]
        ]
      },
      "properties": {
        "id": 234,
        "area": "NRBC_D10_Survey_1",
        "canal": "Lateral 1A",
        "type": "lateral",
        "chainage_m": 980.0,
        "status": "partial",
        "blockage_pct": 22,
        "struct_damage": "No",
        "lon": 76.7676433,
        "lat": 16.2881452,
        "image": "images/0234.jpg"
      }
    },
    {
      "type": "Feature",
      "geometry": {
        "type": "Polygon",
        "coordinates": [
          [
            [
              76.76763343799239,
              16.28858097645406
            ],
            [
              76.7681672594084,
              16.288576513083953
            ],
            [
              76.76816304348566,
              16.288106228323247
            ],
            [
              76.76762922334085,
              16.288110691557534
            ],
            [
              76.76763343799239,
              16.28858097645406
            ]
          ]
        ]
      },
      "properties": {
        "id": 235,
        "area": "NRBC_D10_Survey_1",
        "canal": "Lateral 1A",
        "type": "lateral",
        "chainage_m": 1015.0,
        "status": "moderate",
        "blockage_pct": 36,
        "struct_damage": "No",
        "lon": 76.7678982,
        "lat": 16.2883436,
        "image": "images/0235.jpg"
      }
    },
    {
      "type": "Feature",
      "geometry": {
        "type": "Polygon",
        "coordinates": [
          [
            [
              76.76788841997606,
              16.288717210603906
            ],
            [
              76.76844986422581,
              16.288712515525607
            ],
            [
              76.76844619830568,
              16.28830365324999
            ],
            [
              76.7678847552183,
              16.288308348204087
            ],
            [
              76.76788841997606,
              16.288717210603906
            ]
          ]
        ]
      },
      "properties": {
        "id": 236,
        "area": "NRBC_D10_Survey_1",
        "canal": "Lateral 1A",
        "type": "lateral",
        "chainage_m": 1050.0,
        "status": "moderate",
        "blockage_pct": 42,
        "struct_damage": "No",
        "lon": 76.7681673,
        "lat": 16.2885104,
        "image": "images/0236.jpg"
      }
    },
    {
      "type": "Feature",
      "geometry": {
        "type": "Polygon",
        "coordinates": [
          [
            [
              76.76816975113637,
              16.28871113530842
            ],
            [
              76.76877551981329,
              16.288706068698705
            ],
            [
              76.76877278515893,
              16.288401128225136
            ],
            [
              76.76816701741738,
              16.288406194734883
            ],
            [
              76.76816975113637,
              16.28871113530842
            ]
          ]
        ]
      },
      "properties": {
        "id": 237,
        "area": "NRBC_D10_Survey_1",
        "canal": "Lateral 1A",
        "type": "lateral",
        "chainage_m": 1085.0,
        "status": "moderate",
        "blockage_pct": 56,
        "struct_damage": "No",
        "lon": 76.7684713,
        "lat": 16.2885561,
        "image": "images/0237.jpg"
      }
    },
    {
      "type": "Feature",
      "geometry": {
        "type": "Polygon",
        "coordinates": [
          [
            [
              76.7684951314045,
              16.288673977711024
            ],
            [
              76.7691008998605,
              16.28866891018063
            ],
            [
              76.76909818140436,
              16.288365831044167
            ],
            [
              76.76849241387802,
              16.288370898475183
            ],
            [
              76.7684951314045,
              16.288673977711024
            ]
          ]
        ]
      },
      "properties": {
        "id": 238,
        "area": "NRBC_D10_Survey_1",
        "canal": "Lateral 1A",
        "type": "lateral",
        "chainage_m": 1120.0,
        "status": "moderate",
        "blockage_pct": 43,
        "struct_damage": "No",
        "lon": 76.7687967,
        "lat": 16.2885199,
        "image": "images/0238.jpg"
      }
    },
    {
      "type": "Feature",
      "geometry": {
        "type": "Polygon",
        "coordinates": [
          [
            [
              76.76882052819002,
              16.288638680909198
            ],
            [
              76.7694262964308,
              16.288633612457517
            ],
            [
              76.76942358304687,
              16.288331153801536
            ],
            [
              76.76881781573385,
              16.288336222154026
            ],
            [
              76.76882052819002,
              16.288638680909198
            ]
          ]
        ]
      },
      "properties": {
        "id": 239,
        "area": "NRBC_D10_Survey_1",
        "canal": "Lateral 1A",
        "type": "lateral",
        "chainage_m": 1155.0,
        "status": "moderate",
        "blockage_pct": 57,
        "struct_damage": "No",
        "lon": 76.7691221,
        "lat": 16.2884849,
        "image": "images/0239.jpg"
      }
    },
    {
      "type": "Feature",
      "geometry": {
        "type": "Polygon",
        "coordinates": [
          [
            [
              76.76914593037186,
              16.288604004045787
            ],
            [
              76.76975234078309,
              16.2885989292959
            ],
            [
              76.76974966030666,
              16.288300193259893
            ],
            [
              76.76914325081275,
              16.288305267911685
            ],
            [
              76.76914593037186,
              16.288604004045787
            ]
          ]
        ]
      },
      "properties": {
        "id": 240,
        "area": "NRBC_D10_Survey_1",
        "canal": "Lateral 1A",
        "type": "lateral",
        "chainage_m": 1190.0,
        "status": "moderate",
        "blockage_pct": 53,
        "struct_damage": "No",
        "lon": 76.7694478,
        "lat": 16.2884521,
        "image": "images/0240.jpg"
      }
    },
    {
      "type": "Feature",
      "geometry": {
        "type": "Polygon",
        "coordinates": [
          [
            [
              76.76947167584323,
              16.288571805716504
            ],
            [
              76.77007776485657,
              16.28856673273128
            ],
            [
              76.77007506997329,
              16.288266445677582
            ],
            [
              76.76946898188152,
              16.28827151856424
            ],
            [
              76.76947167584323,
              16.288571805716504
            ]
          ]
        ]
      },
      "properties": {
        "id": 241,
        "area": "NRBC_D10_Survey_1",
        "canal": "Lateral 1A",
        "type": "lateral",
        "chainage_m": 1225.0,
        "status": "moderate",
        "blockage_pct": 60,
        "struct_damage": "No",
        "lon": 76.7697734,
        "lat": 16.2884191,
        "image": "images/0241.jpg"
      }
    },
    {
      "type": "Feature",
      "geometry": {
        "type": "Polygon",
        "coordinates": [
          [
            [
              76.76979741837214,
              16.288539296681556
            ],
            [
              76.77040736147866,
              16.288534190500666
            ],
            [
              76.77040488885591,
              16.288258720607594
            ],
            [
              76.76979494660017,
              16.288263826697467
            ],
            [
              76.76979741837214,
              16.288539296681556
            ]
          ]
        ]
      },
      "properties": {
        "id": 242,
        "area": "NRBC_D10_Survey_1",
        "canal": "Lateral 1A",
        "type": "lateral",
        "chainage_m": 1260.0,
        "status": "moderate",
        "blockage_pct": 38,
        "struct_damage": "No",
        "lon": 76.7701012,
        "lat": 16.288399,
        "image": "images/0242.jpg"
      }
    },
    {
      "type": "Feature",
      "geometry": {
        "type": "Polygon",
        "coordinates": [
          [
            [
              76.77012314682082,
              16.28850523608553
            ],
            [
              76.77072827184077,
              16.288500169323093
            ],
            [
              76.77072552584994,
              16.288194298525166
            ],
            [
              76.77012040176722,
              16.28819936518733
            ],
            [
              76.77012314682082,
              16.28850523608553
            ]
          ]
        ]
      },
      "properties": {
        "id": 243,
        "area": "NRBC_D10_Survey_1",
        "canal": "Lateral 1A",
        "type": "lateral",
        "chainage_m": 1295.0,
        "status": "moderate",
        "blockage_pct": 53,
        "struct_damage": "No",
        "lon": 76.7704243,
        "lat": 16.2883498,
        "image": "images/0243.jpg"
      }
    },
    {
      "type": "Feature",
      "geometry": {
        "type": "Polygon",
        "coordinates": [
          [
            [
              76.77044787533049,
              16.28846715028677
            ],
            [
              76.7710459339151,
              16.288462141793502
            ],
            [
              76.7710428309023,
              16.288116563687986
            ],
            [
              76.7704447733642,
              16.288121572069258
            ],
            [
              76.77044787533049,
              16.28846715028677
            ]
          ]
        ]
      },
      "properties": {
        "id": 244,
        "area": "NRBC_D10_Survey_1",
        "canal": "Lateral 1A",
        "type": "lateral",
        "chainage_m": 1330.0,
        "status": "moderate",
        "blockage_pct": 57,
        "struct_damage": "No",
        "lon": 76.7707454,
        "lat": 16.2882919,
        "image": "images/0244.jpg"
      }
    },
    {
      "type": "Feature",
      "geometry": {
        "type": "Polygon",
        "coordinates": [
          [
            [
              76.77076518096425,
              16.288389415814287
            ],
            [
              76.77136356040151,
              16.288384403756265
            ],
            [
              76.7713604679917,
              16.288040066562566
            ],
            [
              76.77076208959774,
              16.288045078508915
            ],
            [
              76.77076518096425,
              16.288389415814287
            ]
          ]
        ]
      },
      "properties": {
        "id": 245,
        "area": "NRBC_D10_Survey_1",
        "canal": "Lateral 1A",
        "type": "lateral",
        "chainage_m": 1365.0,
        "status": "moderate",
        "blockage_pct": 49,
        "struct_damage": "No",
        "lon": 76.7710628,
        "lat": 16.2882147,
        "image": "images/0245.jpg"
      }
    },
    {
      "type": "Feature",
      "geometry": {
        "type": "Polygon",
        "coordinates": [
          [
            [
              76.77108281863396,
              16.28831291905409
            ],
            [
              76.77168119773606,
              16.288307906120316
            ],
            [
              76.771678096428,
              16.287962638342588
            ],
            [
              76.77107971837204,
              16.287967651164372
            ],
            [
              76.77108281863396,
              16.28831291905409
            ]
          ]
        ]
      },
      "properties": {
        "id": 246,
        "area": "NRBC_D10_Survey_1",
        "canal": "Lateral 1A",
        "type": "lateral",
        "chainage_m": 1400.0,
        "status": "moderate",
        "blockage_pct": 38,
        "struct_damage": "No",
        "lon": 76.7713805,
        "lat": 16.2881378,
        "image": "images/0246.jpg"
      }
    },
    {
      "type": "Feature",
      "geometry": {
        "type": "Polygon",
        "coordinates": [
          [
            [
              76.77140044765176,
              16.288235491199202
            ],
            [
              76.77199882641584,
              16.288230477389984
            ],
            [
              76.77199572735442,
              16.287885519882867
            ],
            [
              76.7713973496355,
              16.28789053358017
            ],
            [
              76.77140044765176,
              16.288235491199202
            ]
          ]
        ]
      },
      "properties": {
        "id": 247,
        "area": "NRBC_D10_Survey_1",
        "canal": "Lateral 1A",
        "type": "lateral",
        "chainage_m": 1435.0,
        "status": "moderate",
        "blockage_pct": 53,
        "struct_damage": "No",
        "lon": 76.7716981,
        "lat": 16.2880605,
        "image": "images/0247.jpg"
      }
    },
    {
      "type": "Feature",
      "geometry": {
        "type": "Polygon",
        "coordinates": [
          [
            [
              76.77171807915929,
              16.2881583731046
            ],
            [
              76.77231581520482,
              16.288153363804213
            ],
            [
              76.77231269609304,
              16.287806234859204
            ],
            [
              76.77171496109813,
              16.287811244047074
            ],
            [
              76.77171807915929,
              16.2881583731046
            ]
          ]
        ]
      },
      "properties": {
        "id": 248,
        "area": "NRBC_D10_Survey_1",
        "canal": "Lateral 1A",
        "type": "lateral",
        "chainage_m": 1470.0,
        "status": "moderate",
        "blockage_pct": 51,
        "struct_damage": "No",
        "lon": 76.7720154,
        "lat": 16.2879823,
        "image": "images/0248.jpg"
      }
    },
    {
      "type": "Feature",
      "geometry": {
        "type": "Polygon",
        "coordinates": [
          [
            [
              76.77203504848075,
              16.288079088445013
            ],
            [
              76.77263278418319,
              16.288074078272555
            ],
            [
              76.77262966731762,
              16.287727259598196
            ],
            [
              76.77203193266486,
              16.28773226965822
            ],
            [
              76.77203504848075,
              16.288079088445013
            ]
          ]
        ]
      },
      "properties": {
        "id": 249,
        "area": "NRBC_D10_Survey_1",
        "canal": "Lateral 1A",
        "type": "lateral",
        "chainage_m": 1505.0,
        "status": "moderate",
        "blockage_pct": 64,
        "struct_damage": "No",
        "lon": 76.7723324,
        "lat": 16.2879032,
        "image": "images/0249.jpg"
      }
    },
    {
      "type": "Feature",
      "geometry": {
        "type": "Polygon",
        "coordinates": [
          [
            [
              76.77235202028778,
              16.288000113548115
            ],
            [
              76.77295521588412,
              16.287995056720458
            ],
            [
              76.77295227692248,
              16.287668091764196
            ],
            [
              76.77234908232477,
              16.287673148484867
            ],
            [
              76.77235202028778,
              16.288000113548115
            ]
          ]
        ]
      },
      "properties": {
        "id": 250,
        "area": "NRBC_D10_Survey_1",
        "canal": "Lateral 1A",
        "type": "lateral",
        "chainage_m": 1540.0,
        "status": "moderate",
        "blockage_pct": 35,
        "struct_damage": "No",
        "lon": 76.7726521,
        "lat": 16.2878341,
        "image": "images/0250.jpg"
      }
    },
    {
      "type": "Feature",
      "geometry": {
        "type": "Polygon",
        "coordinates": [
          [
            [
              76.77266998603231,
              16.287924542470492
            ],
            [
              76.77327029058179,
              16.2879195090012
            ],
            [
              76.77326726186963,
              16.28758261727025
            ],
            [
              76.77266695834413,
              16.287587650629828
            ],
            [
              76.77266998603231,
              16.287924542470492
            ]
          ]
        ]
      },
      "properties": {
        "id": 251,
        "area": "NRBC_D10_Survey_1",
        "canal": "Lateral 1A",
        "type": "lateral",
        "chainage_m": 1575.0,
        "status": "moderate",
        "blockage_pct": 33,
        "struct_damage": "No",
        "lon": 76.7729686,
        "lat": 16.2877536,
        "image": "images/0251.jpg"
      }
    },
    {
      "type": "Feature",
      "geometry": {
        "type": "Polygon",
        "coordinates": [
          [
            [
              76.77298795148549,
              16.28784897093801
            ],
            [
              76.77358568618132,
              16.287843958141455
            ],
            [
              76.7735825676873,
              16.287497139639147
            ],
            [
              76.77298483404111,
              16.28750215232321
            ],
            [
              76.77298795148549,
              16.28784897093801
            ]
          ]
        ]
      },
      "properties": {
        "id": 252,
        "area": "NRBC_D10_Survey_1",
        "canal": "Lateral 1A",
        "type": "lateral",
        "chainage_m": 1610.0,
        "status": "moderate",
        "blockage_pct": 39,
        "struct_damage": "No",
        "lon": 76.7732853,
        "lat": 16.2876731,
        "image": "images/0252.jpg"
      }
    },
    {
      "type": "Feature",
      "geometry": {
        "type": "Polygon",
        "coordinates": [
          [
            [
              76.77330492239928,
              16.287769994684428
            ],
            [
              76.77390490508161,
              16.28776496215405
            ],
            [
              76.77390184462833,
              16.28742465818828
            ],
            [
              76.77330186297982,
              16.287429690607844
            ],
            [
              76.77330492239928,
              16.287769994684428
            ]
          ]
        ]
      },
      "properties": {
        "id": 253,
        "area": "NRBC_D10_Survey_1",
        "canal": "Lateral 1A",
        "type": "lateral",
        "chainage_m": 1645.0,
        "status": "full",
        "blockage_pct": 76,
        "struct_damage": "No",
        "lon": 76.7736034,
        "lat": 16.2875973,
        "image": "images/0253.jpg"
      }
    },
    {
      "type": "Feature",
      "geometry": {
        "type": "Polygon",
        "coordinates": [
          [
            [
              76.77362022848577,
              16.287684516970582
            ],
            [
              76.77421796247798,
              16.287679502436422
            ],
            [
              76.7742148289544,
              16.28733113298178
            ],
            [
              76.77361709601652,
              16.287336147402904
            ],
            [
              76.77362022848577,
              16.287684516970582
            ]
          ]
        ]
      },
      "properties": {
        "id": 254,
        "area": "NRBC_D10_Survey_1",
        "canal": "Lateral 1A",
        "type": "lateral",
        "chainage_m": 1680.0,
        "status": "moderate",
        "blockage_pct": 59,
        "struct_damage": "No",
        "lon": 76.7739175,
        "lat": 16.2875078,
        "image": "images/0254.jpg"
      }
    },
    {
      "type": "Feature",
      "geometry": {
        "type": "Polygon",
        "coordinates": [
          [
            [
              76.77393553146304,
              16.287598728599388
            ],
            [
              76.77453069557747,
              16.287593734763497
            ],
            [
              76.77452749175025,
              16.2872376100357
            ],
            [
              76.77393232870898,
              16.287242603756518
            ],
            [
              76.77393553146304,
              16.287598728599388
            ]
          ]
        ]
      },
      "properties": {
        "id": 255,
        "area": "NRBC_D10_Survey_1",
        "canal": "Lateral 1A",
        "type": "lateral",
        "chainage_m": 1715.0,
        "status": "moderate",
        "blockage_pct": 44,
        "struct_damage": "No",
        "lon": 76.7742315,
        "lat": 16.2874182,
        "image": "images/0255.jpg"
      }
    },
    {
      "type": "Feature",
      "geometry": {
        "type": "Polygon",
        "coordinates": [
          [
            [
              76.77424984822903,
              16.287510466163468
            ],
            [
              76.77484790267859,
              16.287505447206208
            ],
            [
              76.77484480994676,
              16.28716173106216
            ],
            [
              76.774246756538,
              16.287166749907797
            ],
            [
              76.77424984822903,
              16.287510466163468
            ]
          ]
        ]
      },
      "properties": {
        "id": 256,
        "area": "NRBC_D10_Survey_1",
        "canal": "Lateral 1A",
        "type": "lateral",
        "chainage_m": 1750.0,
        "status": "moderate",
        "blockage_pct": 67,
        "struct_damage": "No",
        "lon": 76.7745473,
        "lat": 16.2873361,
        "image": "images/0256.jpg"
      }
    },
    {
      "type": "Feature",
      "geometry": {
        "type": "Polygon",
        "coordinates": [
          [
            [
              76.77456716700465,
              16.28743458755471
            ],
            [
              76.77516586349907,
              16.287429562330193
            ],
            [
              76.77516277581202,
              16.287086466669297
            ],
            [
              76.77456408035762,
              16.287091491782245
            ],
            [
              76.77456716700465,
              16.28743458755471
            ]
          ]
        ]
      },
      "properties": {
        "id": 257,
        "area": "NRBC_D10_Survey_1",
        "canal": "Lateral 1A",
        "type": "lateral",
        "chainage_m": 1785.0,
        "status": "moderate",
        "blockage_pct": 51,
        "struct_damage": "No",
        "lon": 76.774865,
        "lat": 16.2872605,
        "image": "images/0257.jpg"
      }
    },
    {
      "type": "Feature",
      "geometry": {
        "type": "Polygon",
        "coordinates": [
          [
            [
              76.77488513344923,
              16.28735932352744
            ],
            [
              76.77548222366737,
              16.287354310909805
            ],
            [
              76.77547907960108,
              16.287005011044947
            ],
            [
              76.77488199043893,
              16.28701002354929
            ],
            [
              76.77488513344923,
              16.28735932352744
            ]
          ]
        ]
      },
      "properties": {
        "id": 258,
        "area": "NRBC_D10_Survey_1",
        "canal": "Lateral 1A",
        "type": "lateral",
        "chainage_m": 1820.0,
        "status": "moderate",
        "blockage_pct": 60,
        "struct_damage": "No",
        "lon": 76.7751821,
        "lat": 16.2871822,
        "image": "images/0258.jpg"
      }
    },
    {
      "type": "Feature",
      "geometry": {
        "type": "Polygon",
        "coordinates": [
          [
            [
              76.7752014378229,
              16.28727786826602
            ],
            [
              76.77579884888047,
              16.287272852082538
            ],
            [
              76.77579570985566,
              16.28692417270113
            ],
            [
              76.77519829985275,
              16.28692918877144
            ],
            [
              76.7752014378229,
              16.28727786826602
            ]
          ]
        ]
      },
      "properties": {
        "id": 259,
        "area": "NRBC_D10_Survey_1",
        "canal": "Lateral 1A",
        "type": "lateral",
        "chainage_m": 1855.0,
        "status": "full",
        "blockage_pct": 80,
        "struct_damage": "No",
        "lon": 76.7754986,
        "lat": 16.287101,
        "image": "images/0259.jpg"
      }
    },
    {
      "type": "Feature",
      "geometry": {
        "type": "Polygon",
        "coordinates": [
          [
            [
              76.77551806866178,
              16.28719703028557
            ],
            [
              76.7761135522407,
              16.287192029418755
            ],
            [
              76.77611035681277,
              16.286837145835865
            ],
            [
              76.77551487430382,
              16.28684214658783
            ],
            [
              76.77551806866178,
              16.28719703028557
            ]
          ]
        ]
      },
      "properties": {
        "id": 260,
        "area": "NRBC_D10_Survey_1",
        "canal": "Lateral 1A",
        "type": "lateral",
        "chainage_m": 1890.0,
        "status": "full",
        "blockage_pct": 91,
        "struct_damage": "No",
        "lon": 76.7758142,
        "lat": 16.2870171,
        "image": "images/0260.jpg"
      }
    },
    {
      "type": "Feature",
      "geometry": {
        "type": "Polygon",
        "coordinates": [
          [
            [
              76.775832716208,
              16.287110003780608
            ],
            [
              76.77642595110417,
              16.287105020941738
            ],
            [
              76.77642269087853,
              16.286743002520094
            ],
            [
              76.7758294570697,
              16.286747985242247
            ],
            [
              76.775832716208,
              16.287110003780608
            ]
          ]
        ]
      },
      "properties": {
        "id": 261,
        "area": "NRBC_D10_Survey_1",
        "canal": "Lateral 1A",
        "type": "lateral",
        "chainage_m": 1925.0,
        "status": "moderate",
        "blockage_pct": 60,
        "struct_damage": "No",
        "lon": 76.7761277,
        "lat": 16.2869265,
        "image": "images/0261.jpg"
      }
    },
    {
      "type": "Feature",
      "geometry": {
        "type": "Polygon",
        "coordinates": [
          [
            [
              76.77614505086834,
              16.2870158608216
            ],
            [
              76.77674149726154,
              16.287010850147617
            ],
            [
              76.77673832868301,
              16.286659068808248
            ],
            [
              76.77614188335214,
              16.28666407936817
            ],
            [
              76.77614505086834,
              16.2870158608216
            ]
          ]
        ]
      },
      "properties": {
        "id": 262,
        "area": "NRBC_D10_Survey_1",
        "canal": "Lateral 1A",
        "type": "lateral",
        "chainage_m": 1960.0,
        "status": "moderate",
        "blockage_pct": 66,
        "struct_damage": "No",
        "lon": 76.7764417,
        "lat": 16.2868375,
        "image": "images/0262.jpg"
      }
    },
    {
      "type": "Feature",
      "geometry": {
        "type": "Polygon",
        "coordinates": [
          [
            [
              76.77646068925955,
              16.286931927471556
            ],
            [
              76.77705874123605,
              16.286926902436733
            ],
            [
              76.77705563079599,
              16.286581635623627
            ],
            [
              76.77645757986494,
              16.28658666054618
            ],
            [
              76.77646068925955,
              16.286931927471556
            ]
          ]
        ]
      },
      "properties": {
        "id": 263,
        "area": "NRBC_D10_Survey_1",
        "canal": "Lateral 1A",
        "type": "lateral",
        "chainage_m": 1995.0,
        "status": "full",
        "blockage_pct": 73,
        "struct_damage": "No",
        "lon": 76.7767582,
        "lat": 16.2867568,
        "image": "images/0263.jpg"
      }
    },
    {
      "type": "Feature",
      "geometry": {
        "type": "Polygon",
        "coordinates": [
          [
            [
              76.77677799195358,
              16.28685449465144
            ],
            [
              76.77708536868121,
              16.286851911728906
            ],
            [
              76.77708287582655,
              16.286575201940984
            ],
            [
              76.77677549952955,
              16.286577784817272
            ],
            [
              76.77677799195358,
              16.28685449465144
            ]
          ]
        ]
      },
      "properties": {
        "id": 264,
        "area": "NRBC_D10_Survey_1",
        "canal": "Lateral 1A",
        "type": "lateral",
        "chainage_m": 2030.0,
        "status": "full",
        "blockage_pct": 75,
        "struct_damage": "No",
        "lon": 76.7769304,
        "lat": 16.2867148,
        "image": "images/0264.jpg"
      }
    },
    {
      "type": "Feature",
      "geometry": {
        "type": "Polygon",
        "coordinates": [
          [
            [
              76.76450990698972,
              16.299920819285102
            ],
            [
              76.76501742068808,
              16.29991658079114
            ],
            [
              76.76501317862277,
              16.299442883373153
            ],
            [
              76.76450566614263,
              16.299447121737284
            ],
            [
              76.76450990698972,
              16.299920819285102
            ]
          ]
        ]
      },
      "properties": {
        "id": 265,
        "area": "NRBC_D10_Survey_1",
        "canal": "Lateral 1",
        "type": "lateral",
        "chainage_m": 0.0,
        "status": "moderate",
        "blockage_pct": 38,
        "struct_damage": "No",
        "lon": 76.7647615,
        "lat": 16.2996819,
        "image": "images/0265.jpg"
      }
    },
    {
      "type": "Feature",
      "geometry": {
        "type": "Polygon",
        "coordinates": [
          [
            [
              76.76419023414002,
              16.29998770761368
            ],
            [
              76.76479057816685,
              16.29998269460712
            ],
            [
              76.76478758102067,
              16.299647973212224
            ],
            [
              76.76418723801213,
              16.29965298611029
            ],
            [
              76.76419023414002,
              16.29998770761368
            ]
          ]
        ]
      },
      "properties": {
        "id": 266,
        "area": "NRBC_D10_Survey_1",
        "canal": "Lateral 1",
        "type": "lateral",
        "chainage_m": 35.0,
        "status": "moderate",
        "blockage_pct": 32,
        "struct_damage": "No",
        "lon": 76.7644889,
        "lat": 16.2998178,
        "image": "images/0266.jpg"
      }
    },
    {
      "type": "Feature",
      "geometry": {
        "type": "Polygon",
        "coordinates": [
          [
            [
              76.76387258268868,
              16.300065126688132
            ],
            [
              76.76447099978546,
              16.300060130653655
            ],
            [
              76.76446790874255,
              16.299714861910033
            ],
            [
              76.76386949269276,
              16.29971985783297
            ],
            [
              76.76387258268868,
              16.300065126688132
            ]
          ]
        ]
      },
      "properties": {
        "id": 267,
        "area": "NRBC_D10_Survey_1",
        "canal": "Lateral 1",
        "type": "lateral",
        "chainage_m": 70.0,
        "status": "moderate",
        "blockage_pct": 36,
        "struct_damage": "No",
        "lon": 76.7641702,
        "lat": 16.29989,
        "image": "images/0267.jpg"
      }
    },
    {
      "type": "Feature",
      "geometry": {
        "type": "Polygon",
        "coordinates": [
          [
            [
              76.76355292594693,
              16.30013387538328
            ],
            [
              76.76415327062571,
              16.300128864143126
            ],
            [
              76.76415025787298,
              16.29979228135014
            ],
            [
              76.76354991421816,
              16.29979729248122
            ],
            [
              76.76355292594693,
              16.30013387538328
            ]
          ]
        ]
      },
      "properties": {
        "id": 268,
        "area": "NRBC_D10_Survey_1",
        "canal": "Lateral 1",
        "type": "lateral",
        "chainage_m": 105.0,
        "status": "moderate",
        "blockage_pct": 38,
        "struct_damage": "No",
        "lon": 76.7638516,
        "lat": 16.2999631,
        "image": "images/0268.jpg"
      }
    },
    {
      "type": "Feature",
      "geometry": {
        "type": "Polygon",
        "coordinates": [
          [
            [
              76.76323292551912,
              16.300200144578742
            ],
            [
              76.76383359171535,
              16.30019513154645
            ],
            [
              76.76383060170514,
              16.299861030414302
            ],
            [
              76.76322993652586,
              16.299866043338294
            ],
            [
              76.76323292551912,
              16.300200144578742
            ]
          ]
        ]
      },
      "properties": {
        "id": 269,
        "area": "NRBC_D10_Survey_1",
        "canal": "Lateral 1",
        "type": "lateral",
        "chainage_m": 140.0,
        "status": "partial",
        "blockage_pct": 30,
        "struct_damage": "No",
        "lon": 76.7635318,
        "lat": 16.3000306,
        "image": "images/0269.jpg"
      }
    },
    {
      "type": "Feature",
      "geometry": {
        "type": "Polygon",
        "coordinates": [
          [
            [
              76.76290739418374,
              16.300222715906738
            ],
            [
              76.7635131999449,
              16.300217660901016
            ],
            [
              76.7635106018486,
              16.299927299979473
            ],
            [
              76.76290479697882,
              16.29993235489028
            ],
            [
              76.76290739418374,
              16.300222715906738
            ]
          ]
        ]
      },
      "properties": {
        "id": 270,
        "area": "NRBC_D10_Survey_1",
        "canal": "Lateral 1",
        "type": "lateral",
        "chainage_m": 175.0,
        "status": "partial",
        "blockage_pct": 19,
        "struct_damage": "No",
        "lon": 76.763209,
        "lat": 16.300075,
        "image": "images/0270.jpg"
      }
    },
    {
      "type": "Feature",
      "geometry": {
        "type": "Polygon",
        "coordinates": [
          [
            [
              76.76257998755301,
              16.30021520930015
            ],
            [
              76.76318739945802,
              16.30021014183385
            ],
            [
              76.7631848878741,
              16.299929397517264
            ],
            [
              76.76257747683323,
              16.299934464891578
            ],
            [
              76.76257998755301,
              16.30021520930015
            ]
          ]
        ]
      },
      "properties": {
        "id": 271,
        "area": "NRBC_D10_Survey_1",
        "canal": "Lateral 1",
        "type": "lateral",
        "chainage_m": 210.0,
        "status": "partial",
        "blockage_pct": 20,
        "struct_damage": "No",
        "lon": 76.7628824,
        "lat": 16.3000723,
        "image": "images/0271.jpg"
      }
    },
    {
      "type": "Feature",
      "geometry": {
        "type": "Polygon",
        "coordinates": [
          [
            [
              76.76225378030244,
              16.30023406241071
            ],
            [
              76.76286022873646,
              16.300229003915362
            ],
            [
              76.76285760107835,
              16.29993523052918
            ],
            [
              76.76225115354714,
              16.29994028892843
            ],
            [
              76.76225378030244,
              16.30023406241071
            ]
          ]
        ]
      },
      "properties": {
        "id": 272,
        "area": "NRBC_D10_Survey_1",
        "canal": "Lateral 1",
        "type": "lateral",
        "chainage_m": 245.0,
        "status": "partial",
        "blockage_pct": 14,
        "struct_damage": "No",
        "lon": 76.7625557,
        "lat": 16.3000846,
        "image": "images/0272.jpg"
      }
    },
    {
      "type": "Feature",
      "geometry": {
        "type": "Polygon",
        "coordinates": [
          [
            [
              76.76193372083205,
              16.300293815182602
            ],
            [
              76.76253438773529,
              16.300288805814333
            ],
            [
              76.76253145816642,
              16.299961218961972
            ],
            [
              76.76193079226033,
              16.29996622822413
            ],
            [
              76.76193372083205,
              16.300293815182602
            ]
          ]
        ]
      },
      "properties": {
        "id": 273,
        "area": "NRBC_D10_Survey_1",
        "canal": "Lateral 1",
        "type": "lateral",
        "chainage_m": 280.0,
        "status": "partial",
        "blockage_pct": 26,
        "struct_damage": "No",
        "lon": 76.7622326,
        "lat": 16.3001275,
        "image": "images/0273.jpg"
      }
    },
    {
      "type": "Feature",
      "geometry": {
        "type": "Polygon",
        "coordinates": [
          [
            [
              76.76160964851934,
              16.300335917369285
            ],
            [
              76.76221417020376,
              16.30033087676402
            ],
            [
              76.76221139925914,
              16.30002097210444
            ],
            [
              76.76160687852409,
              16.300026012608694
            ],
            [
              76.76160964851934,
              16.300335917369285
            ]
          ]
        ]
      },
      "properties": {
        "id": 274,
        "area": "NRBC_D10_Survey_1",
        "canal": "Lateral 1",
        "type": "lateral",
        "chainage_m": 315.0,
        "status": "moderate",
        "blockage_pct": 38,
        "struct_damage": "No",
        "lon": 76.7619105,
        "lat": 16.3001784,
        "image": "images/0274.jpg"
      }
    },
    {
      "type": "Feature",
      "geometry": {
        "type": "Polygon",
        "coordinates": [
          [
            [
              76.76128352121607,
              16.300363765245233
            ],
            [
              76.76188997036684,
              16.300358709494564
            ],
            [
              76.76188732749334,
              16.30006307466844
            ],
            [
              76.76128087925113,
              16.30006813032245
            ],
            [
              76.76128352121607,
              16.300363765245233
            ]
          ]
        ]
      },
      "properties": {
        "id": 275,
        "area": "NRBC_D10_Survey_1",
        "canal": "Lateral 1",
        "type": "lateral",
        "chainage_m": 350.0,
        "status": "moderate",
        "blockage_pct": 50,
        "struct_damage": "No",
        "lon": 76.7615854,
        "lat": 16.3002134,
        "image": "images/0275.jpg"
      }
    },
    {
      "type": "Feature",
      "geometry": {
        "type": "Polygon",
        "coordinates": [
          [
            [
              76.76095850953995,
              16.300372678799196
            ],
            [
              76.76156367397455,
              16.300367634689547
            ],
            [
              76.76156108704232,
              16.30007820411132
            ],
            [
              76.7609559234953,
              16.30008324812657
            ],
            [
              76.76095850953995,
              16.300372678799196
            ]
          ]
        ]
      },
      "properties": {
        "id": 276,
        "area": "NRBC_D10_Survey_1",
        "canal": "Lateral 1",
        "type": "lateral",
        "chainage_m": 385.0,
        "status": "moderate",
        "blockage_pct": 33,
        "struct_damage": "No",
        "lon": 76.7612598,
        "lat": 16.3002254,
        "image": "images/0276.jpg"
      }
    },
    {
      "type": "Feature",
      "geometry": {
        "type": "Polygon",
        "coordinates": [
          [
            [
              76.7607582934901,
              16.300614781846924
            ],
            [
              76.76124075539441,
              16.300610761020273
            ],
            [
              76.76123618955228,
              16.30009983686194
            ],
            [
              76.76075372889714,
              16.30010385755575
            ],
            [
              76.7607582934901,
              16.300614781846924
            ]
          ]
        ]
      },
      "properties": {
        "id": 277,
        "area": "NRBC_D10_Survey_1",
        "canal": "Lateral 1",
        "type": "lateral",
        "chainage_m": 420.0,
        "status": "partial",
        "blockage_pct": 22,
        "struct_damage": "No",
        "lon": 76.7609972,
        "lat": 16.3003573,
        "image": "images/0277.jpg"
      }
    },
    {
      "type": "Feature",
      "geometry": {
        "type": "Polygon",
        "coordinates": [
          [
            [
              76.76061112178073,
              16.300897394215948
            ],
            [
              76.76104090541224,
              16.300893812706764
            ],
            [
              76.76103597411351,
              16.30034194011825
            ],
            [
              76.76060619168396,
              16.300345521499636
            ],
            [
              76.76061112178073,
              16.300897394215948
            ]
          ]
        ]
      },
      "properties": {
        "id": 278,
        "area": "NRBC_D10_Survey_1",
        "canal": "Lateral 1",
        "type": "lateral",
        "chainage_m": 455.0,
        "status": "moderate",
        "blockage_pct": 47,
        "struct_damage": "No",
        "lon": 76.7608235,
        "lat": 16.3006197,
        "image": "images/0278.jpg"
      }
    },
    {
      "type": "Feature",
      "geometry": {
        "type": "Polygon",
        "coordinates": [
          [
            [
              76.76046201408337,
              16.301179091928724
            ],
            [
              76.76089372564712,
              16.301175494601154
            ],
            [
              76.7608888029856,
              16.300624552628744
            ],
            [
              76.7604570926272,
              16.30062814982816
            ],
            [
              76.76046201408337,
              16.301179091928724
            ]
          ]
        ]
      },
      "properties": {
        "id": 279,
        "area": "NRBC_D10_Survey_1",
        "canal": "Lateral 1",
        "type": "lateral",
        "chainage_m": 490.0,
        "status": "moderate",
        "blockage_pct": 51,
        "struct_damage": "No",
        "lon": 76.7606754,
        "lat": 16.3009018,
        "image": "images/0279.jpg"
      }
    },
    {
      "type": "Feature",
      "geometry": {
        "type": "Polygon",
        "coordinates": [
          [
            [
              76.76031193680538,
              16.301460177168742
            ],
            [
              76.76074461266286,
              16.30145657205728
            ],
            [
              76.76073969587155,
              16.300906250485355
            ],
            [
              76.76030702122077,
              16.30090985546854
            ],
            [
              76.76031193680538,
              16.301460177168742
            ]
          ]
        ]
      },
      "properties": {
        "id": 280,
        "area": "NRBC_D10_Survey_1",
        "canal": "Lateral 1",
        "type": "lateral",
        "chainage_m": 525.0,
        "status": "moderate",
        "blockage_pct": 32,
        "struct_damage": "No",
        "lon": 76.7605258,
        "lat": 16.3011832,
        "image": "images/0280.jpg"
      }
    },
    {
      "type": "Feature",
      "geometry": {
        "type": "Polygon",
        "coordinates": [
          [
            [
              76.76016024751355,
              16.301740655286043
            ],
            [
              76.76059453009651,
              16.301737037042134
            ],
            [
              76.76058961917757,
              16.301187335870452
            ],
            [
              76.76015533780446,
              16.301190953985756
            ],
            [
              76.76016024751355,
              16.301740655286043
            ]
          ]
        ]
      },
      "properties": {
        "id": 281,
        "area": "NRBC_D10_Survey_1",
        "canal": "Lateral 1",
        "type": "lateral",
        "chainage_m": 560.0,
        "status": "partial",
        "blockage_pct": 29,
        "struct_damage": "No",
        "lon": 76.7603749,
        "lat": 16.301464,
        "image": "images/0281.jpg"
      }
    },
    {
      "type": "Feature",
      "geometry": {
        "type": "Polygon",
        "coordinates": [
          [
            [
              76.76000790707756,
              16.302020208035422
            ],
            [
              76.76044283274281,
              16.302016584691557
            ],
            [
              76.76043792770031,
              16.301467503919664
            ],
            [
              76.76000300324533,
              16.3014711271349
            ],
            [
              76.76000790707756,
              16.302020208035422
            ]
          ]
        ]
      },
      "properties": {
        "id": 282,
        "area": "NRBC_D10_Survey_1",
        "canal": "Lateral 1",
        "type": "lateral",
        "chainage_m": 595.0,
        "status": "moderate",
        "blockage_pct": 41,
        "struct_damage": "No",
        "lon": 76.7602229,
        "lat": 16.3017439,
        "image": "images/0282.jpg"
      }
    },
    {
      "type": "Feature",
      "geometry": {
        "type": "Polygon",
        "coordinates": [
          [
            [
              76.75985363617322,
              16.302299466548074
            ],
            [
              76.76029048978593,
              16.302295827404354
            ],
            [
              76.76028559062101,
              16.301747367032114
            ],
            [
              76.75984873822262,
              16.301751006046793
            ],
            [
              76.75985363617322,
              16.302299466548074
            ]
          ]
        ]
      },
      "properties": {
        "id": 283,
        "area": "NRBC_D10_Survey_1",
        "canal": "Lateral 1",
        "type": "lateral",
        "chainage_m": 630.0,
        "status": "moderate",
        "blockage_pct": 37,
        "struct_damage": "No",
        "lon": 76.7600696,
        "lat": 16.3020234,
        "image": "images/0283.jpg"
      }
    },
    {
      "type": "Feature",
      "geometry": {
        "type": "Polygon",
        "coordinates": [
          [
            [
              76.75970323330911,
              16.30258024395608
            ],
            [
              76.76013783906517,
              16.30257662379427
            ],
            [
              76.76013293192355,
              16.3020272327459
            ],
            [
              76.75969832737762,
              16.302030852779122
            ],
            [
              76.75970323330911,
              16.30258024395608
            ]
          ]
        ]
      },
      "properties": {
        "id": 284,
        "area": "NRBC_D10_Survey_1",
        "canal": "Lateral 1",
        "type": "lateral",
        "chainage_m": 665.0,
        "status": "partial",
        "blockage_pct": 20,
        "struct_damage": "No",
        "lon": 76.7599181,
        "lat": 16.3023037,
        "image": "images/0284.jpg"
      }
    },
    {
      "type": "Feature",
      "geometry": {
        "type": "Polygon",
        "coordinates": [
          [
            [
              76.75955444444145,
              16.30286193856184
            ],
            [
              76.75998583868527,
              16.30285834540326
            ],
            [
              76.75998091802484,
              16.302307403248538
            ],
            [
              76.75954952498563,
              16.302310996279136
            ],
            [
              76.75955444444145,
              16.30286193856184
            ]
          ]
        ]
      },
      "properties": {
        "id": 285,
        "area": "NRBC_D10_Survey_1",
        "canal": "Lateral 1",
        "type": "lateral",
        "chainage_m": 700.0,
        "status": "partial",
        "blockage_pct": 12,
        "struct_damage": "No",
        "lon": 76.7597677,
        "lat": 16.3025847,
        "image": "images/0285.jpg"
      }
    },
    {
      "type": "Feature",
      "geometry": {
        "type": "Polygon",
        "coordinates": [
          [
            [
              76.75940017232527,
              16.303141196849506
            ],
            [
              76.75983542182378,
              16.303137571838707
            ],
            [
              76.75983051811723,
              16.302588490945038
            ],
            [
              76.75939526983,
              16.302592115827157
            ],
            [
              76.75940017232527,
              16.303141196849506
            ]
          ]
        ]
      },
      "properties": {
        "id": 286,
        "area": "NRBC_D10_Survey_1",
        "canal": "Lateral 1",
        "type": "lateral",
        "chainage_m": 735.0,
        "status": "partial",
        "blockage_pct": 17,
        "struct_damage": "No",
        "lon": 76.7596153,
        "lat": 16.3028648,
        "image": "images/0286.jpg"
      }
    },
    {
      "type": "Feature",
      "geometry": {
        "type": "Polygon",
        "coordinates": [
          [
            [
              76.75924686345489,
              16.303420447035972
            ],
            [
              76.75968275604157,
              16.303416816929737
            ],
            [
              76.75967785821206,
              16.302868356435777
            ],
            [
              76.7592419668371,
              16.302871986413294
            ],
            [
              76.75924686345489,
              16.303420447035972
            ]
          ]
        ]
      },
      "properties": {
        "id": 287,
        "area": "NRBC_D10_Survey_1",
        "canal": "Lateral 1",
        "type": "lateral",
        "chainage_m": 770.0,
        "status": "partial",
        "blockage_pct": 19,
        "struct_damage": "No",
        "lon": 76.7594624,
        "lat": 16.3031444,
        "image": "images/0287.jpg"
      }
    },
    {
      "type": "Feature",
      "geometry": {
        "type": "Polygon",
        "coordinates": [
          [
            [
              76.75905992592033,
              16.303675158076082
            ],
            [
              76.75952858337342,
              16.30367125542902
            ],
            [
              76.75952390472362,
              16.30314730190644
            ],
            [
              76.75905524851514,
              16.303151204421304
            ],
            [
              76.75905992592033,
              16.303675158076082
            ]
          ]
        ]
      },
      "properties": {
        "id": 288,
        "area": "NRBC_D10_Survey_1",
        "canal": "Lateral 1",
        "type": "lateral",
        "chainage_m": 805.0,
        "status": "moderate",
        "blockage_pct": 47,
        "struct_damage": "No",
        "lon": 76.7592919,
        "lat": 16.3034112,
        "image": "images/0288.jpg"
      }
    },
    {
      "type": "Feature",
      "geometry": {
        "type": "Polygon",
        "coordinates": [
          [
            [
              76.7588115160774,
              16.303881052858134
            ],
            [
              76.75934184805347,
              16.303876637126375
            ],
            [
              76.75933761300072,
              16.30340231800312
            ],
            [
              76.75880728229966,
              16.30340673359947
            ],
            [
              76.7588115160774,
              16.303881052858134
            ]
          ]
        ]
      },
      "properties": {
        "id": 289,
        "area": "NRBC_D10_Survey_1",
        "canal": "Lateral 1",
        "type": "lateral",
        "chainage_m": 840.0,
        "status": "moderate",
        "blockage_pct": 50,
        "struct_damage": "No",
        "lon": 76.7590746,
        "lat": 16.3036417,
        "image": "images/0289.jpg"
      }
    },
    {
      "type": "Feature",
      "geometry": {
        "type": "Polygon",
        "coordinates": [
          [
            [
              76.75857056850015,
              16.30409526171162
            ],
            [
              76.75909351308485,
              16.304090908045005
            ],
            [
              76.75908920379665,
              16.303608213054844
            ],
            [
              76.75856626049139,
              16.303612566585592
            ],
            [
              76.75857056850015,
              16.30409526171162
            ]
          ]
        ]
      },
      "properties": {
        "id": 290,
        "area": "NRBC_D10_Survey_1",
        "canal": "Lateral 1",
        "type": "lateral",
        "chainage_m": 875.0,
        "status": "moderate",
        "blockage_pct": 46,
        "struct_damage": "No",
        "lon": 76.7588299,
        "lat": 16.3038517,
        "image": "images/0290.jpg"
      }
    },
    {
      "type": "Feature",
      "geometry": {
        "type": "Polygon",
        "coordinates": [
          [
            [
              76.75832767369904,
              16.30430731487053
            ],
            [
              76.75885190379233,
              16.30430295105276
            ],
            [
              76.75884761165112,
              16.303822117301376
            ],
            [
              76.75832338283551,
              16.3038264809835
            ],
            [
              76.75832767369904,
              16.30430731487053
            ]
          ]
        ]
      },
      "properties": {
        "id": 291,
        "area": "NRBC_D10_Survey_1",
        "canal": "Lateral 1",
        "type": "lateral",
        "chainage_m": 910.0,
        "status": "partial",
        "blockage_pct": 18,
        "struct_damage": "No",
        "lon": 76.7585876,
        "lat": 16.3040647,
        "image": "images/0291.jpg"
      }
    },
    {
      "type": "Feature",
      "geometry": {
        "type": "Polygon",
        "coordinates": [
          [
            [
              76.75808510512535,
              16.304519985554833
            ],
            [
              76.75860965707257,
              16.304515619609532
            ],
            [
              76.75860536269451,
              16.304034475589667
            ],
            [
              76.75808081202658,
              16.304038841399155
            ],
            [
              76.75808510512535,
              16.304519985554833
            ]
          ]
        ]
      },
      "properties": {
        "id": 292,
        "area": "NRBC_D10_Survey_1",
        "canal": "Lateral 1",
        "type": "lateral",
        "chainage_m": 945.0,
        "status": "partial",
        "blockage_pct": 30,
        "struct_damage": "No",
        "lon": 76.7583452,
        "lat": 16.3042772,
        "image": "images/0292.jpg"
      }
    },
    {
      "type": "Feature",
      "geometry": {
        "type": "Polygon",
        "coordinates": [
          [
            [
              76.7578412373033,
              16.3047311156216
            ],
            [
              76.7583667535418,
              16.304726742205826
            ],
            [
              76.75836247077157,
              16.30424683899416
            ],
            [
              76.75783695581143,
              16.304251212274256
            ],
            [
              76.7578412373033,
              16.3047311156216
            ]
          ]
        ]
      },
      "properties": {
        "id": 293,
        "area": "NRBC_D10_Survey_1",
        "canal": "Lateral 1",
        "type": "lateral",
        "chainage_m": 980.0,
        "status": "moderate",
        "blockage_pct": 39,
        "struct_damage": "No",
        "lon": 76.7581019,
        "lat": 16.304489,
        "image": "images/0293.jpg"
      }
    },
    {
      "type": "Feature",
      "geometry": {
        "type": "Polygon",
        "coordinates": [
          [
            [
              76.75759801692838,
              16.30494286053982
            ],
            [
              76.75812321257982,
              16.304938490347027
            ],
            [
              76.75811892757585,
              16.30445827686655
            ],
            [
              76.75759373320285,
              16.304462646923675
            ],
            [
              76.75759801692838,
              16.30494286053982
            ]
          ]
        ]
      },
      "properties": {
        "id": 294,
        "area": "NRBC_D10_Survey_1",
        "canal": "Lateral 1",
        "type": "lateral",
        "chainage_m": 1015.0,
        "status": "partial",
        "blockage_pct": 20,
        "struct_damage": "No",
        "lon": 76.7578585,
        "lat": 16.3047006,
        "image": "images/0294.jpg"
      }
    },
    {
      "type": "Feature",
      "geometry": {
        "type": "Polygon",
        "coordinates": [
          [
            [
              76.75735966137874,
              16.305159838806592
            ],
            [
              76.75788003936188,
              16.30515550924423
            ],
            [
              76.75787570783932,
              16.304670022047716
            ],
            [
              76.75735533113681,
              16.304674351474198
            ],
            [
              76.75735966137874,
              16.305159838806592
            ]
          ]
        ]
      },
      "properties": {
        "id": 295,
        "area": "NRBC_D10_Survey_1",
        "canal": "Lateral 1",
        "type": "lateral",
        "chainage_m": 1050.0,
        "status": "full",
        "blockage_pct": 75,
        "struct_damage": "No",
        "lon": 76.7576177,
        "lat": 16.3049149,
        "image": "images/0295.jpg"
      }
    },
    {
      "type": "Feature",
      "geometry": {
        "type": "Polygon",
        "coordinates": [
          [
            [
              76.75728337928595,
              16.30521538559505
            ],
            [
              76.75763864981855,
              16.305212429990476
            ],
            [
              76.75763573022043,
              16.304885152640868
            ],
            [
              76.75728046027722,
              16.30488810818291
            ],
            [
              76.75728337928595,
              16.30521538559505
            ]
          ]
        ]
      },
      "properties": {
        "id": 296,
        "area": "NRBC_D10_Survey_1",
        "canal": "Lateral 1",
        "type": "lateral",
        "chainage_m": 1085.0,
        "status": "full",
        "blockage_pct": 77,
        "struct_damage": "No",
        "lon": 76.7574596,
        "lat": 16.3050503,
        "image": "images/0296.jpg"
      }
    },
    {
      "type": "Feature",
      "geometry": {
        "type": "Polygon",
        "coordinates": [
          [
            [
              76.76493331408328,
              16.299851202675598
            ],
            [
              76.76553976046118,
              16.299846136608036
            ],
            [
              76.76553708997184,
              16.299548020636127
            ],
            [
              76.76493064451007,
              16.299553086606032
            ],
            [
              76.76493331408328,
              16.299851202675598
            ]
          ]
        ]
      },
      "properties": {
        "id": 297,
        "area": "NRBC_D10_Survey_1",
        "canal": "Lateral 2",
        "type": "lateral",
        "chainage_m": 0.0,
        "status": "moderate",
        "blockage_pct": 36,
        "struct_damage": "No",
        "lon": 76.7652352,
        "lat": 16.2996996,
        "image": "images/0297.jpg"
      }
    },
    {
      "type": "Feature",
      "geometry": {
        "type": "Polygon",
        "coordinates": [
          [
            [
              76.76525941720914,
              16.29982086758111
            ],
            [
              76.76586618459757,
              16.299815797902863
            ],
            [
              76.76586365258717,
              16.299533192696817
            ],
            [
              76.76525688606766,
              16.299538262282418
            ],
            [
              76.76525941720914,
              16.29982086758111
            ]
          ]
        ]
      },
      "properties": {
        "id": 298,
        "area": "NRBC_D10_Survey_1",
        "canal": "Lateral 2",
        "type": "lateral",
        "chainage_m": 35.0,
        "status": "moderate",
        "blockage_pct": 37,
        "struct_damage": "No",
        "lon": 76.7655615,
        "lat": 16.299677,
        "image": "images/0298.jpg"
      }
    },
    {
      "type": "Feature",
      "geometry": {
        "type": "Polygon",
        "coordinates": [
          [
            [
              76.7655859858987,
              16.299806660453676
            ],
            [
              76.76619371676846,
              16.299801581788056
            ],
            [
              76.76619128714577,
              16.299530454558106
            ],
            [
              76.76558355711096,
              16.299535533134677
            ],
            [
              76.7655859858987,
              16.299806660453676
            ]
          ]
        ]
      },
      "properties": {
        "id": 299,
        "area": "NRBC_D10_Survey_1",
        "canal": "Lateral 2",
        "type": "lateral",
        "chainage_m": 70.0,
        "status": "partial",
        "blockage_pct": 10,
        "struct_damage": "No",
        "lon": 76.7658886,
        "lat": 16.2996686,
        "image": "images/0299.jpg"
      }
    },
    {
      "type": "Feature",
      "geometry": {
        "type": "Polygon",
        "coordinates": [
          [
            [
              76.76591360706358,
              16.299802371629404
            ],
            [
              76.76652101660169,
              16.299797294708387
            ],
            [
              76.76651854760429,
              16.299521824527954
            ],
            [
              76.76591113891408,
              16.299526901358536
            ],
            [
              76.76591360706358,
              16.299802371629404
            ]
          ]
        ]
      },
      "properties": {
        "id": 300,
        "area": "NRBC_D10_Survey_1",
        "canal": "Lateral 2",
        "type": "lateral",
        "chainage_m": 105.0,
        "status": "partial",
        "blockage_pct": 21,
        "struct_damage": "No",
        "lon": 76.7662161,
        "lat": 16.2996621,
        "image": "images/0300.jpg"
      }
    },
    {
      "type": "Feature",
      "geometry": {
        "type": "Polygon",
        "coordinates": [
          [
            [
              76.76624087637009,
              16.299794672626795
            ],
            [
              76.76684860698748,
              16.299789592081947
            ],
            [
              76.76684615978073,
              16.299516603663108
            ],
            [
              76.76623843000402,
              16.299521684118275
            ],
            [
              76.76624087637009,
              16.299794672626795
            ]
          ]
        ]
      },
      "properties": {
        "id": 301,
        "area": "NRBC_D10_Survey_1",
        "canal": "Lateral 2",
        "type": "lateral",
        "chainage_m": 140.0,
        "status": "partial",
        "blockage_pct": 28,
        "struct_damage": "No",
        "lon": 76.7665435,
        "lat": 16.2996556,
        "image": "images/0301.jpg"
      }
    },
    {
      "type": "Feature",
      "geometry": {
        "type": "Polygon",
        "coordinates": [
          [
            [
              76.7665681316951,
              16.299785422048778
            ],
            [
              76.76717554096574,
              16.299780343252078
            ],
            [
              76.76717302933551,
              16.299500219957903
            ],
            [
              76.76656562092707,
              16.29950529866261
            ],
            [
              76.7665681316951,
              16.299785422048778
            ]
          ]
        ]
      },
      "properties": {
        "id": 302,
        "area": "NRBC_D10_Survey_1",
        "canal": "Lateral 2",
        "type": "lateral",
        "chainage_m": 175.0,
        "status": "partial",
        "blockage_pct": 33,
        "struct_damage": "No",
        "lon": 76.7668706,
        "lat": 16.2996428,
        "image": "images/0302.jpg"
      }
    },
    {
      "type": "Feature",
      "geometry": {
        "type": "Polygon",
        "coordinates": [
          [
            [
              76.76689535912583,
              16.29977306882566
            ],
            [
              76.76750276825078,
              16.29976798909239
            ],
            [
              76.76750017270024,
              16.29947855942731
            ],
            [
              76.76689276446612,
              16.29948363906551
            ],
            [
              76.76689535912583,
              16.29977306882566
            ]
          ]
        ]
      },
      "properties": {
        "id": 303,
        "area": "NRBC_D10_Survey_1",
        "canal": "Lateral 2",
        "type": "lateral",
        "chainage_m": 210.0,
        "status": "partial",
        "blockage_pct": 16,
        "struct_damage": "No",
        "lon": 76.7671978,
        "lat": 16.2996258,
        "image": "images/0303.jpg"
      }
    },
    {
      "type": "Feature",
      "geometry": {
        "type": "Polygon",
        "coordinates": [
          [
            [
              76.7672225475208,
              16.29975637210291
            ],
            [
              76.76782995648666,
              16.299751291434493
            ],
            [
              76.76782749679747,
              16.299477062303957
            ],
            [
              76.76722008867567,
              16.299482142882272
            ],
            [
              76.7672225475208,
              16.29975637210291
            ]
          ]
        ]
      },
      "properties": {
        "id": 304,
        "area": "NRBC_D10_Survey_1",
        "canal": "Lateral 2",
        "type": "lateral",
        "chainage_m": 245.0,
        "status": "partial",
        "blockage_pct": 23,
        "struct_damage": "No",
        "lon": 76.767525,
        "lat": 16.2996167,
        "image": "images/0304.jpg"
      }
    },
    {
      "type": "Feature",
      "geometry": {
        "type": "Polygon",
        "coordinates": [
          [
            [
              76.76754988047306,
              16.299755806006246
            ],
            [
              76.76815728932947,
              16.2997507243974
            ],
            [
              76.76815483475094,
              16.299477115743276
            ],
            [
              76.76754742673668,
              16.299482197262215
            ],
            [
              76.76754988047306,
              16.299755806006246
            ]
          ]
        ]
      },
      "properties": {
        "id": 305,
        "area": "NRBC_D10_Survey_1",
        "canal": "Lateral 2",
        "type": "lateral",
        "chainage_m": 280.0,
        "status": "partial",
        "blockage_pct": 22,
        "struct_damage": "No",
        "lon": 76.7678524,
        "lat": 16.2996165,
        "image": "images/0305.jpg"
      }
    },
    {
      "type": "Feature",
      "geometry": {
        "type": "Polygon",
        "coordinates": [
          [
            [
              76.76787720223972,
              16.299753998546684
            ],
            [
              76.7684849321931,
              16.299748913309585
            ],
            [
              76.76848249107748,
              16.29947685577321
            ],
            [
              76.76787476196189,
              16.299481940920842
            ],
            [
              76.76787720223972,
              16.299753998546684
            ]
          ]
        ]
      },
      "properties": {
        "id": 306,
        "area": "NRBC_D10_Survey_1",
        "canal": "Lateral 2",
        "type": "lateral",
        "chainage_m": 315.0,
        "status": "partial",
        "blockage_pct": 20,
        "struct_damage": "No",
        "lon": 76.7681798,
        "lat": 16.2996154,
        "image": "images/0306.jpg"
      }
    },
    {
      "type": "Feature",
      "geometry": {
        "type": "Polygon",
        "coordinates": [
          [
            [
              76.76820484237413,
              16.29975187767873
            ],
            [
              76.76880486316784,
              16.299746856029333
            ],
            [
              76.76880212094365,
              16.29944129545082
            ],
            [
              76.768202101079,
              16.299446317000985
            ],
            [
              76.76820484237413,
              16.29975187767873
            ]
          ]
        ]
      },
      "properties": {
        "id": 307,
        "area": "NRBC_D10_Survey_1",
        "canal": "Lateral 2",
        "type": "lateral",
        "chainage_m": 350.0,
        "status": "partial",
        "blockage_pct": 25,
        "struct_damage": "No",
        "lon": 76.7685035,
        "lat": 16.2995966,
        "image": "images/0307.jpg"
      }
    },
    {
      "type": "Feature",
      "geometry": {
        "type": "Polygon",
        "coordinates": [
          [
            [
              76.76852445329082,
              16.299714146231782
            ],
            [
              76.76906440757571,
              16.299709626555373
            ],
            [
              76.76906025329518,
              16.299246787647586
            ],
            [
              76.76852030027665,
              16.29925130718873
            ],
            [
              76.76852445329082,
              16.299714146231782
            ]
          ]
        ]
      },
      "properties": {
        "id": 308,
        "area": "NRBC_D10_Survey_1",
        "canal": "Lateral 2",
        "type": "lateral",
        "chainage_m": 385.0,
        "status": "partial",
        "blockage_pct": 29,
        "struct_damage": "No",
        "lon": 76.7687924,
        "lat": 16.2994805,
        "image": "images/0308.jpg"
      }
    },
    {
      "type": "Feature",
      "geometry": {
        "type": "Polygon",
        "coordinates": [
          [
            [
              76.76878258628146,
              16.29951963871053
            ],
            [
              76.76932446721659,
              16.299515102290396
            ],
            [
              76.7693203346555,
              16.299054745149085
            ],
            [
              76.7687784549844,
              16.299059281434175
            ],
            [
              76.76878258628146,
              16.29951963871053
            ]
          ]
        ]
      },
      "properties": {
        "id": 309,
        "area": "NRBC_D10_Survey_1",
        "canal": "Lateral 2",
        "type": "lateral",
        "chainage_m": 420.0,
        "status": "partial",
        "blockage_pct": 16,
        "struct_damage": "No",
        "lon": 76.7690515,
        "lat": 16.2992872,
        "image": "images/0309.jpg"
      }
    },
    {
      "type": "Feature",
      "geometry": {
        "type": "Polygon",
        "coordinates": [
          [
            [
              76.76904266828073,
              16.299327596496575
            ],
            [
              76.76957780321437,
              16.299323115947786
            ],
            [
              76.7695735837762,
              16.29885314223738
            ],
            [
              76.76903845011691,
              16.298857622650004
            ],
            [
              76.76904266828073,
              16.299327596496575
            ]
          ]
        ]
      },
      "properties": {
        "id": 310,
        "area": "NRBC_D10_Survey_1",
        "canal": "Lateral 2",
        "type": "lateral",
        "chainage_m": 455.0,
        "status": "partial",
        "blockage_pct": 22,
        "struct_damage": "No",
        "lon": 76.7693081,
        "lat": 16.2990904,
        "image": "images/0310.jpg"
      }
    },
    {
      "type": "Feature",
      "geometry": {
        "type": "Polygon",
        "coordinates": [
          [
            [
              76.76930372452502,
              16.299136786795714
            ],
            [
              76.76984817392707,
              16.299132227621648
            ],
            [
              76.7698440681002,
              16.298674972730815
            ],
            [
              76.76929961995958,
              16.29867953177007
            ],
            [
              76.76930372452502,
              16.299136786795714
            ]
          ]
        ]
      },
      "properties": {
        "id": 311,
        "area": "NRBC_D10_Survey_1",
        "canal": "Lateral 2",
        "type": "lateral",
        "chainage_m": 490.0,
        "status": "partial",
        "blockage_pct": 22,
        "struct_damage": "No",
        "lon": 76.7695739,
        "lat": 16.2989059,
        "image": "images/0311.jpg"
      }
    },
    {
      "type": "Feature",
      "geometry": {
        "type": "Polygon",
        "coordinates": [
          [
            [
              76.76956640300332,
              16.29894782465206
            ],
            [
              76.7701147063102,
              16.298943232566028
            ],
            [
              76.77011060827296,
              16.29848690837394
            ],
            [
              76.76956230623388,
              16.298491500324467
            ],
            [
              76.76956640300332,
              16.29894782465206
            ]
          ]
        ]
      },
      "properties": {
        "id": 312,
        "area": "NRBC_D10_Survey_1",
        "canal": "Lateral 2",
        "type": "lateral",
        "chainage_m": 525.0,
        "status": "partial",
        "blockage_pct": 9,
        "struct_damage": "No",
        "lon": 76.7698385,
        "lat": 16.2987174,
        "image": "images/0312.jpg"
      }
    },
    {
      "type": "Feature",
      "geometry": {
        "type": "Polygon",
        "coordinates": [
          [
            [
              76.76983765712433,
              16.298819596847856
            ],
            [
              76.77042578983817,
              16.298814670410813
            ],
            [
              76.77042268025792,
              16.298468472099582
            ],
            [
              76.76983454857576,
              16.298473398426324
            ],
            [
              76.76983765712433,
              16.298819596847856
            ]
          ]
        ]
      },
      "properties": {
        "id": 313,
        "area": "NRBC_D10_Survey_1",
        "canal": "Lateral 2",
        "type": "lateral",
        "chainage_m": 560.0,
        "status": "partial",
        "blockage_pct": 15,
        "struct_damage": "No",
        "lon": 76.7701302,
        "lat": 16.298644,
        "image": "images/0313.jpg"
      }
    },
    {
      "type": "Feature",
      "geometry": {
        "type": "Polygon",
        "coordinates": [
          [
            [
              76.77014673245472,
              16.2989324162453
            ],
            [
              76.77073165332101,
              16.298927515830247
            ],
            [
              76.77072818646722,
              16.298541610253228
            ],
            [
              76.77014326674467,
              16.298546510545986
            ],
            [
              76.77014673245472,
              16.2989324162453
            ]
          ]
        ]
      },
      "properties": {
        "id": 314,
        "area": "NRBC_D10_Survey_1",
        "canal": "Lateral 2",
        "type": "lateral",
        "chainage_m": 595.0,
        "status": "partial",
        "blockage_pct": 10,
        "struct_damage": "No",
        "lon": 76.7704375,
        "lat": 16.298737,
        "image": "images/0314.jpg"
      }
    },
    {
      "type": "Feature",
      "geometry": {
        "type": "Polygon",
        "coordinates": [
          [
            [
              76.77045256814554,
              16.299042159930174
            ],
            [
              76.77103877407502,
              16.299037247868863
            ],
            [
              76.77103533446873,
              16.298654444494534
            ],
            [
              76.77044912967631,
              16.298659356434243
            ],
            [
              76.77045256814554,
              16.299042159930174
            ]
          ]
        ]
      },
      "properties": {
        "id": 315,
        "area": "NRBC_D10_Survey_1",
        "canal": "Lateral 2",
        "type": "lateral",
        "chainage_m": 630.0,
        "status": "partial",
        "blockage_pct": 27,
        "struct_damage": "No",
        "lon": 76.770744,
        "lat": 16.2988483,
        "image": "images/0315.jpg"
      }
    },
    {
      "type": "Feature",
      "geometry": {
        "type": "Polygon",
        "coordinates": [
          [
            [
              76.77076062194236,
              16.299148471948303
            ],
            [
              76.7713471492987,
              16.29914355630913
            ],
            [
              76.77134372022134,
              16.29876199385624
            ],
            [
              76.77075719399897,
              16.298766909374127
            ],
            [
              76.77076062194236,
              16.299148471948303
            ]
          ]
        ]
      },
      "properties": {
        "id": 316,
        "area": "NRBC_D10_Survey_1",
        "canal": "Lateral 2",
        "type": "lateral",
        "chainage_m": 665.0,
        "status": "partial",
        "blockage_pct": 11,
        "struct_damage": "No",
        "lon": 76.7710522,
        "lat": 16.2989552,
        "image": "images/0316.jpg"
      }
    },
    {
      "type": "Feature",
      "geometry": {
        "type": "Polygon",
        "coordinates": [
          [
            [
              76.77106835482124,
              16.2992547861754
            ],
            [
              76.77165552481372,
              16.299249864265295
            ],
            [
              76.7716521062693,
              16.29886954273343
            ],
            [
              76.77106493740837,
              16.298874464522484
            ],
            [
              76.77106835482124,
              16.2992547861754
            ]
          ]
        ]
      },
      "properties": {
        "id": 317,
        "area": "NRBC_D10_Survey_1",
        "canal": "Lateral 2",
        "type": "lateral",
        "chainage_m": 700.0,
        "status": "partial",
        "blockage_pct": 12,
        "struct_damage": "No",
        "lon": 76.7713602,
        "lat": 16.2990622,
        "image": "images/0317.jpg"
      }
    },
    {
      "type": "Feature",
      "geometry": {
        "type": "Polygon",
        "coordinates": [
          [
            [
              76.77137640362416,
              16.299360476801088
            ],
            [
              76.77196421625126,
              16.29935554861742
            ],
            [
              76.77196081103219,
              16.298976778219455
            ],
            [
              76.77137299953326,
              16.29898170628241
            ],
            [
              76.77137640362416,
              16.299360476801088
            ]
          ]
        ]
      },
      "properties": {
        "id": 318,
        "area": "NRBC_D10_Survey_1",
        "canal": "Lateral 2",
        "type": "lateral",
        "chainage_m": 735.0,
        "status": "partial",
        "blockage_pct": 7,
        "struct_damage": "No",
        "lon": 76.7716686,
        "lat": 16.2991686,
        "image": "images/0318.jpg"
      }
    },
    {
      "type": "Feature",
      "geometry": {
        "type": "Polygon",
        "coordinates": [
          [
            [
              76.77168478507939,
              16.299467405104053
            ],
            [
              76.77227259792687,
              16.29946247603144
            ],
            [
              76.77226918930242,
              16.29908339548752
            ],
            [
              76.77168137758406,
              16.299088324439307
            ],
            [
              76.77168478507939,
              16.299467405104053
            ]
          ]
        ]
      },
      "properties": {
        "id": 319,
        "area": "NRBC_D10_Survey_1",
        "canal": "Lateral 2",
        "type": "lateral",
        "chainage_m": 770.0,
        "status": "partial",
        "blockage_pct": 6,
        "struct_damage": "No",
        "lon": 76.771977,
        "lat": 16.2992754,
        "image": "images/0319.jpg"
      }
    },
    {
      "type": "Feature",
      "geometry": {
        "type": "Polygon",
        "coordinates": [
          [
            [
              76.77199316961698,
              16.299574643135955
            ],
            [
              76.77258066147645,
              16.299569715868685
            ],
            [
              76.77257724386646,
              16.299189704752546
            ],
            [
              76.77198975313826,
              16.299194631898736
            ],
            [
              76.77199316961698,
              16.299574643135955
            ]
          ]
        ]
      },
      "properties": {
        "id": 320,
        "area": "NRBC_D10_Survey_1",
        "canal": "Lateral 2",
        "type": "lateral",
        "chainage_m": 805.0,
        "status": "clear",
        "blockage_pct": 0,
        "struct_damage": "No",
        "lon": 76.7722852,
        "lat": 16.2993822,
        "image": "images/0320.jpg"
      }
    },
    {
      "type": "Feature",
      "geometry": {
        "type": "Polygon",
        "coordinates": [
          [
            [
              76.77230154329088,
              16.299680639830637
            ],
            [
              76.7728861444833,
              16.299675735929256
            ],
            [
              76.77288273463208,
              16.299296655519306
            ],
            [
              76.77229813456263,
              16.299301559300485
            ],
            [
              76.77230154329088,
              16.299680639830637
            ]
          ]
        ]
      },
      "properties": {
        "id": 321,
        "area": "NRBC_D10_Survey_1",
        "canal": "Lateral 2",
        "type": "lateral",
        "chainage_m": 840.0,
        "status": "clear",
        "blockage_pct": 4,
        "struct_damage": "No",
        "lon": 76.7725921,
        "lat": 16.2994886,
        "image": "images/0321.jpg"
      }
    },
    {
      "type": "Feature",
      "geometry": {
        "type": "Polygon",
        "coordinates": [
          [
            [
              76.77260961278553,
              16.299788500014643
            ],
            [
              76.77319582024748,
              16.299783581752813
            ],
            [
              76.77319240140447,
              16.29940357077135
            ],
            [
              76.77260619507133,
              16.299408488912327
            ],
            [
              76.77260961278553,
              16.299788500014643
            ]
          ]
        ]
      },
      "properties": {
        "id": 322,
        "area": "NRBC_D10_Survey_1",
        "canal": "Lateral 2",
        "type": "lateral",
        "chainage_m": 875.0,
        "status": "partial",
        "blockage_pct": 9,
        "struct_damage": "No",
        "lon": 76.772901,
        "lat": 16.299596,
        "image": "images/0322.jpg"
      }
    },
    {
      "type": "Feature",
      "geometry": {
        "type": "Polygon",
        "coordinates": [
          [
            [
              76.77291753777128,
              16.29984455143484
            ],
            [
              76.7738525788381,
              16.299836704311172
            ],
            [
              76.77384961658956,
              16.299507568389245
            ],
            [
              76.77291457708222,
              16.299515415345898
            ],
            [
              76.77291753777128,
              16.29984455143484
            ]
          ]
        ]
      },
      "properties": {
        "id": 323,
        "area": "NRBC_D10_Survey_1",
        "canal": "Lateral 2",
        "type": "lateral",
        "chainage_m": 910.0,
        "status": "partial",
        "blockage_pct": 7,
        "struct_damage": "No",
        "lon": 76.7733836,
        "lat": 16.2996761,
        "image": "images/0323.jpg"
      }
    },
    {
      "type": "Feature",
      "geometry": {
        "type": "Polygon",
        "coordinates": [
          [
            [
              76.77356656819516,
              16.299859890870046
            ],
            [
              76.77417333296998,
              16.299854797334078
            ],
            [
              76.77417072202738,
              16.299564748293356
            ],
            [
              76.77356395814438,
              16.299569841733785
            ],
            [
              76.77356656819516,
              16.299859890870046
            ]
          ]
        ]
      },
      "properties": {
        "id": 324,
        "area": "NRBC_D10_Survey_1",
        "canal": "Lateral 2",
        "type": "lateral",
        "chainage_m": 980.0,
        "status": "clear",
        "blockage_pct": 0,
        "struct_damage": "No",
        "lon": 76.7738686,
        "lat": 16.2997123,
        "image": "images/0324.jpg"
      }
    },
    {
      "type": "Feature",
      "geometry": {
        "type": "Polygon",
        "coordinates": [
          [
            [
              76.77389348679105,
              16.299884757777797
            ],
            [
              76.7744999303251,
              16.299879665993238
            ],
            [
              76.77449724628137,
              16.299581551471206
            ],
            [
              76.77389080366342,
              16.29958664315761
            ],
            [
              76.77389348679105,
              16.299884757777797
            ]
          ]
        ]
      },
      "properties": {
        "id": 325,
        "area": "NRBC_D10_Survey_1",
        "canal": "Lateral 2",
        "type": "lateral",
        "chainage_m": 1015.0,
        "status": "partial",
        "blockage_pct": 6,
        "struct_damage": "No",
        "lon": 76.7741954,
        "lat": 16.2997332,
        "image": "images/0325.jpg"
      }
    },
    {
      "type": "Feature",
      "geometry": {
        "type": "Polygon",
        "coordinates": [
          [
            [
              76.77422031605425,
              16.299899697359635
            ],
            [
              76.77482708073589,
              16.29989460193499
            ],
            [
              76.77482443250983,
              16.299600520232445
            ],
            [
              76.77421766873239,
              16.299605615560193
            ],
            [
              76.77422031605425,
              16.299899697359635
            ]
          ]
        ]
      },
      "properties": {
        "id": 326,
        "area": "NRBC_D10_Survey_1",
        "canal": "Lateral 2",
        "type": "lateral",
        "chainage_m": 1050.0,
        "status": "clear",
        "blockage_pct": 3,
        "struct_damage": "No",
        "lon": 76.7745224,
        "lat": 16.2997501,
        "image": "images/0326.jpg"
      }
    },
    {
      "type": "Feature",
      "geometry": {
        "type": "Polygon",
        "coordinates": [
          [
            [
              76.7745471481067,
              16.299914946643575
            ],
            [
              76.77515423393679,
              16.299909847577737
            ],
            [
              76.77515161874784,
              16.29961948848053
            ],
            [
              76.77454453381097,
              16.299624587450634
            ],
            [
              76.7745471481067,
              16.299914946643575
            ]
          ]
        ]
      },
      "properties": {
        "id": 327,
        "area": "NRBC_D10_Survey_1",
        "canal": "Lateral 2",
        "type": "lateral",
        "chainage_m": 1085.0,
        "status": "clear",
        "blockage_pct": 0,
        "struct_damage": "No",
        "lon": 76.7748494,
        "lat": 16.2997672,
        "image": "images/0327.jpg"
      }
    },
    {
      "type": "Feature",
      "geometry": {
        "type": "Polygon",
        "coordinates": [
          [
            [
              76.7748744047289,
              16.299941670590602
            ],
            [
              76.77547892085832,
              16.299936592167775
            ],
            [
              76.7754762185574,
              16.299636616530144
            ],
            [
              76.7748717033469,
              16.29964169485446
            ],
            [
              76.7748744047289,
              16.299941670590602
            ]
          ]
        ]
      },
      "properties": {
        "id": 328,
        "area": "NRBC_D10_Survey_1",
        "canal": "Lateral 2",
        "type": "lateral",
        "chainage_m": 1120.0,
        "status": "partial",
        "blockage_pct": 11,
        "struct_damage": "No",
        "lon": 76.7751753,
        "lat": 16.2997891,
        "image": "images/0328.jpg"
      }
    },
    {
      "type": "Feature",
      "geometry": {
        "type": "Polygon",
        "coordinates": [
          [
            [
              76.77520020656755,
              16.300092190474658
            ],
            [
              76.77576682032378,
              16.300087429599877
            ],
            [
              76.77576300236977,
              16.29966367918261
            ],
            [
              76.77519638983021,
              16.299668439926947
            ],
            [
              76.77520020656755,
              16.300092190474658
            ]
          ]
        ]
      },
      "properties": {
        "id": 329,
        "area": "NRBC_D10_Survey_1",
        "canal": "Lateral 2",
        "type": "lateral",
        "chainage_m": 1155.0,
        "status": "clear",
        "blockage_pct": 5,
        "struct_damage": "No",
        "lon": 76.7754816,
        "lat": 16.2998779,
        "image": "images/0329.jpg"
      }
    },
    {
      "type": "Feature",
      "geometry": {
        "type": "Polygon",
        "coordinates": [
          [
            [
              76.77548806138596,
              16.300238064880986
            ],
            [
              76.77605724515065,
              16.300233281594767
            ],
            [
              76.77605346846782,
              16.29981418443868
            ],
            [
              76.77548428591189,
              16.299818967595268
            ],
            [
              76.77548806138596,
              16.300238064880986
            ]
          ]
        ]
      },
      "properties": {
        "id": 330,
        "area": "NRBC_D10_Survey_1",
        "canal": "Lateral 2",
        "type": "lateral",
        "chainage_m": 1190.0,
        "status": "partial",
        "blockage_pct": 27,
        "struct_damage": "No",
        "lon": 76.7757708,
        "lat": 16.3000261,
        "image": "images/0330.jpg"
      }
    },
    {
      "type": "Feature",
      "geometry": {
        "type": "Polygon",
        "coordinates": [
          [
            [
              76.77577850305154,
              16.30038577853123
            ],
            [
              76.77634672352293,
              16.30038100252161
            ],
            [
              76.77634293220903,
              16.299960354374885
            ],
            [
              76.77577471294886,
              16.299965130254595
            ],
            [
              76.77577850305154,
              16.30038577853123
            ]
          ]
        ]
      },
      "properties": {
        "id": 331,
        "area": "NRBC_D10_Survey_1",
        "canal": "Lateral 2",
        "type": "lateral",
        "chainage_m": 1225.0,
        "status": "partial",
        "blockage_pct": 22,
        "struct_damage": "No",
        "lon": 76.7760607,
        "lat": 16.3001731,
        "image": "images/0331.jpg"
      }
    },
    {
      "type": "Feature",
      "geometry": {
        "type": "Polygon",
        "coordinates": [
          [
            [
              76.77606890598399,
              16.30052914876156
            ],
            [
              76.77663873282938,
              16.30052435842679
            ],
            [
              76.77663496602482,
              16.30010650226469
            ],
            [
              76.77606514038601,
              16.300111292470028
            ],
            [
              76.77606890598399,
              16.30052914876156
            ]
          ]
        ]
      },
      "properties": {
        "id": 332,
        "area": "NRBC_D10_Survey_1",
        "canal": "Lateral 2",
        "type": "lateral",
        "chainage_m": 1260.0,
        "status": "partial",
        "blockage_pct": 17,
        "struct_damage": "No",
        "lon": 76.7763519,
        "lat": 16.3003178,
        "image": "images/0332.jpg"
      }
    },
    {
      "type": "Feature",
      "geometry": {
        "type": "Polygon",
        "coordinates": [
          [
            [
              76.7763599041956,
              16.300667239536097
            ],
            [
              76.77693358587337,
              16.300662415962993
            ],
            [
              76.77692987994172,
              16.300251384546144
            ],
            [
              76.77635619945889,
              16.300256207991048
            ],
            [
              76.7763599041956,
              16.300667239536097
            ]
          ]
        ]
      },
      "properties": {
        "id": 333,
        "area": "NRBC_D10_Survey_1",
        "canal": "Lateral 2",
        "type": "lateral",
        "chainage_m": 1295.0,
        "status": "partial",
        "blockage_pct": 18,
        "struct_damage": "No",
        "lon": 76.7766449,
        "lat": 16.3004593,
        "image": "images/0333.jpg"
      }
    },
    {
      "type": "Feature",
      "geometry": {
        "type": "Polygon",
        "coordinates": [
          [
            [
              76.77665164588007,
              16.300816492113388
            ],
            [
              76.77722243700667,
              16.300811692020577
            ],
            [
              76.77721868008429,
              16.300395076852
            ],
            [
              76.77664789016276,
              16.300399876815504
            ],
            [
              76.77665164588007,
              16.300816492113388
            ]
          ]
        ]
      },
      "properties": {
        "id": 334,
        "area": "NRBC_D10_Survey_1",
        "canal": "Lateral 2",
        "type": "lateral",
        "chainage_m": 1330.0,
        "status": "partial",
        "blockage_pct": 14,
        "struct_damage": "No",
        "lon": 76.7769352,
        "lat": 16.3006058,
        "image": "images/0334.jpg"
      }
    },
    {
      "type": "Feature",
      "geometry": {
        "type": "Polygon",
        "coordinates": [
          [
            [
              76.77694371478081,
              16.300966361965422
            ],
            [
              76.77751065172241,
              16.3009615934666
            ],
            [
              76.7775068381975,
              16.300538774123513
            ],
            [
              76.77693990247066,
              16.300543542491962
            ],
            [
              76.77694371478081,
              16.300966361965422
            ]
          ]
        ]
      },
      "properties": {
        "id": 335,
        "area": "NRBC_D10_Survey_1",
        "canal": "Lateral 2",
        "type": "lateral",
        "chainage_m": 1365.0,
        "status": "partial",
        "blockage_pct": 8,
        "struct_damage": "No",
        "lon": 76.7772253,
        "lat": 16.3007526,
        "image": "images/0335.jpg"
      }
    },
    {
      "type": "Feature",
      "geometry": {
        "type": "Polygon",
        "coordinates": [
          [
            [
              76.77723254680782,
              16.301113466474007
            ],
            [
              76.77780044771588,
              16.301108689050874
            ],
            [
              76.77779665032308,
              16.30068773105384
            ],
            [
              76.77722875062652,
              16.300692508346938
            ],
            [
              76.77723254680782,
              16.301113466474007
            ]
          ]
        ]
      },
      "properties": {
        "id": 336,
        "area": "NRBC_D10_Survey_1",
        "canal": "Lateral 2",
        "type": "lateral",
        "chainage_m": 1400.0,
        "status": "partial",
        "blockage_pct": 20,
        "struct_damage": "No",
        "lon": 76.7775146,
        "lat": 16.3009006,
        "image": "images/0336.jpg"
      }
    },
    {
      "type": "Feature",
      "geometry": {
        "type": "Polygon",
        "coordinates": [
          [
            [
              76.77752171723523,
              16.30126242911435
            ],
            [
              76.77808929727189,
              16.30125765357491
            ],
            [
              76.77808549082924,
              16.300835765013495
            ],
            [
              76.77751791200606,
              16.300840540422666
            ],
            [
              76.77752171723523,
              16.30126242911435
            ]
          ]
        ]
      },
      "properties": {
        "id": 337,
        "area": "NRBC_D10_Survey_1",
        "canal": "Lateral 2",
        "type": "lateral",
        "chainage_m": 1435.0,
        "status": "partial",
        "blockage_pct": 19,
        "struct_damage": "No",
        "lon": 76.7778036,
        "lat": 16.3010491,
        "image": "images/0337.jpg"
      }
    },
    {
      "type": "Feature",
      "geometry": {
        "type": "Polygon",
        "coordinates": [
          [
            [
              76.77781150250787,
              16.301408283786024
            ],
            [
              76.77838004650857,
              16.301403499316333
            ],
            [
              76.77837625060494,
              16.300982851676103
            ],
            [
              76.77780770781621,
              16.300987636015666
            ],
            [
              76.77781150250787,
              16.301408283786024
            ]
          ]
        ]
      },
      "properties": {
        "id": 338,
        "area": "NRBC_D10_Survey_1",
        "canal": "Lateral 2",
        "type": "lateral",
        "chainage_m": 1470.0,
        "status": "partial",
        "blockage_pct": 20,
        "struct_damage": "No",
        "lon": 76.7780939,
        "lat": 16.3011956,
        "image": "images/0338.jpg"
      }
    },
    {
      "type": "Feature",
      "geometry": {
        "type": "Polygon",
        "coordinates": [
          [
            [
              76.77810161218949,
              16.301554445524715
            ],
            [
              76.7786704777333,
              16.301549657528984
            ],
            [
              76.77866669237312,
              16.301130250809454
            ],
            [
              76.77809782803843,
              16.301135038675348
            ],
            [
              76.77810161218949,
              16.301554445524715
            ]
          ]
        ]
      },
      "properties": {
        "id": 339,
        "area": "NRBC_D10_Survey_1",
        "canal": "Lateral 2",
        "type": "lateral",
        "chainage_m": 1505.0,
        "status": "partial",
        "blockage_pct": 16,
        "struct_damage": "No",
        "lon": 76.7783842,
        "lat": 16.3013423,
        "image": "images/0339.jpg"
      }
    },
    {
      "type": "Feature",
      "geometry": {
        "type": "Polygon",
        "coordinates": [
          [
            [
              76.77839166908136,
              16.301694712790304
            ],
            [
              76.77896406826773,
              16.301689894224882
            ],
            [
              76.77896033825394,
              16.3012766918185
            ],
            [
              76.7783879402662,
              16.30128151025518
            ],
            [
              76.77839166908136,
              16.301694712790304
            ]
          ]
        ]
      },
      "properties": {
        "id": 340,
        "area": "NRBC_D10_Survey_1",
        "canal": "Lateral 2",
        "type": "lateral",
        "chainage_m": 1540.0,
        "status": "partial",
        "blockage_pct": 22,
        "struct_damage": "No",
        "lon": 76.778676,
        "lat": 16.3014857,
        "image": "images/0340.jpg"
      }
    },
    {
      "type": "Feature",
      "geometry": {
        "type": "Polygon",
        "coordinates": [
          [
            [
              76.77868213156465,
              16.3018442832724
            ],
            [
              76.77925260382385,
              16.30183948010691
            ],
            [
              76.77924883956013,
              16.301422555227717
            ],
            [
              76.77867836850629,
              16.30142735826373
            ],
            [
              76.77868213156465,
              16.3018442832724
            ]
          ]
        ]
      },
      "properties": {
        "id": 341,
        "area": "NRBC_D10_Survey_1",
        "canal": "Lateral 2",
        "type": "lateral",
        "chainage_m": 1575.0,
        "status": "partial",
        "blockage_pct": 16,
        "struct_damage": "No",
        "lon": 76.7789655,
        "lat": 16.3016334,
        "image": "images/0341.jpg"
      }
    },
    {
      "type": "Feature",
      "geometry": {
        "type": "Polygon",
        "coordinates": [
          [
            [
              76.77897291847128,
              16.301994160816776
            ],
            [
              76.77954082137781,
              16.30198937846657
            ],
            [
              76.77953702005198,
              16.301568420903894
            ],
            [
              76.778969118357,
              16.30157320312393
            ],
            [
              76.77897291847128,
              16.301994160816776
            ]
          ]
        ]
      },
      "properties": {
        "id": 342,
        "area": "NRBC_D10_Survey_1",
        "canal": "Lateral 2",
        "type": "lateral",
        "chainage_m": 1610.0,
        "status": "partial",
        "blockage_pct": 18,
        "struct_damage": "No",
        "lon": 76.779255,
        "lat": 16.3017813,
        "image": "images/0342.jpg"
      }
    },
    {
      "type": "Feature",
      "geometry": {
        "type": "Polygon",
        "coordinates": [
          [
            [
              76.77926307164542,
              16.302251694984758
            ],
            [
              76.779720156934,
              16.302247845275186
            ],
            [
              76.77971536621477,
              16.301717382970004
            ],
            [
              76.77925828215501,
              16.301721232547543
            ],
            [
              76.77926307164542,
              16.302251694984758
            ]
          ]
        ]
      },
      "properties": {
        "id": 343,
        "area": "NRBC_D10_Survey_1",
        "canal": "Lateral 2",
        "type": "lateral",
        "chainage_m": 1645.0,
        "status": "partial",
        "blockage_pct": 12,
        "struct_damage": "No",
        "lon": 76.7794892,
        "lat": 16.3019845,
        "image": "images/0343.jpg"
      }
    },
    {
      "type": "Feature",
      "geometry": {
        "type": "Polygon",
        "coordinates": [
          [
            [
              76.77944257801406,
              16.302529084961822
            ],
            [
              76.77987685779162,
              16.302525426926028
            ],
            [
              76.77987189565275,
              16.30197604175735
            ],
            [
              76.77943761708437,
              16.301979699663203
            ],
            [
              76.77944257801406,
              16.302529084961822
            ]
          ]
        ]
      },
      "properties": {
        "id": 344,
        "area": "NRBC_D10_Survey_1",
        "canal": "Lateral 2",
        "type": "lateral",
        "chainage_m": 1680.0,
        "status": "partial",
        "blockage_pct": 10,
        "struct_damage": "No",
        "lon": 76.7796572,
        "lat": 16.3022526,
        "image": "images/0344.jpg"
      }
    },
    {
      "type": "Feature",
      "geometry": {
        "type": "Polygon",
        "coordinates": [
          [
            [
              76.77959927876812,
              16.30280666682821
            ],
            [
              76.78003388033336,
              16.30280300570366
            ],
            [
              76.78002891766768,
              16.30225362059644
            ],
            [
              76.77959431731253,
              16.302257281590947
            ],
            [
              76.77959927876812,
              16.30280666682821
            ]
          ]
        ]
      },
      "properties": {
        "id": 345,
        "area": "NRBC_D10_Survey_1",
        "canal": "Lateral 2",
        "type": "lateral",
        "chainage_m": 1715.0,
        "status": "partial",
        "blockage_pct": 19,
        "struct_damage": "No",
        "lon": 76.7798141,
        "lat": 16.3025301,
        "image": "images/0345.jpg"
      }
    },
    {
      "type": "Feature",
      "geometry": {
        "type": "Polygon",
        "coordinates": [
          [
            [
              76.77975661961875,
              16.30308393290406
            ],
            [
              76.780191221758,
              16.30308027139547
            ],
            [
              76.78018626136712,
              16.302531196561567
            ],
            [
              76.7797516604373,
              16.302534857940174
            ],
            [
              76.77975661961875,
              16.30308393290406
            ]
          ]
        ]
      },
      "properties": {
        "id": 346,
        "area": "NRBC_D10_Survey_1",
        "canal": "Lateral 2",
        "type": "lateral",
        "chainage_m": 1750.0,
        "status": "clear",
        "blockage_pct": 4,
        "struct_damage": "No",
        "lon": 76.7799714,
        "lat": 16.3028076,
        "image": "images/0346.jpg"
      }
    },
    {
      "type": "Feature",
      "geometry": {
        "type": "Polygon",
        "coordinates": [
          [
            [
              76.77991364252938,
              16.303361511729868
            ],
            [
              76.78034856645752,
              16.30335784713099
            ],
            [
              76.78034360273647,
              16.30280846214687
            ],
            [
              76.77990868001936,
              16.302812126615585
            ],
            [
              76.77991364252938,
              16.303361511729868
            ]
          ]
        ]
      },
      "properties": {
        "id": 347,
        "area": "NRBC_D10_Survey_1",
        "canal": "Lateral 2",
        "type": "lateral",
        "chainage_m": 1785.0,
        "status": "partial",
        "blockage_pct": 15,
        "struct_damage": "No",
        "lon": 76.7801286,
        "lat": 16.303085,
        "image": "images/0347.jpg"
      }
    },
    {
      "type": "Feature",
      "geometry": {
        "type": "Polygon",
        "coordinates": [
          [
            [
              76.78007098152149,
              16.303638467258168
            ],
            [
              76.78050654845244,
              16.303634796860795
            ],
            [
              76.7805015898081,
              16.30308603236182
            ],
            [
              76.78006602408863,
              16.303089702628974
            ],
            [
              76.78007098152149,
              16.303638467258168
            ]
          ]
        ]
      },
      "properties": {
        "id": 348,
        "area": "NRBC_D10_Survey_1",
        "canal": "Lateral 2",
        "type": "lateral",
        "chainage_m": 1820.0,
        "status": "partial",
        "blockage_pct": 23,
        "struct_damage": "No",
        "lon": 76.7802863,
        "lat": 16.3033622,
        "image": "images/0348.jpg"
      }
    },
    {
      "type": "Feature",
      "geometry": {
        "type": "Polygon",
        "coordinates": [
          [
            [
              76.78022895780963,
              16.303914796781573
            ],
            [
              76.7806658101734,
              16.303911115168578
            ],
            [
              76.78066085660357,
              16.303362971154964
            ],
            [
              76.78022400545349,
              16.303366652637497
            ],
            [
              76.78022895780963,
              16.303914796781573
            ]
          ]
        ]
      },
      "properties": {
        "id": 349,
        "area": "NRBC_D10_Survey_1",
        "canal": "Lateral 2",
        "type": "lateral",
        "chainage_m": 1855.0,
        "status": "moderate",
        "blockage_pct": 41,
        "struct_damage": "No",
        "lon": 76.7804449,
        "lat": 16.3036389,
        "image": "images/0349.jpg"
      }
    },
    {
      "type": "Feature",
      "geometry": {
        "type": "Polygon",
        "coordinates": [
          [
            [
              76.78038820261318,
              16.304189254037766
            ],
            [
              76.78082826770083,
              16.304185544958496
            ],
            [
              76.78082333041297,
              16.303639262277514
            ],
            [
              76.78038326654382,
              16.3036429712258
            ],
            [
              76.78038820261318,
              16.304189254037766
            ]
          ]
        ]
      },
      "properties": {
        "id": 350,
        "area": "NRBC_D10_Survey_1",
        "canal": "Lateral 2",
        "type": "lateral",
        "chainage_m": 1890.0,
        "status": "partial",
        "blockage_pct": 26,
        "struct_damage": "No",
        "lon": 76.7806058,
        "lat": 16.3039143,
        "image": "images/0350.jpg"
      }
    },
    {
      "type": "Feature",
      "geometry": {
        "type": "Polygon",
        "coordinates": [
          [
            [
              76.78055058715992,
              16.304455618546825
            ],
            [
              76.78100510751226,
              16.304451787210905
            ],
            [
              76.78100024255208,
              16.303913570098004
            ],
            [
              76.78054572343969,
              16.30391740130062
            ],
            [
              76.78055058715992,
              16.304455618546825
            ]
          ]
        ]
      },
      "properties": {
        "id": 351,
        "area": "NRBC_D10_Survey_1",
        "canal": "Lateral 2",
        "type": "lateral",
        "chainage_m": 1925.0,
        "status": "partial",
        "blockage_pct": 23,
        "struct_damage": "No",
        "lon": 76.7807754,
        "lat": 16.3041846,
        "image": "images/0351.jpg"
      }
    },
    {
      "type": "Feature",
      "geometry": {
        "type": "Polygon",
        "coordinates": [
          [
            [
              76.78072742129457,
              16.304721240615258
            ],
            [
              76.78118290586409,
              16.304717400713418
            ],
            [
              76.78117804594329,
              16.30417980408938
            ],
            [
              76.78072256261495,
              16.304183643857765
            ],
            [
              76.78072742129457,
              16.304721240615258
            ]
          ]
        ]
      },
      "properties": {
        "id": 352,
        "area": "NRBC_D10_Survey_1",
        "canal": "Lateral 2",
        "type": "lateral",
        "chainage_m": 1960.0,
        "status": "partial",
        "blockage_pct": 14,
        "struct_damage": "No",
        "lon": 76.7809527,
        "lat": 16.3044505,
        "image": "images/0352.jpg"
      }
    },
    {
      "type": "Feature",
      "geometry": {
        "type": "Polygon",
        "coordinates": [
          [
            [
              76.78090501488641,
              16.304964208912427
            ],
            [
              76.78138908824334,
              16.304960127502632
            ],
            [
              76.78138443242382,
              16.304445176392417
            ],
            [
              76.78090036033042,
              16.304449257666345
            ],
            [
              76.78090501488641,
              16.304964208912427
            ]
          ]
        ]
      },
      "properties": {
        "id": 353,
        "area": "NRBC_D10_Survey_1",
        "canal": "Lateral 2",
        "type": "lateral",
        "chainage_m": 1995.0,
        "status": "clear",
        "blockage_pct": 4,
        "struct_damage": "No",
        "lon": 76.7811447,
        "lat": 16.3047047,
        "image": "images/0353.jpg"
      }
    },
    {
      "type": "Feature",
      "geometry": {
        "type": "Polygon",
        "coordinates": [
          [
            [
              76.78111089437125,
              16.305173433129152
            ],
            [
              76.78163479907288,
              16.3051690152752
            ],
            [
              76.78163044549791,
              16.30468756708319
            ],
            [
              76.78110654207484,
              16.304691984799636
            ],
            [
              76.78111089437125,
              16.305173433129152
            ]
          ]
        ]
      },
      "properties": {
        "id": 354,
        "area": "NRBC_D10_Survey_1",
        "canal": "Lateral 2",
        "type": "lateral",
        "chainage_m": 2030.0,
        "status": "partial",
        "blockage_pct": 28,
        "struct_damage": "No",
        "lon": 76.7813707,
        "lat": 16.3049305,
        "image": "images/0354.jpg"
      }
    },
    {
      "type": "Feature",
      "geometry": {
        "type": "Polygon",
        "coordinates": [
          [
            [
              76.78135655474412,
              16.30537673741739
            ],
            [
              76.7818859206066,
              16.305372272839605
            ],
            [
              76.78188161686033,
              16.304896408528464
            ],
            [
              76.78135225227474,
              16.30490087296891
            ],
            [
              76.78135655474412,
              16.30537673741739
            ]
          ]
        ]
      },
      "properties": {
        "id": 355,
        "area": "NRBC_D10_Survey_1",
        "canal": "Lateral 2",
        "type": "lateral",
        "chainage_m": 2065.0,
        "status": "partial",
        "blockage_pct": 9,
        "struct_damage": "No",
        "lon": 76.7816191,
        "lat": 16.3051366,
        "image": "images/0355.jpg"
      }
    },
    {
      "type": "Feature",
      "geometry": {
        "type": "Polygon",
        "coordinates": [
          [
            [
              76.78160767631347,
              16.305579995311174
            ],
            [
              76.78213672143194,
              16.30557553276014
            ],
            [
              76.78213241702346,
              16.30509966852331
            ],
            [
              76.78160337318114,
              16.305104130937067
            ],
            [
              76.78160767631347,
              16.305579995311174
            ]
          ]
        ]
      },
      "properties": {
        "id": 356,
        "area": "NRBC_D10_Survey_1",
        "canal": "Lateral 2",
        "type": "lateral",
        "chainage_m": 2100.0,
        "status": "partial",
        "blockage_pct": 10,
        "struct_damage": "No",
        "lon": 76.78187,
        "lat": 16.3053398,
        "image": "images/0356.jpg"
      }
    },
    {
      "type": "Feature",
      "geometry": {
        "type": "Polygon",
        "coordinates": [
          [
            [
              76.78185848839667,
              16.3057844964063
            ],
            [
              76.78238657033862,
              16.305780041303912
            ],
            [
              76.78238225404432,
              16.3053029362959
            ],
            [
              76.78185417337954,
              16.305307391260886
            ],
            [
              76.78185848839667,
              16.3057844964063
            ]
          ]
        ]
      },
      "properties": {
        "id": 357,
        "area": "NRBC_D10_Survey_1",
        "canal": "Lateral 2",
        "type": "lateral",
        "chainage_m": 2135.0,
        "status": "partial",
        "blockage_pct": 19,
        "struct_damage": "No",
        "lon": 76.7821204,
        "lat": 16.3055437,
        "image": "images/0357.jpg"
      }
    },
    {
      "type": "Feature",
      "geometry": {
        "type": "Polygon",
        "coordinates": [
          [
            [
              76.78210834856188,
              16.305990246123265
            ],
            [
              76.78263546732919,
              16.305985798474033
            ],
            [
              76.78263113914758,
              16.305507452695057
            ],
            [
              76.78210402165845,
              16.30551190020676
            ],
            [
              76.78210834856188,
              16.305990246123265
            ]
          ]
        ]
      },
      "properties": {
        "id": 358,
        "area": "NRBC_D10_Survey_1",
        "canal": "Lateral 2",
        "type": "lateral",
        "chainage_m": 2170.0,
        "status": "partial",
        "blockage_pct": 30,
        "struct_damage": "No",
        "lon": 76.7823697,
        "lat": 16.3057488,
        "image": "images/0358.jpg"
      }
    },
    {
      "type": "Feature",
      "geometry": {
        "type": "Polygon",
        "coordinates": [
          [
            [
              76.78235631560865,
              16.30619973428665
            ],
            [
              76.78288054390048,
              16.30619531036358
            ],
            [
              76.78287618980016,
              16.30571417275704
            ],
            [
              76.78235196278693,
              16.30571859654253
            ],
            [
              76.78235631560865,
              16.30619973428665
            ]
          ]
        ]
      },
      "properties": {
        "id": 359,
        "area": "NRBC_D10_Survey_1",
        "canal": "Lateral 2",
        "type": "lateral",
        "chainage_m": 2205.0,
        "status": "partial",
        "blockage_pct": 6,
        "struct_damage": "No",
        "lon": 76.7826163,
        "lat": 16.305957,
        "image": "images/0359.jpg"
      }
    },
    {
      "type": "Feature",
      "geometry": {
        "type": "Polygon",
        "coordinates": [
          [
            [
              76.78260127800567,
              16.306290117243936
            ],
            [
              76.78317850749812,
              16.3062852452815
            ],
            [
              76.78317522239227,
              16.305922298215155
            ],
            [
              76.78259799396187,
              16.30592717006329
            ],
            [
              76.78260127800567,
              16.306290117243936
            ]
          ]
        ]
      },
      "properties": {
        "id": 360,
        "area": "NRBC_D10_Survey_1",
        "canal": "Lateral 2",
        "type": "lateral",
        "chainage_m": 2240.0,
        "status": "partial",
        "blockage_pct": 13,
        "struct_damage": "No",
        "lon": 76.7828883,
        "lat": 16.3061062,
        "image": "images/0360.jpg"
      }
    },
    {
      "type": "Feature",
      "geometry": {
        "type": "Polygon",
        "coordinates": [
          [
            [
              76.78289845840462,
              16.306293503626602
            ],
            [
              76.78350588233451,
              16.306288375916026
            ],
            [
              76.78350338013284,
              16.30601197781622
            ],
            [
              76.78289595705405,
              16.30601710543518
            ],
            [
              76.78289845840462,
              16.306293503626602
            ]
          ]
        ]
      },
      "properties": {
        "id": 361,
        "area": "NRBC_D10_Survey_1",
        "canal": "Lateral 2",
        "type": "lateral",
        "chainage_m": 2275.0,
        "status": "partial",
        "blockage_pct": 24,
        "struct_damage": "No",
        "lon": 76.7832009,
        "lat": 16.3061527,
        "image": "images/0361.jpg"
      }
    },
    {
      "type": "Feature",
      "geometry": {
        "type": "Polygon",
        "coordinates": [
          [
            [
              76.78322590910965,
              16.306305010395626
            ],
            [
              76.78383269052976,
              16.306299887165427
            ],
            [
              76.78383006147209,
              16.306009529617626
            ],
            [
              76.78322328094511,
              16.30601465275166
            ],
            [
              76.78322590910965,
              16.306305010395626
            ]
          ]
        ]
      },
      "properties": {
        "id": 362,
        "area": "NRBC_D10_Survey_1",
        "canal": "Lateral 2",
        "type": "lateral",
        "chainage_m": 2310.0,
        "status": "moderate",
        "blockage_pct": 42,
        "struct_damage": "No",
        "lon": 76.783528,
        "lat": 16.3061573,
        "image": "images/0362.jpg"
      }
    },
    {
      "type": "Feature",
      "geometry": {
        "type": "Polygon",
        "coordinates": [
          [
            [
              76.78355297573658,
              16.306345061498263
            ],
            [
              76.78415718742532,
              16.306339959021447
            ],
            [
              76.78415434999381,
              16.306026645911952
            ],
            [
              76.78355013926475,
              16.306031748285434
            ],
            [
              76.78355297573658,
              16.306345061498263
            ]
          ]
        ]
      },
      "properties": {
        "id": 363,
        "area": "NRBC_D10_Survey_1",
        "canal": "Lateral 2",
        "type": "lateral",
        "chainage_m": 2345.0,
        "status": "moderate",
        "blockage_pct": 42,
        "struct_damage": "No",
        "lon": 76.7838537,
        "lat": 16.3061859,
        "image": "images/0363.jpg"
      }
    },
    {
      "type": "Feature",
      "geometry": {
        "type": "Polygon",
        "coordinates": [
          [
            [
              76.78387776763508,
              16.306417705941556
            ],
            [
              76.78447427019907,
              16.3064126676403
            ],
            [
              76.78447113721936,
              16.306066782437647
            ],
            [
              76.78387463570128,
              16.306071820626258
            ],
            [
              76.78387776763508,
              16.306417705941556
            ]
          ]
        ]
      },
      "properties": {
        "id": 364,
        "area": "NRBC_D10_Survey_1",
        "canal": "Lateral 2",
        "type": "lateral",
        "chainage_m": 2380.0,
        "status": "moderate",
        "blockage_pct": 49,
        "struct_damage": "No",
        "lon": 76.7841745,
        "lat": 16.3062422,
        "image": "images/0364.jpg"
      }
    },
    {
      "type": "Feature",
      "geometry": {
        "type": "Polygon",
        "coordinates": [
          [
            [
              76.78419530280168,
              16.30654035894567
            ],
            [
              76.7847760659275,
              16.306535452701304
            ],
            [
              76.78477247993395,
              16.3061396236056
            ],
            [
              76.78419171797348,
              16.30614452972444
            ],
            [
              76.78419530280168,
              16.30654035894567
            ]
          ]
        ]
      },
      "properties": {
        "id": 365,
        "area": "NRBC_D10_Survey_1",
        "canal": "Lateral 2",
        "type": "lateral",
        "chainage_m": 2415.0,
        "status": "moderate",
        "blockage_pct": 56,
        "struct_damage": "No",
        "lon": 76.7844839,
        "lat": 16.30634,
        "image": "images/0365.jpg"
      }
    },
    {
      "type": "Feature",
      "geometry": {
        "type": "Polygon",
        "coordinates": [
          [
            [
              76.78449706207326,
              16.30665911165985
            ],
            [
              76.78507943154635,
              16.306654190978627
            ],
            [
              76.78507588145631,
              16.306262394693988
            ],
            [
              76.78449351313989,
              16.30626731525059
            ],
            [
              76.78449706207326,
              16.30665911165985
            ]
          ]
        ]
      },
      "properties": {
        "id": 366,
        "area": "NRBC_D10_Survey_1",
        "canal": "Lateral 2",
        "type": "lateral",
        "chainage_m": 2450.0,
        "status": "moderate",
        "blockage_pct": 67,
        "struct_damage": "No",
        "lon": 76.7847865,
        "lat": 16.3064608,
        "image": "images/0366.jpg"
      }
    },
    {
      "type": "Feature",
      "geometry": {
        "type": "Polygon",
        "coordinates": [
          [
            [
              76.78480042214404,
              16.306777229912832
            ],
            [
              76.78538343430711,
              16.306772302930817
            ],
            [
              76.78537988920812,
              16.306381127137275
            ],
            [
              76.7847968782012,
              16.30638605399471
            ],
            [
              76.78480042214404,
              16.306777229912832
            ]
          ]
        ]
      },
      "properties": {
        "id": 367,
        "area": "NRBC_D10_Survey_1",
        "canal": "Lateral 2",
        "type": "lateral",
        "chainage_m": 2485.0,
        "status": "moderate",
        "blockage_pct": 66,
        "struct_damage": "No",
        "lon": 76.7850902,
        "lat": 16.3065792,
        "image": "images/0367.jpg"
      }
    },
    {
      "type": "Feature",
      "geometry": {
        "type": "Polygon",
        "coordinates": [
          [
            [
              76.78510435266303,
              16.306851910034062
            ],
            [
              76.7856966802963,
              16.306846903441595
            ],
            [
              76.78569351977661,
              16.306498226587873
            ],
            [
              76.78510119319036,
              16.306503233067495
            ],
            [
              76.78510435266303,
              16.306851910034062
            ]
          ]
        ]
      },
      "properties": {
        "id": 368,
        "area": "NRBC_D10_Survey_1",
        "canal": "Lateral 2",
        "type": "lateral",
        "chainage_m": 2520.0,
        "status": "full",
        "blockage_pct": 71,
        "struct_damage": "No",
        "lon": 76.7853989,
        "lat": 16.3066751,
        "image": "images/0368.jpg"
      }
    },
    {
      "type": "Feature",
      "geometry": {
        "type": "Polygon",
        "coordinates": [
          [
            [
              76.78541647623803,
              16.30683810360342
            ],
            [
              76.78601940394755,
              16.306833006512033
            ],
            [
              76.78601647909493,
              16.306510387416093
            ],
            [
              76.7854135523715,
              16.306515484401185
            ],
            [
              76.78541647623803,
              16.30683810360342
            ]
          ]
        ]
      },
      "properties": {
        "id": 369,
        "area": "NRBC_D10_Survey_1",
        "canal": "Lateral 2",
        "type": "lateral",
        "chainage_m": 2555.0,
        "status": "full",
        "blockage_pct": 72,
        "struct_damage": "No",
        "lon": 76.7857165,
        "lat": 16.3066742,
        "image": "images/0369.jpg"
      }
    },
    {
      "type": "Feature",
      "geometry": {
        "type": "Polygon",
        "coordinates": [
          [
            [
              76.78573882876378,
              16.306783259287585
            ],
            [
              76.78634175619915,
              16.30677816129304
            ],
            [
              76.78633881957788,
              16.306454301409875
            ],
            [
              76.78573589313241,
              16.3064593992977
            ],
            [
              76.78573882876378,
              16.306783259287585
            ]
          ]
        ]
      },
      "properties": {
        "id": 370,
        "area": "NRBC_D10_Survey_1",
        "canal": "Lateral 2",
        "type": "lateral",
        "chainage_m": 2590.0,
        "status": "full",
        "blockage_pct": 77,
        "struct_damage": "No",
        "lon": 76.7860388,
        "lat": 16.3066188,
        "image": "images/0370.jpg"
      }
    },
    {
      "type": "Feature",
      "geometry": {
        "type": "Polygon",
        "coordinates": [
          [
            [
              76.78606116980944,
              16.306727173654462
            ],
            [
              76.78666441818528,
              16.30672207204019
            ],
            [
              76.78666149792434,
              16.30640007347594
            ],
            [
              76.78605825053324,
              16.30640517498402
            ],
            [
              76.78606116980944,
              16.306727173654462
            ]
          ]
        ]
      },
      "properties": {
        "id": 371,
        "area": "NRBC_D10_Survey_1",
        "canal": "Lateral 2",
        "type": "lateral",
        "chainage_m": 2625.0,
        "status": "full",
        "blockage_pct": 79,
        "struct_damage": "No",
        "lon": 76.7863613,
        "lat": 16.3065636,
        "image": "images/0371.jpg"
      }
    },
    {
      "type": "Feature",
      "geometry": {
        "type": "Polygon",
        "coordinates": [
          [
            [
              76.78638384871678,
              16.306672946094224
            ],
            [
              76.78675292865212,
              16.306669824469815
            ],
            [
              76.78675037681913,
              16.30638846350211
            ],
            [
              76.78638129741024,
              16.306391585069736
            ],
            [
              76.78638384871678,
              16.306672946094224
            ]
          ]
        ]
      },
      "properties": {
        "id": 372,
        "area": "NRBC_D10_Survey_1",
        "canal": "Lateral 2",
        "type": "lateral",
        "chainage_m": 2660.0,
        "status": "full",
        "blockage_pct": 85,
        "struct_damage": "No",
        "lon": 76.7865671,
        "lat": 16.3065307,
        "image": "images/0372.jpg"
      }
    },
    {
      "type": "Feature",
      "geometry": {
        "type": "Polygon",
        "coordinates": [
          [
            [
              76.77119987940628,
              16.311741327123706
            ],
            [
              76.7714835249,
              16.31173894789441
            ],
            [
              76.77147824837321,
              16.311152335135045
            ],
            [
              76.77119460372329,
              16.31115471427415
            ],
            [
              76.77119987940628,
              16.311741327123706
            ]
          ]
        ]
      },
      "properties": {
        "id": 373,
        "area": "NRBC_D10_Survey_1",
        "canal": "Lateral 3",
        "type": "lateral",
        "chainage_m": 0.0,
        "status": "partial",
        "blockage_pct": 12,
        "struct_damage": "No",
        "lon": 76.7713391,
        "lat": 16.3114468,
        "image": "images/0373.jpg"
      }
    },
    {
      "type": "Feature",
      "geometry": {
        "type": "Polygon",
        "coordinates": [
          [
            [
              76.77118547224285,
              16.31142531703646
            ],
            [
              76.77147714800341,
              16.311422870505456
            ],
            [
              76.77147187160354,
              16.31083625772654
            ],
            [
              76.77118019671062,
              16.3108387041648
            ],
            [
              76.77118547224285,
              16.31142531703646
            ]
          ]
        ]
      },
      "properties": {
        "id": 374,
        "area": "NRBC_D10_Survey_1",
        "canal": "Lateral 3",
        "type": "lateral",
        "chainage_m": 35.0,
        "status": "partial",
        "blockage_pct": 8,
        "struct_damage": "No",
        "lon": 76.7713287,
        "lat": 16.3111308,
        "image": "images/0374.jpg"
      }
    },
    {
      "type": "Feature",
      "geometry": {
        "type": "Polygon",
        "coordinates": [
          [
            [
              76.77117813220227,
              16.311109247663854
            ],
            [
              76.77147077118086,
              16.311106793105296
            ],
            [
              76.77146550327834,
              16.31052111094588
            ],
            [
              76.77117286516888,
              16.31052356541154
            ],
            [
              76.77117813220227,
              16.311109247663854
            ]
          ]
        ]
      },
      "properties": {
        "id": 375,
        "area": "NRBC_D10_Survey_1",
        "canal": "Lateral 3",
        "type": "lateral",
        "chainage_m": 70.0,
        "status": "partial",
        "blockage_pct": 7,
        "struct_damage": "No",
        "lon": 76.7713218,
        "lat": 16.3108152,
        "image": "images/0375.jpg"
      }
    },
    {
      "type": "Feature",
      "geometry": {
        "type": "Polygon",
        "coordinates": [
          [
            [
              76.77118782568196,
              16.31079396613234
            ],
            [
              76.77159225144533,
              16.310790573876027
            ],
            [
              76.77158718977036,
              16.310227847500165
            ],
            [
              76.77118276516102,
              16.310231239633115
            ],
            [
              76.77118782568196,
              16.31079396613234
            ]
          ]
        ]
      },
      "properties": {
        "id": 376,
        "area": "NRBC_D10_Survey_1",
        "canal": "Lateral 3",
        "type": "lateral",
        "chainage_m": 105.0,
        "status": "partial",
        "blockage_pct": 20,
        "struct_damage": "No",
        "lon": 76.7713875,
        "lat": 16.3105109,
        "image": "images/0376.jpg"
      }
    },
    {
      "type": "Feature",
      "geometry": {
        "type": "Polygon",
        "coordinates": [
          [
            [
              76.77130951273034,
              16.310500702796563
            ],
            [
              76.77170976191096,
              16.31049734539955
            ],
            [
              76.7717046804635,
              16.30993244755304
            ],
            [
              76.77130443242939,
              16.309935804827493
            ],
            [
              76.77130951273034,
              16.310500702796563
            ]
          ]
        ]
      },
      "properties": {
        "id": 377,
        "area": "NRBC_D10_Survey_1",
        "canal": "Lateral 3",
        "type": "lateral",
        "chainage_m": 140.0,
        "status": "partial",
        "blockage_pct": 22,
        "struct_damage": "No",
        "lon": 76.7715071,
        "lat": 16.3102166,
        "image": "images/0377.jpg"
      }
    },
    {
      "type": "Feature",
      "geometry": {
        "type": "Polygon",
        "coordinates": [
          [
            [
              76.77143119387479,
              16.310206818992533
            ],
            [
              76.77183850942005,
              16.310203402134015
            ],
            [
              76.7718334556058,
              16.30964160644112
            ],
            [
              76.77142614122084,
              16.30964502317558
            ],
            [
              76.77143119387479,
              16.310206818992533
            ]
          ]
        ]
      },
      "properties": {
        "id": 378,
        "area": "NRBC_D10_Survey_1",
        "canal": "Lateral 3",
        "type": "lateral",
        "chainage_m": 175.0,
        "status": "partial",
        "blockage_pct": 20,
        "struct_damage": "No",
        "lon": 76.7716323,
        "lat": 16.3099242,
        "image": "images/0378.jpg"
      }
    },
    {
      "type": "Feature",
      "geometry": {
        "type": "Polygon",
        "coordinates": [
          [
            [
              76.7715557796825,
              16.309914461960833
            ],
            [
              76.7719640582745,
              16.309911036836194
            ],
            [
              76.7719590069886,
              16.309349551379054
            ],
            [
              76.77155072955897,
              16.309352976379397
            ],
            [
              76.7715557796825,
              16.309914461960833
            ]
          ]
        ]
      },
      "properties": {
        "id": 379,
        "area": "NRBC_D10_Survey_1",
        "canal": "Lateral 3",
        "type": "lateral",
        "chainage_m": 210.0,
        "status": "partial",
        "blockage_pct": 8,
        "struct_damage": "No",
        "lon": 76.7717574,
        "lat": 16.309632,
        "image": "images/0379.jpg"
      }
    },
    {
      "type": "Feature",
      "geometry": {
        "type": "Polygon",
        "coordinates": [
          [
            [
              76.77168133162598,
              16.30962240701338
            ],
            [
              76.7721940079459,
              16.309618105713657
            ],
            [
              76.77218974596158,
              16.30914441057224
            ],
            [
              76.77167707087305,
              16.309148711740278
            ],
            [
              76.77168133162598,
              16.30962240701338
            ]
          ]
        ]
      },
      "properties": {
        "id": 380,
        "area": "NRBC_D10_Survey_1",
        "canal": "Lateral 3",
        "type": "lateral",
        "chainage_m": 245.0,
        "status": "partial",
        "blockage_pct": 12,
        "struct_damage": "No",
        "lon": 76.7719355,
        "lat": 16.3093834,
        "image": "images/0380.jpg"
      }
    },
    {
      "type": "Feature",
      "geometry": {
        "type": "Polygon",
        "coordinates": [
          [
            [
              76.77191207121018,
              16.309417266455124
            ],
            [
              76.77248385239386,
              16.309412468620437
            ],
            [
              76.77248012852166,
              16.308998644632503
            ],
            [
              76.77190834853772,
              16.309003442338877
            ],
            [
              76.77191207121018,
              16.309417266455124
            ]
          ]
        ]
      },
      "properties": {
        "id": 381,
        "area": "NRBC_D10_Survey_1",
        "canal": "Lateral 3",
        "type": "lateral",
        "chainage_m": 280.0,
        "status": "partial",
        "blockage_pct": 17,
        "struct_damage": "No",
        "lon": 76.7721961,
        "lat": 16.309208,
        "image": "images/0381.jpg"
      }
    },
    {
      "type": "Feature",
      "geometry": {
        "type": "Polygon",
        "coordinates": [
          [
            [
              76.77220245439734,
              16.30927150084105
            ],
            [
              76.77277487751793,
              16.309266696869575
            ],
            [
              76.77277115306966,
              16.308852872941372
            ],
            [
              76.77219873115014,
              16.308857676784353
            ],
            [
              76.77220245439734,
              16.30927150084105
            ]
          ]
        ]
      },
      "properties": {
        "id": 382,
        "area": "NRBC_D10_Survey_1",
        "canal": "Lateral 3",
        "type": "lateral",
        "chainage_m": 315.0,
        "status": "partial",
        "blockage_pct": 12,
        "struct_damage": "No",
        "lon": 76.7724868,
        "lat": 16.3090622,
        "image": "images/0382.jpg"
      }
    },
    {
      "type": "Feature",
      "geometry": {
        "type": "Polygon",
        "coordinates": [
          [
            [
              76.77249217513341,
              16.30912356876938
            ],
            [
              76.77306234916087,
              16.309118782932032
            ],
            [
              76.7730585934289,
              16.308701546721853
            ],
            [
              76.77248842060766,
              16.308706332430148
            ],
            [
              76.77249217513341,
              16.30912356876938
            ]
          ]
        ]
      },
      "properties": {
        "id": 383,
        "area": "NRBC_D10_Survey_1",
        "canal": "Lateral 3",
        "type": "lateral",
        "chainage_m": 350.0,
        "status": "partial",
        "blockage_pct": 16,
        "struct_damage": "No",
        "lon": 76.7727754,
        "lat": 16.3089126,
        "image": "images/0383.jpg"
      }
    },
    {
      "type": "Feature",
      "geometry": {
        "type": "Polygon",
        "coordinates": [
          [
            [
              76.77278092056231,
              16.308974403578326
            ],
            [
              76.7733523789665,
              16.308969606215847
            ],
            [
              76.77334864499869,
              16.30855485176761
            ],
            [
              76.77277718779622,
              16.308559649001484
            ],
            [
              76.77278092056231,
              16.308974403578326
            ]
          ]
        ]
      },
      "properties": {
        "id": 384,
        "area": "NRBC_D10_Survey_1",
        "canal": "Lateral 3",
        "type": "lateral",
        "chainage_m": 385.0,
        "status": "clear",
        "blockage_pct": 4,
        "struct_damage": "No",
        "lon": 76.7730648,
        "lat": 16.3087646,
        "image": "images/0384.jpg"
      }
    },
    {
      "type": "Feature",
      "geometry": {
        "type": "Polygon",
        "coordinates": [
          [
            [
              76.77307097275987,
              16.308827708949206
            ],
            [
              76.77364307309686,
              16.308822905449084
            ],
            [
              76.77363934693219,
              16.308409081698766
            ],
            [
              76.77306724779555,
              16.30841388507041
            ],
            [
              76.77307097275987,
              16.308827708949206
            ]
          ]
        ]
      },
      "properties": {
        "id": 385,
        "area": "NRBC_D10_Survey_1",
        "canal": "Lateral 3",
        "type": "lateral",
        "chainage_m": 420.0,
        "status": "clear",
        "blockage_pct": 3,
        "struct_damage": "No",
        "lon": 76.7733552,
        "lat": 16.3086184,
        "image": "images/0385.jpg"
      }
    },
    {
      "type": "Feature",
      "geometry": {
        "type": "Polygon",
        "coordinates": [
          [
            [
              76.77336167532096,
              16.308681939206338
            ],
            [
              76.7739369873831,
              16.308677107981385
            ],
            [
              76.77393339473026,
              16.308278174499513
            ],
            [
              76.7733580838318,
              16.308283005599897
            ],
            [
              76.77336167532096,
              16.308681939206338
            ]
          ]
        ]
      },
      "properties": {
        "id": 386,
        "area": "NRBC_D10_Survey_1",
        "canal": "Lateral 3",
        "type": "lateral",
        "chainage_m": 455.0,
        "status": "partial",
        "blockage_pct": 11,
        "struct_damage": "No",
        "lon": 76.7736475,
        "lat": 16.3084801,
        "image": "images/0386.jpg"
      }
    },
    {
      "type": "Feature",
      "geometry": {
        "type": "Polygon",
        "coordinates": [
          [
            [
              76.7736569946625,
              16.30869217911886
            ],
            [
              76.77423230666217,
              16.3086873470868
            ],
            [
              76.77422864076269,
              16.30828034814132
            ],
            [
              76.77365332995018,
              16.308285180046273
            ],
            [
              76.7736569946625,
              16.30869217911886
            ]
          ]
        ]
      },
      "properties": {
        "id": 387,
        "area": "NRBC_D10_Survey_1",
        "canal": "Lateral 3",
        "type": "lateral",
        "chainage_m": 490.0,
        "status": "partial",
        "blockage_pct": 10,
        "struct_damage": "No",
        "lon": 76.7739428,
        "lat": 16.3084863,
        "image": "images/0387.jpg"
      }
    },
    {
      "type": "Feature",
      "geometry": {
        "type": "Polygon",
        "coordinates": [
          [
            [
              76.77395342031387,
              16.308825262824392
            ],
            [
              76.77452937505743,
              16.308820424549122
            ],
            [
              76.77452571689649,
              16.3084143563122
            ],
            [
              76.77394976333873,
              16.308419194460487
            ],
            [
              76.77395342031387,
              16.308825262824392
            ]
          ]
        ]
      },
      "properties": {
        "id": 388,
        "area": "NRBC_D10_Survey_1",
        "canal": "Lateral 3",
        "type": "lateral",
        "chainage_m": 525.0,
        "status": "partial",
        "blockage_pct": 28,
        "struct_damage": "No",
        "lon": 76.7742396,
        "lat": 16.3086198,
        "image": "images/0388.jpg"
      }
    },
    {
      "type": "Feature",
      "geometry": {
        "type": "Polygon",
        "coordinates": [
          [
            [
              76.77425051951683,
              16.308961753014135
            ],
            [
              76.7748248684454,
              16.308956927386284
            ],
            [
              76.77482117889737,
              16.30854744688225
            ],
            [
              76.77424683116124,
              16.308552272382396
            ],
            [
              76.77425051951683,
              16.308961753014135
            ]
          ]
        ]
      },
      "properties": {
        "id": 389,
        "area": "NRBC_D10_Survey_1",
        "canal": "Lateral 3",
        "type": "lateral",
        "chainage_m": 560.0,
        "status": "partial",
        "blockage_pct": 24,
        "struct_damage": "No",
        "lon": 76.7745358,
        "lat": 16.3087546,
        "image": "images/0389.jpg"
      }
    },
    {
      "type": "Feature",
      "geometry": {
        "type": "Polygon",
        "coordinates": [
          [
            [
              76.77454610799637,
              16.30910880346443
            ],
            [
              76.77511467522267,
              16.30910402558717
            ],
            [
              76.7751108899884,
              16.308683997929865
            ],
            [
              76.77454232397297,
              16.308688775677417
            ],
            [
              76.77454610799637,
              16.30910880346443
            ]
          ]
        ]
      },
      "properties": {
        "id": 390,
        "area": "NRBC_D10_Survey_1",
        "canal": "Lateral 3",
        "type": "lateral",
        "chainage_m": 595.0,
        "status": "partial",
        "blockage_pct": 22,
        "struct_damage": "No",
        "lon": 76.7748285,
        "lat": 16.3088964,
        "image": "images/0390.jpg"
      }
    },
    {
      "type": "Feature",
      "geometry": {
        "type": "Polygon",
        "coordinates": [
          [
            [
              76.77483435623687,
              16.30926118915377
            ],
            [
              76.77540163891547,
              16.309256421258464
            ],
            [
              76.77539783066388,
              16.308833911973547
            ],
            [
              76.77483054920054,
              16.308838679738656
            ],
            [
              76.77483435623687,
              16.30926118915377
            ]
          ]
        ]
      },
      "properties": {
        "id": 391,
        "area": "NRBC_D10_Survey_1",
        "canal": "Lateral 3",
        "type": "lateral",
        "chainage_m": 630.0,
        "status": "partial",
        "blockage_pct": 12,
        "struct_damage": "No",
        "lon": 76.7751161,
        "lat": 16.3090476,
        "image": "images/0391.jpg"
      }
    },
    {
      "type": "Feature",
      "geometry": {
        "type": "Polygon",
        "coordinates": [
          [
            [
              76.77512292611932,
              16.309413571703505
            ],
            [
              76.77568860302377,
              16.30940881649368
            ],
            [
              76.77568477174718,
              16.308983825582015
            ],
            [
              76.77511909606169,
              16.308988580661232
            ],
            [
              76.77512292611932,
              16.309413571703505
            ]
          ]
        ]
      },
      "properties": {
        "id": 392,
        "area": "NRBC_D10_Survey_1",
        "canal": "Lateral 3",
        "type": "lateral",
        "chainage_m": 665.0,
        "status": "partial",
        "blockage_pct": 11,
        "struct_damage": "No",
        "lon": 76.7754038,
        "lat": 16.3091987,
        "image": "images/0392.jpg"
      }
    },
    {
      "type": "Feature",
      "geometry": {
        "type": "Polygon",
        "coordinates": [
          [
            [
              76.77540989029393,
              16.30956596731417
            ],
            [
              76.77597588877254,
              16.30956120859164
            ],
            [
              76.7759720540415,
              16.309135907540238
            ],
            [
              76.77540605678344,
              16.309140666131967
            ],
            [
              76.77540989029393,
              16.30956596731417
            ]
          ]
        ]
      },
      "properties": {
        "id": 393,
        "area": "NRBC_D10_Survey_1",
        "canal": "Lateral 3",
        "type": "lateral",
        "chainage_m": 700.0,
        "status": "partial",
        "blockage_pct": 12,
        "struct_damage": "No",
        "lon": 76.775691,
        "lat": 16.3093509,
        "image": "images/0393.jpg"
      }
    },
    {
      "type": "Feature",
      "geometry": {
        "type": "Polygon",
        "coordinates": [
          [
            [
              76.77569694398646,
              16.30969261216478
            ],
            [
              76.77627450684471,
              16.309687755378054
            ],
            [
              76.77627090362904,
              16.309288202017065
            ],
            [
              76.7756933419409,
              16.30929305867838
            ],
            [
              76.77569694398646,
              16.30969261216478
            ]
          ]
        ]
      },
      "properties": {
        "id": 394,
        "area": "NRBC_D10_Survey_1",
        "canal": "Lateral 3",
        "type": "lateral",
        "chainage_m": 735.0,
        "status": "partial",
        "blockage_pct": 16,
        "struct_damage": "No",
        "lon": 76.7759839,
        "lat": 16.3094904,
        "image": "images/0394.jpg"
      }
    },
    {
      "type": "Feature",
      "geometry": {
        "type": "Polygon",
        "coordinates": [
          [
            [
              76.77599524045738,
              16.309783484930804
            ],
            [
              76.77658822229839,
              16.30977849759982
            ],
            [
              76.77658494019565,
              16.309414618711976
            ],
            [
              76.77599195944872,
              16.30941960592567
            ],
            [
              76.77599524045738,
              16.309783484930804
            ]
          ]
        ]
      },
      "properties": {
        "id": 395,
        "area": "NRBC_D10_Survey_1",
        "canal": "Lateral 3",
        "type": "lateral",
        "chainage_m": 770.0,
        "status": "partial",
        "blockage_pct": 15,
        "struct_damage": "No",
        "lon": 76.7762901,
        "lat": 16.3095991,
        "image": "images/0395.jpg"
      }
    },
    {
      "type": "Feature",
      "geometry": {
        "type": "Polygon",
        "coordinates": [
          [
            [
              76.77630894759054,
              16.30987329692784
            ],
            [
              76.77690225082588,
              16.309868305987017
            ],
            [
              76.77689897651965,
              16.30950535780087
            ],
            [
              76.77630567437619,
              16.309510348624617
            ],
            [
              76.77630894759054,
              16.30987329692784
            ]
          ]
        ]
      },
      "properties": {
        "id": 396,
        "area": "NRBC_D10_Survey_1",
        "canal": "Lateral 3",
        "type": "lateral",
        "chainage_m": 805.0,
        "status": "partial",
        "blockage_pct": 24,
        "struct_damage": "No",
        "lon": 76.776604,
        "lat": 16.3096893,
        "image": "images/0396.jpg"
      }
    },
    {
      "type": "Feature",
      "geometry": {
        "type": "Polygon",
        "coordinates": [
          [
            [
              76.77662237571188,
              16.309967764314326
            ],
            [
              76.77721471545424,
              16.309962780574587
            ],
            [
              76.77721141536115,
              16.309597040544766
            ],
            [
              76.7766190767173,
              16.309602024166704
            ],
            [
              76.77662237571188,
              16.309967764314326
            ]
          ]
        ]
      },
      "properties": {
        "id": 397,
        "area": "NRBC_D10_Survey_1",
        "canal": "Lateral 3",
        "type": "lateral",
        "chainage_m": 840.0,
        "status": "partial",
        "blockage_pct": 15,
        "struct_damage": "No",
        "lon": 76.7769169,
        "lat": 16.3097824,
        "image": "images/0397.jpg"
      }
    },
    {
      "type": "Feature",
      "geometry": {
        "type": "Polygon",
        "coordinates": [
          [
            [
              76.77693556122689,
              16.310070919846627
            ],
            [
              76.77752340402114,
              16.310065973048793
            ],
            [
              76.777520008149,
              16.30968968587535
            ],
            [
              76.77693216647636,
              16.30969463255288
            ],
            [
              76.77693556122689,
              16.310070919846627
            ]
          ]
        ]
      },
      "properties": {
        "id": 398,
        "area": "NRBC_D10_Survey_1",
        "canal": "Lateral 3",
        "type": "lateral",
        "chainage_m": 875.0,
        "status": "partial",
        "blockage_pct": 27,
        "struct_damage": "No",
        "lon": 76.7772278,
        "lat": 16.3098803,
        "image": "images/0398.jpg"
      }
    },
    {
      "type": "Feature",
      "geometry": {
        "type": "Polygon",
        "coordinates": [
          [
            [
              76.77724565506311,
              16.310329839174983
            ],
            [
              76.77770179591346,
              16.310326000089443
            ],
            [
              76.77769699412336,
              16.309793986545436
            ],
            [
              76.77724085450353,
              16.309797825498975
            ],
            [
              76.77724565506311,
              16.310329839174983
            ]
          ]
        ]
      },
      "properties": {
        "id": 399,
        "area": "NRBC_D10_Survey_1",
        "canal": "Lateral 3",
        "type": "lateral",
        "chainage_m": 910.0,
        "status": "moderate",
        "blockage_pct": 35,
        "struct_damage": "No",
        "lon": 76.7774713,
        "lat": 16.3100619,
        "image": "images/0399.jpg"
      }
    },
    {
      "type": "Feature",
      "geometry": {
        "type": "Polygon",
        "coordinates": [
          [
            [
              76.77742419806472,
              16.31060661790536
            ],
            [
              76.7778597810264,
              16.31060295144165
            ],
            [
              76.77785482751696,
              16.310054186511906
            ],
            [
              76.77741924576736,
              16.310057852845592
            ],
            [
              76.77742419806472,
              16.31060661790536
            ]
          ]
        ]
      },
      "properties": {
        "id": 400,
        "area": "NRBC_D10_Survey_1",
        "canal": "Lateral 3",
        "type": "lateral",
        "chainage_m": 945.0,
        "status": "partial",
        "blockage_pct": 15,
        "struct_damage": "No",
        "lon": 76.7776395,
        "lat": 16.3103304,
        "image": "images/0400.jpg"
      }
    },
    {
      "type": "Feature",
      "geometry": {
        "type": "Polygon",
        "coordinates": [
          [
            [
              76.7775821662771,
              16.31088170820285
            ],
            [
              76.77802192575726,
              16.310878006194848
            ],
            [
              76.7780169885106,
              16.31033110259935
            ],
            [
              76.77757723024997,
              16.310334804476508
            ],
            [
              76.7775821662771,
              16.31088170820285
            ]
          ]
        ]
      },
      "properties": {
        "id": 401,
        "area": "NRBC_D10_Survey_1",
        "canal": "Lateral 3",
        "type": "lateral",
        "chainage_m": 980.0,
        "status": "partial",
        "blockage_pct": 23,
        "struct_damage": "No",
        "lon": 76.7777996,
        "lat": 16.3106064,
        "image": "images/0401.jpg"
      }
    },
    {
      "type": "Feature",
      "geometry": {
        "type": "Polygon",
        "coordinates": [
          [
            [
              76.77774387969161,
              16.31110899053931
            ],
            [
              76.77824081806217,
              16.311104806684913
            ],
            [
              76.77823631146123,
              16.310605675794815
            ],
            [
              76.77773937434844,
              16.31060985951425
            ],
            [
              76.77774387969161,
              16.31110899053931
            ]
          ]
        ]
      },
      "properties": {
        "id": 402,
        "area": "NRBC_D10_Survey_1",
        "canal": "Lateral 3",
        "type": "lateral",
        "chainage_m": 1015.0,
        "status": "partial",
        "blockage_pct": 18,
        "struct_damage": "No",
        "lon": 76.7779901,
        "lat": 16.3108573,
        "image": "images/0402.jpg"
      }
    },
    {
      "type": "Feature",
      "geometry": {
        "type": "Polygon",
        "coordinates": [
          [
            [
              76.77796118130419,
              16.311159590960198
            ],
            [
              76.77832609538888,
              16.311156518382713
            ],
            [
              76.77832317951501,
              16.310833587851107
            ],
            [
              76.77795826602791,
              16.310836660364465
            ],
            [
              76.77796118130419,
              16.311159590960198
            ]
          ]
        ]
      },
      "properties": {
        "id": 403,
        "area": "NRBC_D10_Survey_1",
        "canal": "Lateral 3",
        "type": "lateral",
        "chainage_m": 1050.0,
        "status": "partial",
        "blockage_pct": 7,
        "struct_damage": "No",
        "lon": 76.7781422,
        "lat": 16.3109966,
        "image": "images/0403.jpg"
      }
    },
    {
      "type": "Feature",
      "geometry": {
        "type": "Polygon",
        "coordinates": [
          [
            [
              76.77133969918465,
              16.312178208155636
            ],
            [
              76.77184981241105,
              16.312173928593005
            ],
            [
              76.77184551705786,
              16.311696510922403
            ],
            [
              76.77133540506651,
              16.311700790352997
            ],
            [
              76.77133969918465,
              16.312178208155636
            ]
          ]
        ]
      },
      "properties": {
        "id": 404,
        "area": "NRBC_D10_Survey_1",
        "canal": "Lateral 4",
        "type": "lateral",
        "chainage_m": 0.0,
        "status": "partial",
        "blockage_pct": 28,
        "struct_damage": "No",
        "lon": 76.7715926,
        "lat": 16.3119374,
        "image": "images/0404.jpg"
      }
    },
    {
      "type": "Feature",
      "geometry": {
        "type": "Polygon",
        "coordinates": [
          [
            [
              76.77157144122887,
              16.31236985161155
            ],
            [
              76.77211046560649,
              16.31236532882463
            ],
            [
              76.77210628959871,
              16.311901250383592
            ],
            [
              76.7715672664897,
              16.31190577303488
            ],
            [
              76.77157144122887,
              16.31236985161155
            ]
          ]
        ]
      },
      "properties": {
        "id": 405,
        "area": "NRBC_D10_Survey_1",
        "canal": "Lateral 4",
        "type": "lateral",
        "chainage_m": 35.0,
        "status": "partial",
        "blockage_pct": 25,
        "struct_damage": "No",
        "lon": 76.7718389,
        "lat": 16.3121356,
        "image": "images/0405.jpg"
      }
    },
    {
      "type": "Feature",
      "geometry": {
        "type": "Polygon",
        "coordinates": [
          [
            [
              76.77183208888732,
              16.312560631758906
            ],
            [
              76.77237175617161,
              16.31255610286312
            ],
            [
              76.77236758508043,
              16.31209264492195
            ],
            [
              76.77182791906456,
              16.312097173682105
            ],
            [
              76.77183208888732,
              16.312560631758906
            ]
          ]
        ]
      },
      "properties": {
        "id": 406,
        "area": "NRBC_D10_Survey_1",
        "canal": "Lateral 4",
        "type": "lateral",
        "chainage_m": 70.0,
        "status": "partial",
        "blockage_pct": 25,
        "struct_damage": "No",
        "lon": 76.7720998,
        "lat": 16.3123266,
        "image": "images/0406.jpg"
      }
    },
    {
      "type": "Feature",
      "geometry": {
        "type": "Polygon",
        "coordinates": [
          [
            [
              76.77209389872525,
              16.31280910572894
            ],
            [
              76.77253751859112,
              16.31280538236462
            ],
            [
              76.7725328277027,
              16.31228422489811
            ],
            [
              76.77208920900932,
              16.312287948137048
            ],
            [
              76.77209389872525,
              16.31280910572894
            ]
          ]
        ]
      },
      "properties": {
        "id": 407,
        "area": "NRBC_D10_Survey_1",
        "canal": "Lateral 4",
        "type": "lateral",
        "chainage_m": 105.0,
        "status": "partial",
        "blockage_pct": 30,
        "struct_damage": "No",
        "lon": 76.7723134,
        "lat": 16.3125467,
        "image": "images/0407.jpg"
      }
    },
    {
      "type": "Feature",
      "geometry": {
        "type": "Polygon",
        "coordinates": [
          [
            [
              76.77226024176983,
              16.31312290972076
            ],
            [
              76.77256766021047,
              16.313120329326974
            ],
            [
              76.7725623883602,
              16.312534647627853
            ],
            [
              76.77225497083269,
              16.31253722792398
            ],
            [
              76.77226024176983,
              16.31312290972076
            ]
          ]
        ]
      },
      "properties": {
        "id": 408,
        "area": "NRBC_D10_Survey_1",
        "canal": "Lateral 4",
        "type": "lateral",
        "chainage_m": 140.0,
        "status": "partial",
        "blockage_pct": 13,
        "struct_damage": "No",
        "lon": 76.7724113,
        "lat": 16.3128288,
        "image": "images/0408.jpg"
      }
    },
    {
      "type": "Feature",
      "geometry": {
        "type": "Polygon",
        "coordinates": [
          [
            [
              76.77229038025999,
              16.31343754653985
            ],
            [
              76.77260069027346,
              16.313434941783843
            ],
            [
              76.77259542100998,
              16.312849570325398
            ],
            [
              76.77228511191777,
              16.312852174982883
            ],
            [
              76.77229038025999,
              16.31343754653985
            ]
          ]
        ]
      },
      "properties": {
        "id": 409,
        "area": "NRBC_D10_Survey_1",
        "canal": "Lateral 4",
        "type": "lateral",
        "chainage_m": 175.0,
        "status": "partial",
        "blockage_pct": 20,
        "struct_damage": "No",
        "lon": 76.7724429,
        "lat": 16.3131436,
        "image": "images/0409.jpg"
      }
    },
    {
      "type": "Feature",
      "geometry": {
        "type": "Polygon",
        "coordinates": [
          [
            [
              76.77232340719901,
              16.31375184885678
            ],
            [
              76.77263628756106,
              16.313749222429323
            ],
            [
              76.7726310208771,
              16.313164161212317
            ],
            [
              76.77231814144345,
              16.31316678754049
            ],
            [
              76.77232340719901,
              16.31375184885678
            ]
          ]
        ]
      },
      "properties": {
        "id": 410,
        "area": "NRBC_D10_Survey_1",
        "canal": "Lateral 4",
        "type": "lateral",
        "chainage_m": 210.0,
        "status": "moderate",
        "blockage_pct": 37,
        "struct_damage": "No",
        "lon": 76.7724772,
        "lat": 16.313458,
        "image": "images/0410.jpg"
      }
    },
    {
      "type": "Feature",
      "geometry": {
        "type": "Polygon",
        "coordinates": [
          [
            [
              76.77235900695172,
              16.314066439790796
            ],
            [
              76.7726706028759,
              16.314063824048933
            ],
            [
              76.77266533319023,
              16.3134784526475
            ],
            [
              76.77235373819116,
              16.313481068290436
            ],
            [
              76.77235900695172,
              16.314066439790796
            ]
          ]
        ]
      },
      "properties": {
        "id": 411,
        "area": "NRBC_D10_Survey_1",
        "canal": "Lateral 4",
        "type": "lateral",
        "chainage_m": 245.0,
        "status": "moderate",
        "blockage_pct": 49,
        "struct_damage": "No",
        "lon": 76.7725122,
        "lat": 16.3137724,
        "image": "images/0411.jpg"
      }
    },
    {
      "type": "Feature",
      "geometry": {
        "type": "Polygon",
        "coordinates": [
          [
            [
              76.77239332472924,
              16.314381351697484
            ],
            [
              76.77270074511172,
              16.31437877091665
            ],
            [
              76.7726954724364,
              16.313793089329504
            ],
            [
              76.77238805296713,
              16.31379567001268
            ],
            [
              76.77239332472924,
              16.314381351697484
            ]
          ]
        ]
      },
      "properties": {
        "id": 412,
        "area": "NRBC_D10_Survey_1",
        "canal": "Lateral 4",
        "type": "lateral",
        "chainage_m": 280.0,
        "status": "moderate",
        "blockage_pct": 52,
        "struct_damage": "No",
        "lon": 76.7725444,
        "lat": 16.3140872,
        "image": "images/0412.jpg"
      }
    },
    {
      "type": "Feature",
      "geometry": {
        "type": "Polygon",
        "coordinates": [
          [
            [
              76.77242346662779,
              16.314696298634725
            ],
            [
              76.7727318511985,
              16.314693709670415
            ],
            [
              76.77272657832323,
              16.314108028110603
            ],
            [
              76.77241819466862,
              16.314110616976944
            ],
            [
              76.77242346662779,
              16.314696298634725
            ]
          ]
        ]
      },
      "properties": {
        "id": 413,
        "area": "NRBC_D10_Survey_1",
        "canal": "Lateral 4",
        "type": "lateral",
        "chainage_m": 315.0,
        "status": "moderate",
        "blockage_pct": 47,
        "struct_damage": "No",
        "lon": 76.772575,
        "lat": 16.3144022,
        "image": "images/0413.jpg"
      }
    },
    {
      "type": "Feature",
      "geometry": {
        "type": "Polygon",
        "coordinates": [
          [
            [
              76.772454572379,
              16.31501123745913
            ],
            [
              76.77275717521826,
              16.315008696949842
            ],
            [
              76.77275190216022,
              16.31442301541552
            ],
            [
              76.77244930021989,
              16.31442555582868
            ],
            [
              76.772454572379,
              16.31501123745913
            ]
          ]
        ]
      },
      "properties": {
        "id": 414,
        "area": "NRBC_D10_Survey_1",
        "canal": "Lateral 4",
        "type": "lateral",
        "chainage_m": 350.0,
        "status": "moderate",
        "blockage_pct": 50,
        "struct_damage": "No",
        "lon": 76.7726032,
        "lat": 16.3147171,
        "image": "images/0414.jpg"
      }
    },
    {
      "type": "Feature",
      "geometry": {
        "type": "Polygon",
        "coordinates": [
          [
            [
              76.77242686435612,
              16.315323567639176
            ],
            [
              76.77275934252734,
              16.31532077628349
            ],
            [
              76.77275409728573,
              16.314738196893895
            ],
            [
              76.77242162009699,
              16.314740988144507
            ],
            [
              76.77242686435612,
              16.315323567639176
            ]
          ]
        ]
      },
      "properties": {
        "id": 415,
        "area": "NRBC_D10_Survey_1",
        "canal": "Lateral 4",
        "type": "lateral",
        "chainage_m": 385.0,
        "status": "moderate",
        "blockage_pct": 50,
        "struct_damage": "No",
        "lon": 76.7725905,
        "lat": 16.3150309,
        "image": "images/0415.jpg"
      }
    },
    {
      "type": "Feature",
      "geometry": {
        "type": "Polygon",
        "coordinates": [
          [
            [
              76.77237377590059,
              16.315635800641886
            ],
            [
              76.77270978819826,
              16.315632979648846
            ],
            [
              76.77270454579018,
              16.31505071047343
            ],
            [
              76.77236853448493,
              16.31505353136035
            ],
            [
              76.77237377590059,
              16.315635800641886
            ]
          ]
        ]
      },
      "properties": {
        "id": 416,
        "area": "NRBC_D10_Survey_1",
        "canal": "Lateral 4",
        "type": "lateral",
        "chainage_m": 420.0,
        "status": "moderate",
        "blockage_pct": 49,
        "struct_damage": "No",
        "lon": 76.7725392,
        "lat": 16.3153433,
        "image": "images/0416.jpg"
      }
    },
    {
      "type": "Feature",
      "geometry": {
        "type": "Polygon",
        "coordinates": [
          [
            [
              76.7723168241179,
              16.315947135360666
            ],
            [
              76.77265669178853,
              16.315944282040086
            ],
            [
              76.77265145781051,
              16.31536294350303
            ],
            [
              76.77231159114207,
              16.315365796716446
            ],
            [
              76.7723168241179,
              16.315947135360666
            ]
          ]
        ]
      },
      "properties": {
        "id": 417,
        "area": "NRBC_D10_Survey_1",
        "canal": "Lateral 4",
        "type": "lateral",
        "chainage_m": 455.0,
        "status": "moderate",
        "blockage_pct": 62,
        "struct_damage": "No",
        "lon": 76.7724841,
        "lat": 16.315655,
        "image": "images/0417.jpg"
      }
    },
    {
      "type": "Feature",
      "geometry": {
        "type": "Polygon",
        "coordinates": [
          [
            [
              76.77230088157377,
              16.316246026607978
            ],
            [
              76.77266291507752,
              16.316242987155526
            ],
            [
              76.77265778990511,
              16.315673746930802
            ],
            [
              76.77229575744677,
              16.315676786271464
            ],
            [
              76.77230088157377,
              16.316246026607978
            ]
          ]
        ]
      },
      "properties": {
        "id": 418,
        "area": "NRBC_D10_Survey_1",
        "canal": "Lateral 4",
        "type": "lateral",
        "chainage_m": 490.0,
        "status": "partial",
        "blockage_pct": 29,
        "struct_damage": "No",
        "lon": 76.7724793,
        "lat": 16.3159599,
        "image": "images/0418.jpg"
      }
    },
    {
      "type": "Feature",
      "geometry": {
        "type": "Polygon",
        "coordinates": [
          [
            [
              76.77238540242546,
              16.316534767382475
            ],
            [
              76.77279722816118,
              16.31653130963143
            ],
            [
              76.77279218630153,
              16.315971375842768
            ],
            [
              76.77238036173553,
              16.31597483346873
            ],
            [
              76.77238540242546,
              16.316534767382475
            ]
          ]
        ]
      },
      "properties": {
        "id": 419,
        "area": "NRBC_D10_Survey_1",
        "canal": "Lateral 4",
        "type": "lateral",
        "chainage_m": 525.0,
        "status": "partial",
        "blockage_pct": 26,
        "struct_damage": "No",
        "lon": 76.7725888,
        "lat": 16.3162531,
        "image": "images/0419.jpg"
      }
    },
    {
      "type": "Feature",
      "geometry": {
        "type": "Polygon",
        "coordinates": [
          [
            [
              76.77251970977959,
              16.316822469622583
            ],
            [
              76.77293346351088,
              16.316818995364095
            ],
            [
              76.772928426757,
              16.316259682057307
            ],
            [
              76.77251467419964,
              16.31626315619026
            ],
            [
              76.77251970977959,
              16.316822469622583
            ]
          ]
        ]
      },
      "properties": {
        "id": 420,
        "area": "NRBC_D10_Survey_1",
        "canal": "Lateral 4",
        "type": "lateral",
        "chainage_m": 560.0,
        "status": "moderate",
        "blockage_pct": 57,
        "struct_damage": "No",
        "lon": 76.7727241,
        "lat": 16.3165411,
        "image": "images/0420.jpg"
      }
    },
    {
      "type": "Feature",
      "geometry": {
        "type": "Polygon",
        "coordinates": [
          [
            [
              76.77265607068354,
              16.317124115115057
            ],
            [
              76.77302228182312,
              16.31712103982211
            ],
            [
              76.773017119003,
              16.31654776699223
            ],
            [
              76.77265090892841,
              16.316550842171278
            ],
            [
              76.77265607068354,
              16.317124115115057
            ]
          ]
        ]
      },
      "properties": {
        "id": 421,
        "area": "NRBC_D10_Survey_1",
        "canal": "Lateral 4",
        "type": "lateral",
        "chainage_m": 595.0,
        "status": "moderate",
        "blockage_pct": 61,
        "struct_damage": "No",
        "lon": 76.7728366,
        "lat": 16.3168359,
        "image": "images/0421.jpg"
      }
    },
    {
      "type": "Feature",
      "geometry": {
        "type": "Polygon",
        "coordinates": [
          [
            [
              76.77274496977836,
              16.317435155875298
            ],
            [
              76.77308034260166,
              16.31743233938553
            ],
            [
              76.77307509848762,
              16.316850070426348
            ],
            [
              76.77273972665495,
              16.316852886810175
            ],
            [
              76.77274496977836,
              16.317435155875298
            ]
          ]
        ]
      },
      "properties": {
        "id": 422,
        "area": "NRBC_D10_Survey_1",
        "canal": "Lateral 4",
        "type": "lateral",
        "chainage_m": 630.0,
        "status": "moderate",
        "blockage_pct": 63,
        "struct_damage": "No",
        "lon": 76.77291,
        "lat": 16.3171426,
        "image": "images/0422.jpg"
      }
    },
    {
      "type": "Feature",
      "geometry": {
        "type": "Polygon",
        "coordinates": [
          [
            [
              76.77280302468426,
              16.317745835115154
            ],
            [
              76.77314161041411,
              16.31774299149927
            ],
            [
              76.77313637160147,
              16.317161343001658
            ],
            [
              76.77279778687071,
              16.317164186510688
            ],
            [
              76.77280302468426,
              16.317745835115154
            ]
          ]
        ]
      },
      "properties": {
        "id": 423,
        "area": "NRBC_D10_Survey_1",
        "canal": "Lateral 4",
        "type": "lateral",
        "chainage_m": 665.0,
        "status": "full",
        "blockage_pct": 80,
        "struct_damage": "No",
        "lon": 76.7729697,
        "lat": 16.3174536,
        "image": "images/0423.jpg"
      }
    },
    {
      "type": "Feature",
      "geometry": {
        "type": "Polygon",
        "coordinates": [
          [
            [
              76.7728642978047,
              16.318057107759298
            ],
            [
              76.77319967166548,
              16.31805429097575
            ],
            [
              76.77319442698759,
              16.31747202208855
            ],
            [
              76.77285905411749,
              16.317474838766152
            ],
            [
              76.7728642978047,
              16.318057107759298
            ]
          ]
        ]
      },
      "properties": {
        "id": 424,
        "area": "NRBC_D10_Survey_1",
        "canal": "Lateral 4",
        "type": "lateral",
        "chainage_m": 700.0,
        "status": "moderate",
        "blockage_pct": 65,
        "struct_damage": "No",
        "lon": 76.7730294,
        "lat": 16.3177646,
        "image": "images/0424.jpg"
      }
    },
    {
      "type": "Feature",
      "geometry": {
        "type": "Polygon",
        "coordinates": [
          [
            [
              76.77292222466544,
              16.318353517135364
            ],
            [
              76.77324828306708,
              16.31835077846523
            ],
            [
              76.77324317226913,
              16.31778339980997
            ],
            [
              76.77291711480605,
              16.317786138379734
            ],
            [
              76.77292222466544,
              16.318353517135364
            ]
          ]
        ]
      },
      "properties": {
        "id": 425,
        "area": "NRBC_D10_Survey_1",
        "canal": "Lateral 4",
        "type": "lateral",
        "chainage_m": 735.0,
        "status": "moderate",
        "blockage_pct": 45,
        "struct_damage": "No",
        "lon": 76.7730827,
        "lat": 16.3180685,
        "image": "images/0425.jpg"
      }
    },
    {
      "type": "Feature",
      "geometry": {
        "type": "Polygon",
        "coordinates": [
          [
            [
              76.77610875715055,
              16.3150680161169
            ],
            [
              76.77670657336965,
              16.31506298635003
            ],
            [
              76.7767034886654,
              16.31472113272009
            ],
            [
              76.77610567348292,
              16.314726162375866
            ],
            [
              76.77610875715055,
              16.3150680161169
            ]
          ]
        ]
      },
      "properties": {
        "id": 426,
        "area": "NRBC_D10_Survey_1",
        "canal": "Lateral 5",
        "type": "lateral",
        "chainage_m": 0.0,
        "status": "moderate",
        "blockage_pct": 50,
        "struct_damage": "No",
        "lon": 76.7764061,
        "lat": 16.3148946,
        "image": "images/0426.jpg"
      }
    },
    {
      "type": "Feature",
      "geometry": {
        "type": "Polygon",
        "coordinates": [
          [
            [
              76.77642717675562,
              16.31514506783054
            ],
            [
              76.77702402940331,
              16.31514004525031
            ],
            [
              76.7770208685417,
              16.314789815959173
            ],
            [
              76.77642401695428,
              16.314794838425744
            ],
            [
              76.77642717675562,
              16.31514506783054
            ]
          ]
        ]
      },
      "properties": {
        "id": 427,
        "area": "NRBC_D10_Survey_1",
        "canal": "Lateral 5",
        "type": "lateral",
        "chainage_m": 35.0,
        "status": "partial",
        "blockage_pct": 26,
        "struct_damage": "No",
        "lon": 76.776724,
        "lat": 16.3149674,
        "image": "images/0427.jpg"
      }
    },
    {
      "type": "Feature",
      "geometry": {
        "type": "Polygon",
        "coordinates": [
          [
            [
              76.77674464125812,
              16.315223057784287
            ],
            [
              76.77734149403896,
              16.315218034283582
            ],
            [
              76.77733832419635,
              16.314866874419884
            ],
            [
              76.77674147247859,
              16.31487189780661
            ],
            [
              76.77674464125812,
              16.315223057784287
            ]
          ]
        ]
      },
      "properties": {
        "id": 428,
        "area": "NRBC_D10_Survey_1",
        "canal": "Lateral 5",
        "type": "lateral",
        "chainage_m": 70.0,
        "status": "partial",
        "blockage_pct": 19,
        "struct_damage": "Yes",
        "lon": 76.7770415,
        "lat": 16.315045,
        "image": "images/0428.jpg"
      }
    },
    {
      "type": "Feature",
      "geometry": {
        "type": "Polygon",
        "coordinates": [
          [
            [
              76.77706209196585,
              16.315299496175353
            ],
            [
              76.77765926610915,
              16.31529446905001
            ],
            [
              76.77765610968777,
              16.31494486030885
            ],
            [
              76.77705893660344,
              16.314949887320633
            ],
            [
              76.77706209196585,
              16.315299496175353
            ]
          ]
        ]
      },
      "properties": {
        "id": 429,
        "area": "NRBC_D10_Survey_1",
        "canal": "Lateral 5",
        "type": "lateral",
        "chainage_m": 105.0,
        "status": "partial",
        "blockage_pct": 24,
        "struct_damage": "No",
        "lon": 76.7773591,
        "lat": 16.3151222,
        "image": "images/0429.jpg"
      }
    },
    {
      "type": "Feature",
      "geometry": {
        "type": "Polygon",
        "coordinates": [
          [
            [
              76.77737981650124,
              16.31537065775779
            ],
            [
              76.77797827569327,
              16.315365618892137
            ],
            [
              76.77797516631166,
              16.31502128381447
            ],
            [
              76.77737670816491,
              16.315026322568023
            ],
            [
              76.77737981650124,
              16.31537065775779
            ]
          ]
        ]
      },
      "properties": {
        "id": 430,
        "area": "NRBC_D10_Survey_1",
        "canal": "Lateral 5",
        "type": "lateral",
        "chainage_m": 140.0,
        "status": "moderate",
        "blockage_pct": 35,
        "struct_damage": "No",
        "lon": 76.7776775,
        "lat": 16.315196,
        "image": "images/0430.jpg"
      }
    },
    {
      "type": "Feature",
      "geometry": {
        "type": "Polygon",
        "coordinates": [
          [
            [
              76.77769854413316,
              16.315446153689933
            ],
            [
              76.77829636098238,
              16.315441119309792
            ],
            [
              76.77829322021051,
              16.31509337196522
            ],
            [
              76.77769540441578,
              16.31509840623226
            ],
            [
              76.77769854413316,
              16.315446153689933
            ]
          ]
        ]
      },
      "properties": {
        "id": 431,
        "area": "NRBC_D10_Survey_1",
        "canal": "Lateral 5",
        "type": "lateral",
        "chainage_m": 175.0,
        "status": "partial",
        "blockage_pct": 26,
        "struct_damage": "No",
        "lon": 76.7779959,
        "lat": 16.3152698,
        "image": "images/0431.jpg"
      }
    },
    {
      "type": "Feature",
      "geometry": {
        "type": "Polygon",
        "coordinates": [
          [
            [
              76.77801698154245,
              16.315525064150634
            ],
            [
              76.77861351359059,
              16.31552003967008
            ],
            [
              76.77861033301136,
              16.315167949424758
            ],
            [
              76.77801380202861,
              16.31517297379102
            ],
            [
              76.77801698154245,
              16.315525064150634
            ]
          ]
        ]
      },
      "properties": {
        "id": 432,
        "area": "NRBC_D10_Survey_1",
        "canal": "Lateral 5",
        "type": "lateral",
        "chainage_m": 210.0,
        "status": "moderate",
        "blockage_pct": 45,
        "struct_damage": "No",
        "lon": 76.7783137,
        "lat": 16.3153465,
        "image": "images/0432.jpg"
      }
    },
    {
      "type": "Feature",
      "geometry": {
        "type": "Polygon",
        "coordinates": [
          [
            [
              76.7783348737747,
              16.315579159873966
            ],
            [
              76.77893622439704,
              16.31557409387963
            ],
            [
              76.77893323662012,
              16.315243408299743
            ],
            [
              76.77833188700644,
              16.315248474185847
            ],
            [
              76.7783348737747,
              16.315579159873966
            ]
          ]
        ]
      },
      "properties": {
        "id": 433,
        "area": "NRBC_D10_Survey_1",
        "canal": "Lateral 5",
        "type": "lateral",
        "chainage_m": 245.0,
        "status": "full",
        "blockage_pct": 77,
        "struct_damage": "No",
        "lon": 76.7786341,
        "lat": 16.3154113,
        "image": "images/0433.jpg"
      }
    },
    {
      "type": "Feature",
      "geometry": {
        "type": "Polygon",
        "coordinates": [
          [
            [
              76.77865658451414,
              16.315629189874564
            ],
            [
              76.77925954135519,
              16.315624109413367
            ],
            [
              76.77925662030444,
              16.315300868970837
            ],
            [
              76.77865366445202,
              16.315305949325936
            ],
            [
              76.77865658451414,
              16.315629189874564
            ]
          ]
        ]
      },
      "properties": {
        "id": 434,
        "area": "NRBC_D10_Survey_1",
        "canal": "Lateral 5",
        "type": "lateral",
        "chainage_m": 280.0,
        "status": "moderate",
        "blockage_pct": 57,
        "struct_damage": "No",
        "lon": 76.7789566,
        "lat": 16.315465,
        "image": "images/0434.jpg"
      }
    },
    {
      "type": "Feature",
      "geometry": {
        "type": "Polygon",
        "coordinates": [
          [
            [
              76.77897986790367,
              16.31567548329544
            ],
            [
              76.77958346724876,
              16.315670396481977
            ],
            [
              76.7795805793032,
              16.315350878636025
            ],
            [
              76.7789769809364,
              16.315355965344477
            ],
            [
              76.77897986790367,
              16.31567548329544
            ]
          ]
        ]
      },
      "properties": {
        "id": 435,
        "area": "NRBC_D10_Survey_1",
        "canal": "Lateral 5",
        "type": "lateral",
        "chainage_m": 315.0,
        "status": "full",
        "blockage_pct": 72,
        "struct_damage": "No",
        "lon": 76.7792802,
        "lat": 16.3155132,
        "image": "images/0435.jpg"
      }
    },
    {
      "type": "Feature",
      "geometry": {
        "type": "Polygon",
        "coordinates": [
          [
            [
              76.77930382189713,
              16.315724872906728
            ],
            [
              76.77990710005261,
              16.315719787860594
            ],
            [
              76.77990418633395,
              16.315397478169494
            ],
            [
              76.77930090916476,
              16.31540256310974
            ],
            [
              76.77930382189713,
              16.315724872906728
            ]
          ]
        ]
      },
      "properties": {
        "id": 436,
        "area": "NRBC_D10_Survey_1",
        "canal": "Lateral 5",
        "type": "lateral",
        "chainage_m": 350.0,
        "status": "full",
        "blockage_pct": 75,
        "struct_damage": "No",
        "lon": 76.779604,
        "lat": 16.3155612,
        "image": "images/0436.jpg"
      }
    },
    {
      "type": "Feature",
      "geometry": {
        "type": "Polygon",
        "coordinates": [
          [
            [
              76.7796274295318,
              16.31577147280873
            ],
            [
              76.78023102895787,
              16.315766384115452
            ],
            [
              76.780228137139,
              16.315446556173868
            ],
            [
              76.77962453869216,
              16.315451644762
            ],
            [
              76.7796274295318,
              16.31577147280873
            ]
          ]
        ]
      },
      "properties": {
        "id": 437,
        "area": "NRBC_D10_Survey_1",
        "canal": "Lateral 5",
        "type": "lateral",
        "chainage_m": 385.0,
        "status": "full",
        "blockage_pct": 72,
        "struct_damage": "No",
        "lon": 76.7799278,
        "lat": 16.315609,
        "image": "images/0437.jpg"
      }
    },
    {
      "type": "Feature",
      "geometry": {
        "type": "Polygon",
        "coordinates": [
          [
            [
              76.77995135850273,
              16.31581806949084
            ],
            [
              76.78055495796495,
              16.315812979857647
            ],
            [
              76.78055206561135,
              16.315493151974
            ],
            [
              76.77994846712835,
              16.31549824150203
            ],
            [
              76.77995135850273,
              16.31581806949084
            ]
          ]
        ]
      },
      "properties": {
        "id": 438,
        "area": "NRBC_D10_Survey_1",
        "canal": "Lateral 5",
        "type": "lateral",
        "chainage_m": 420.0,
        "status": "moderate",
        "blockage_pct": 66,
        "struct_damage": "No",
        "lon": 76.7802517,
        "lat": 16.3156556,
        "image": "images/0438.jpg"
      }
    },
    {
      "type": "Feature",
      "geometry": {
        "type": "Polygon",
        "coordinates": [
          [
            [
              76.78027530160045,
              16.315866216717165
            ],
            [
              76.78087857986917,
              16.315861128853197
            ],
            [
              76.78087567295165,
              16.315539749971077
            ],
            [
              76.7802723956664,
              16.31554483772941
            ],
            [
              76.78027530160045,
              16.315866216717165
            ]
          ]
        ]
      },
      "properties": {
        "id": 439,
        "area": "NRBC_D10_Survey_1",
        "canal": "Lateral 5",
        "type": "lateral",
        "chainage_m": 455.0,
        "status": "full",
        "blockage_pct": 98,
        "struct_damage": "No",
        "lon": 76.7805755,
        "lat": 16.315703,
        "image": "images/0439.jpg"
      }
    },
    {
      "type": "Feature",
      "geometry": {
        "type": "Polygon",
        "coordinates": [
          [
            [
              76.78059975119747,
              16.316005878477608
            ],
            [
              76.78117058509744,
              16.31600106336892
            ],
            [
              76.78116684980391,
              16.315588172229724
            ],
            [
              76.78059601709948,
              16.31559298720996
            ],
            [
              76.78059975119747,
              16.316005878477608
            ]
          ]
        ]
      },
      "properties": {
        "id": 440,
        "area": "NRBC_D10_Survey_1",
        "canal": "Lateral 5",
        "type": "lateral",
        "chainage_m": 490.0,
        "status": "full",
        "blockage_pct": 79,
        "struct_damage": "No",
        "lon": 76.7808833,
        "lat": 16.315797,
        "image": "images/0440.jpg"
      }
    },
    {
      "type": "Feature",
      "geometry": {
        "type": "Polygon",
        "coordinates": [
          [
            [
              76.78089184628645,
              16.316155740136075
            ],
            [
              76.78145914694753,
              16.31615095401134
            ],
            [
              76.78145532119451,
              16.315728136185363
            ],
            [
              76.78088802175017,
              16.315732922179354
            ],
            [
              76.78089184628645,
              16.316155740136075
            ]
          ]
        ]
      },
      "properties": {
        "id": 441,
        "area": "NRBC_D10_Survey_1",
        "canal": "Lateral 5",
        "type": "lateral",
        "chainage_m": 525.0,
        "status": "moderate",
        "blockage_pct": 44,
        "struct_damage": "No",
        "lon": 76.7811736,
        "lat": 16.3159419,
        "image": "images/0441.jpg"
      }
    },
    {
      "type": "Feature",
      "geometry": {
        "type": "Polygon",
        "coordinates": [
          [
            [
              76.78118014439397,
              16.316276471302672
            ],
            [
              76.78176125841398,
              16.316271567793976
            ],
            [
              76.78175769587072,
              16.315877909888044
            ],
            [
              76.78117658301112,
              16.315882813272037
            ],
            [
              76.78118014439397,
              16.316276471302672
            ]
          ]
        ]
      },
      "properties": {
        "id": 442,
        "area": "NRBC_D10_Survey_1",
        "canal": "Lateral 5",
        "type": "lateral",
        "chainage_m": 560.0,
        "status": "moderate",
        "blockage_pct": 49,
        "struct_damage": "No",
        "lon": 76.7814689,
        "lat": 16.3160772,
        "image": "images/0442.jpg"
      }
    },
    {
      "type": "Feature",
      "geometry": {
        "type": "Polygon",
        "coordinates": [
          [
            [
              76.78148218014412,
              16.316388709780124
            ],
            [
              76.7820677916898,
              16.316383767446
            ],
            [
              76.78206430431932,
              16.31599848530894
            ],
            [
              76.78147869391816,
              16.316003427520045
            ],
            [
              76.78148218014412,
              16.316388709780124
            ]
          ]
        ]
      },
      "properties": {
        "id": 443,
        "area": "NRBC_D10_Survey_1",
        "canal": "Lateral 5",
        "type": "lateral",
        "chainage_m": 595.0,
        "status": "moderate",
        "blockage_pct": 62,
        "struct_damage": "No",
        "lon": 76.7817732,
        "lat": 16.3161936,
        "image": "images/0443.jpg"
      }
    },
    {
      "type": "Feature",
      "geometry": {
        "type": "Polygon",
        "coordinates": [
          [
            [
              76.78178884825283,
              16.31651579996681
            ],
            [
              76.78236739290446,
              16.316510916409477
            ],
            [
              76.7823637701197,
              16.316110744211507
            ],
            [
              76.78178522664248,
              16.316115627642585
            ],
            [
              76.78178884825283,
              16.31651579996681
            ]
          ]
        ]
      },
      "properties": {
        "id": 444,
        "area": "NRBC_D10_Survey_1",
        "canal": "Lateral 5",
        "type": "lateral",
        "chainage_m": 630.0,
        "status": "moderate",
        "blockage_pct": 65,
        "struct_damage": "No",
        "lon": 76.7820763,
        "lat": 16.3163133,
        "image": "images/0444.jpg"
      }
    },
    {
      "type": "Feature",
      "geometry": {
        "type": "Polygon",
        "coordinates": [
          [
            [
              76.78208878368993,
              16.316679864436896
            ],
            [
              76.78264709089898,
              16.316675150896927
            ],
            [
              76.78264313326163,
              16.31623806366199
            ],
            [
              76.78208482729048,
              16.316242777068858
            ],
            [
              76.78208878368993,
              16.316679864436896
            ]
          ]
        ]
      },
      "properties": {
        "id": 445,
        "area": "NRBC_D10_Survey_1",
        "canal": "Lateral 5",
        "type": "lateral",
        "chainage_m": 665.0,
        "status": "moderate",
        "blockage_pct": 69,
        "struct_damage": "No",
        "lon": 76.782366,
        "lat": 16.316459,
        "image": "images/0445.jpg"
      }
    },
    {
      "type": "Feature",
      "geometry": {
        "type": "Polygon",
        "coordinates": [
          [
            [
              76.78236836940783,
              16.31683169085082
            ],
            [
              76.78293406538066,
              16.316826914131756
            ],
            [
              76.78293021943814,
              16.316402235407946
            ],
            [
              76.782364524684,
              16.316407011995953
            ],
            [
              76.78236836940783,
              16.31683169085082
            ]
          ]
        ]
      },
      "properties": {
        "id": 446,
        "area": "NRBC_D10_Survey_1",
        "canal": "Lateral 5",
        "type": "lateral",
        "chainage_m": 700.0,
        "status": "full",
        "blockage_pct": 80,
        "struct_damage": "No",
        "lon": 76.7826493,
        "lat": 16.316617,
        "image": "images/0446.jpg"
      }
    },
    {
      "type": "Feature",
      "geometry": {
        "type": "Polygon",
        "coordinates": [
          [
            [
              76.78265547035826,
              16.316997413953455
            ],
            [
              76.78321217211563,
              16.316992712393134
            ],
            [
              76.78320819909415,
              16.31655407425199
            ],
            [
              76.78265149857553,
              16.31655877567908
            ],
            [
              76.78265547035826,
              16.316997413953455
            ]
          ]
        ]
      },
      "properties": {
        "id": 447,
        "area": "NRBC_D10_Survey_1",
        "canal": "Lateral 5",
        "type": "lateral",
        "chainage_m": 735.0,
        "status": "full",
        "blockage_pct": 98,
        "struct_damage": "No",
        "lon": 76.7829318,
        "lat": 16.3167757,
        "image": "images/0447.jpg"
      }
    },
    {
      "type": "Feature",
      "geometry": {
        "type": "Polygon",
        "coordinates": [
          [
            [
              76.78293360805723,
              16.31716662489862
            ],
            [
              76.78348838279209,
              16.317161938840716
            ],
            [
              76.78348437819973,
              16.31671988845395
            ],
            [
              76.78292960470895,
              16.31672457437803
            ],
            [
              76.78293360805723,
              16.31716662489862
            ]
          ]
        ]
      },
      "properties": {
        "id": 448,
        "area": "NRBC_D10_Survey_1",
        "canal": "Lateral 5",
        "type": "lateral",
        "chainage_m": 770.0,
        "status": "full",
        "blockage_pct": 86,
        "struct_damage": "No",
        "lon": 76.783209,
        "lat": 16.3169433,
        "image": "images/0448.jpg"
      }
    },
    {
      "type": "Feature",
      "geometry": {
        "type": "Polygon",
        "coordinates": [
          [
            [
              76.78320977945462,
              16.317331508756112
            ],
            [
              76.78376776693283,
              16.317326794783895
            ],
            [
              76.78376380101999,
              16.316889087422062
            ],
            [
              76.78320581478076,
              16.31689380126098
            ],
            [
              76.78320977945462,
              16.317331508756112
            ]
          ]
        ]
      },
      "properties": {
        "id": 449,
        "area": "NRBC_D10_Survey_1",
        "canal": "Lateral 5",
        "type": "lateral",
        "chainage_m": 805.0,
        "status": "full",
        "blockage_pct": 87,
        "struct_damage": "No",
        "lon": 76.7834868,
        "lat": 16.3171103,
        "image": "images/0449.jpg"
      }
    },
    {
      "type": "Feature",
      "geometry": {
        "type": "Polygon",
        "coordinates": [
          [
            [
              76.78348924515707,
              16.317505361177616
            ],
            [
              76.78403631100174,
              16.31750073871892
            ],
            [
              76.78403226292487,
              16.317054035318186
            ],
            [
              76.7834851983199,
              16.31705865764349
            ],
            [
              76.78348924515707,
              16.317505361177616
            ]
          ]
        ]
      },
      "properties": {
        "id": 450,
        "area": "NRBC_D10_Survey_1",
        "canal": "Lateral 5",
        "type": "lateral",
        "chainage_m": 840.0,
        "status": "full",
        "blockage_pct": 97,
        "struct_damage": "No",
        "lon": 76.7837608,
        "lat": 16.3172797,
        "image": "images/0450.jpg"
      }
    },
    {
      "type": "Feature",
      "geometry": {
        "type": "Polygon",
        "coordinates": [
          [
            [
              76.78375636701988,
              16.31752233883396
            ],
            [
              76.78406379040158,
              16.31751974102838
            ],
            [
              76.78406116471588,
              16.317230004246433
            ],
            [
              76.78375374178604,
              16.317232602003386
            ],
            [
              76.78375636701988,
              16.31752233883396
            ]
          ]
        ]
      },
      "properties": {
        "id": 451,
        "area": "NRBC_D10_Survey_1",
        "canal": "Lateral 5",
        "type": "lateral",
        "chainage_m": 875.0,
        "status": "full",
        "blockage_pct": 97,
        "struct_damage": "No",
        "lon": 76.7839088,
        "lat": 16.3173762,
        "image": "images/0451.jpg"
      }
    },
    {
      "type": "Feature",
      "geometry": {
        "type": "Polygon",
        "coordinates": [
          [
            [
              76.78024315683312,
              16.324744170024793
            ],
            [
              76.78074816015864,
              16.32473990911739
            ],
            [
              76.78074404185202,
              16.32428482952175
            ],
            [
              76.78023903969292,
              16.32428909030393
            ],
            [
              76.78024315683312,
              16.324744170024793
            ]
          ]
        ]
      },
      "properties": {
        "id": 452,
        "area": "NRBC_D10_Survey_1",
        "canal": "Lateral 6",
        "type": "lateral",
        "chainage_m": 0.0,
        "status": "moderate",
        "blockage_pct": 50,
        "struct_damage": "No",
        "lon": 76.7804936,
        "lat": 16.3245145,
        "image": "images/0452.jpg"
      }
    },
    {
      "type": "Feature",
      "geometry": {
        "type": "Polygon",
        "coordinates": [
          [
            [
              76.78018299851036,
              16.325054912322503
            ],
            [
              76.780526092942,
              16.325052017683273
            ],
            [
              76.78052083825166,
              16.324471302559566
            ],
            [
              76.78017774483128,
              16.32447419709025
            ],
            [
              76.78018299851036,
              16.325054912322503
            ]
          ]
        ]
      },
      "properties": {
        "id": 453,
        "area": "NRBC_D10_Survey_1",
        "canal": "Lateral 6",
        "type": "lateral",
        "chainage_m": 35.0,
        "status": "moderate",
        "blockage_pct": 43,
        "struct_damage": "No",
        "lon": 76.7803519,
        "lat": 16.3247631,
        "image": "images/0453.jpg"
      }
    },
    {
      "type": "Feature",
      "geometry": {
        "type": "Polygon",
        "coordinates": [
          [
            [
              76.78012509441079,
              16.32536625606514
            ],
            [
              76.7804659406463,
              16.32536338044031
            ],
            [
              76.78046068041382,
              16.324782044892487
            ],
            [
              76.78011983518404,
              16.324784920409364
            ],
            [
              76.78012509441079,
              16.32536625606514
            ]
          ]
        ]
      },
      "properties": {
        "id": 454,
        "area": "NRBC_D10_Survey_1",
        "canal": "Lateral 6",
        "type": "lateral",
        "chainage_m": 70.0,
        "status": "moderate",
        "blockage_pct": 66,
        "struct_damage": "No",
        "lon": 76.7802929,
        "lat": 16.3250742,
        "image": "images/0454.jpg"
      }
    },
    {
      "type": "Feature",
      "geometry": {
        "type": "Polygon",
        "coordinates": [
          [
            [
              76.78006976298919,
              16.325677888332383
            ],
            [
              76.78040803977083,
              16.32567503442775
            ],
            [
              76.7804027767965,
              16.32509338866761
            ],
            [
              76.78006450101353,
              16.32509624246505
            ],
            [
              76.78006976298919,
              16.325677888332383
            ]
          ]
        ]
      },
      "properties": {
        "id": 455,
        "area": "NRBC_D10_Survey_1",
        "canal": "Lateral 6",
        "type": "lateral",
        "chainage_m": 105.0,
        "status": "full",
        "blockage_pct": 81,
        "struct_damage": "No",
        "lon": 76.7802363,
        "lat": 16.3253856,
        "image": "images/0455.jpg"
      }
    },
    {
      "type": "Feature",
      "geometry": {
        "type": "Polygon",
        "coordinates": [
          [
            [
              76.78001089487498,
              16.32598924019222
            ],
            [
              76.78035270596352,
              16.32598635651377
            ],
            [
              76.78034744585358,
              16.325405020964276
            ],
            [
              76.78000563577363,
              16.325407904534472
            ],
            [
              76.78001089487498,
              16.32598924019222
            ]
          ]
        ]
      },
      "properties": {
        "id": 456,
        "area": "NRBC_D10_Survey_1",
        "canal": "Lateral 6",
        "type": "lateral",
        "chainage_m": 140.0,
        "status": "moderate",
        "blockage_pct": 66,
        "struct_damage": "No",
        "lon": 76.7801792,
        "lat": 16.3256971,
        "image": "images/0456.jpg"
      }
    },
    {
      "type": "Feature",
      "geometry": {
        "type": "Polygon",
        "coordinates": [
          [
            [
              76.77996489352611,
              16.326302344914655
            ],
            [
              76.78029899513075,
              16.326299526308
            ],
            [
              76.78029372665253,
              16.32571726012543
            ],
            [
              76.77995962603534,
              16.32572007862612
            ],
            [
              76.77996489352611,
              16.326302344914655
            ]
          ]
        ]
      },
      "properties": {
        "id": 457,
        "area": "NRBC_D10_Survey_1",
        "canal": "Lateral 6",
        "type": "lateral",
        "chainage_m": 175.0,
        "status": "moderate",
        "blockage_pct": 59,
        "struct_damage": "No",
        "lon": 76.7801293,
        "lat": 16.3260098,
        "image": "images/0457.jpg"
      }
    },
    {
      "type": "Feature",
      "geometry": {
        "type": "Polygon",
        "coordinates": [
          [
            [
              76.77978282700377,
              16.326561685805487
            ],
            [
              76.78024735737526,
              16.326557767054986
            ],
            [
              76.78024257734064,
              16.32602947759842
            ],
            [
              76.77977804821482,
              16.32603339621525
            ],
            [
              76.77978282700377,
              16.326561685805487
            ]
          ]
        ]
      },
      "properties": {
        "id": 458,
        "area": "NRBC_D10_Survey_1",
        "canal": "Lateral 6",
        "type": "lateral",
        "chainage_m": 210.0,
        "status": "full",
        "blockage_pct": 87,
        "struct_damage": "No",
        "lon": 76.7800127,
        "lat": 16.3262956,
        "image": "images/0458.jpg"
      }
    },
    {
      "type": "Feature",
      "geometry": {
        "type": "Polygon",
        "coordinates": [
          [
            [
              76.77957459827579,
              16.3268057354878
            ],
            [
              76.78006515071839,
              16.32680159761589
            ],
            [
              76.78006051142442,
              16.326288818674197
            ],
            [
              76.77956996025867,
              16.3262929564091
            ],
            [
              76.77957459827579,
              16.3268057354878
            ]
          ]
        ]
      },
      "properties": {
        "id": 459,
        "area": "NRBC_D10_Survey_1",
        "canal": "Lateral 6",
        "type": "lateral",
        "chainage_m": 245.0,
        "status": "moderate",
        "blockage_pct": 65,
        "struct_damage": "No",
        "lon": 76.7798176,
        "lat": 16.3265473,
        "image": "images/0459.jpg"
      }
    },
    {
      "type": "Feature",
      "geometry": {
        "type": "Polygon",
        "coordinates": [
          [
            [
              76.77936669309972,
              16.32705009251224
            ],
            [
              76.77985692495422,
              16.327045957773294
            ],
            [
              76.77985228332321,
              16.326532868574077
            ],
            [
              76.77936205274554,
              16.326537003176043
            ],
            [
              76.77936669309972,
              16.32705009251224
            ]
          ]
        ]
      },
      "properties": {
        "id": 460,
        "area": "NRBC_D10_Survey_1",
        "canal": "Lateral 6",
        "type": "lateral",
        "chainage_m": 280.0,
        "status": "full",
        "blockage_pct": 81,
        "struct_damage": "No",
        "lon": 76.7796095,
        "lat": 16.3267915,
        "image": "images/0460.jpg"
      }
    },
    {
      "type": "Feature",
      "geometry": {
        "type": "Polygon",
        "coordinates": [
          [
            [
              76.77915814210539,
              16.327294144583913
            ],
            [
              76.77964901713005,
              16.327290004850095
            ],
            [
              76.77964437877381,
              16.326777225815693
            ],
            [
              76.77915350502688,
              16.326781365412455
            ],
            [
              76.77915814210539,
              16.327294144583913
            ]
          ]
        ]
      },
      "properties": {
        "id": 461,
        "area": "NRBC_D10_Survey_1",
        "canal": "Lateral 6",
        "type": "lateral",
        "chainage_m": 315.0,
        "status": "full",
        "blockage_pct": 88,
        "struct_damage": "No",
        "lon": 76.7794013,
        "lat": 16.3270357,
        "image": "images/0461.jpg"
      }
    },
    {
      "type": "Feature",
      "geometry": {
        "type": "Polygon",
        "coordinates": [
          [
            [
              76.77894732219212,
              16.327536043976494
            ],
            [
              76.7794404466523,
              16.327531885708026
            ],
            [
              76.77943582840676,
              16.32702127810534
            ],
            [
              76.77894270522476,
              16.327025436236724
            ],
            [
              76.77894732219212,
              16.327536043976494
            ]
          ]
        ]
      },
      "properties": {
        "id": 462,
        "area": "NRBC_D10_Survey_1",
        "canal": "Lateral 6",
        "type": "lateral",
        "chainage_m": 350.0,
        "status": "full",
        "blockage_pct": 78,
        "struct_damage": "No",
        "lon": 76.7791916,
        "lat": 16.3272787,
        "image": "images/0462.jpg"
      }
    },
    {
      "type": "Feature",
      "geometry": {
        "type": "Polygon",
        "coordinates": [
          [
            [
              76.77877751141128,
              16.32780086509037
            ],
            [
              76.77922983730498,
              16.327797051208574
            ],
            [
              76.77922500912153,
              16.327263177718837
            ],
            [
              76.77877268445368,
              16.327266991469166
            ],
            [
              76.77877751141128,
              16.32780086509037
            ]
          ]
        ]
      },
      "properties": {
        "id": 463,
        "area": "NRBC_D10_Survey_1",
        "canal": "Lateral 6",
        "type": "lateral",
        "chainage_m": 385.0,
        "status": "moderate",
        "blockage_pct": 56,
        "struct_damage": "No",
        "lon": 76.7790013,
        "lat": 16.327532,
        "image": "images/0463.jpg"
      }
    },
    {
      "type": "Feature",
      "geometry": {
        "type": "Polygon",
        "coordinates": [
          [
            [
              76.77868580002642,
              16.328104427549626
            ],
            [
              76.77906038301225,
              16.328101269353436
            ],
            [
              76.77905519893511,
              16.327527999002623
            ],
            [
              76.77868061703938,
              16.327531157081918
            ],
            [
              76.77868580002642,
              16.328104427549626
            ]
          ]
        ]
      },
      "properties": {
        "id": 464,
        "area": "NRBC_D10_Survey_1",
        "canal": "Lateral 6",
        "type": "lateral",
        "chainage_m": 420.0,
        "status": "moderate",
        "blockage_pct": 54,
        "struct_damage": "No",
        "lon": 76.7788705,
        "lat": 16.3278162,
        "image": "images/0464.jpg"
      }
    },
    {
      "type": "Feature",
      "geometry": {
        "type": "Polygon",
        "coordinates": [
          [
            [
              76.77859827594051,
              16.32840919562721
            ],
            [
              76.77896868320694,
              16.32840607274313
            ],
            [
              76.7789634880744,
              16.3278315615352
            ],
            [
              76.77859308188827,
              16.32783468430345
            ],
            [
              76.77859827594051,
              16.32840919562721
            ]
          ]
        ]
      },
      "properties": {
        "id": 465,
        "area": "NRBC_D10_Survey_1",
        "canal": "Lateral 6",
        "type": "lateral",
        "chainage_m": 455.0,
        "status": "moderate",
        "blockage_pct": 36,
        "struct_damage": "No",
        "lon": 76.7787809,
        "lat": 16.3281204,
        "image": "images/0465.jpg"
      }
    },
    {
      "type": "Feature",
      "geometry": {
        "type": "Polygon",
        "coordinates": [
          [
            [
              76.77854002797264,
              16.328718370415295
            ],
            [
              76.77888120156403,
              16.32871549406829
            ],
            [
              76.77887596450782,
              16.328136329681026
            ],
            [
              76.77853479191955,
              16.32813920592048
            ],
            [
              76.77854002797264,
              16.328718370415295
            ]
          ]
        ]
      },
      "properties": {
        "id": 466,
        "area": "NRBC_D10_Survey_1",
        "canal": "Lateral 6",
        "type": "lateral",
        "chainage_m": 490.0,
        "status": "moderate",
        "blockage_pct": 33,
        "struct_damage": "No",
        "lon": 76.778708,
        "lat": 16.3284274,
        "image": "images/0466.jpg"
      }
    },
    {
      "type": "Feature",
      "geometry": {
        "type": "Polygon",
        "coordinates": [
          [
            [
              76.77854192210667,
              16.32903448383934
            ],
            [
              76.7788271976627,
              16.329032078748188
            ],
            [
              76.7788218933387,
              16.328445469291207
            ],
            [
              76.77853661863226,
              16.328447874291268
            ],
            [
              76.77854192210667,
              16.32903448383934
            ]
          ]
        ]
      },
      "properties": {
        "id": 467,
        "area": "NRBC_D10_Survey_1",
        "canal": "Lateral 6",
        "type": "lateral",
        "chainage_m": 525.0,
        "status": "moderate",
        "blockage_pct": 37,
        "struct_damage": "No",
        "lon": 76.7786819,
        "lat": 16.32874,
        "image": "images/0467.jpg"
      }
    },
    {
      "type": "Feature",
      "geometry": {
        "type": "Polygon",
        "coordinates": [
          [
            [
              76.77854992298448,
              16.32935085600776
            ],
            [
              76.77883873282212,
              16.32934842106463
            ],
            [
              76.77883342555019,
              16.32876150141764
            ],
            [
              76.77854461657313,
              16.32876393626851
            ],
            [
              76.77854992298448,
              16.32935085600776
            ]
          ]
        ]
      },
      "properties": {
        "id": 468,
        "area": "NRBC_D10_Survey_1",
        "canal": "Lateral 6",
        "type": "lateral",
        "chainage_m": 560.0,
        "status": "moderate",
        "blockage_pct": 38,
        "struct_damage": "No",
        "lon": 76.7786917,
        "lat": 16.3290562,
        "image": "images/0468.jpg"
      }
    },
    {
      "type": "Feature",
      "geometry": {
        "type": "Polygon",
        "coordinates": [
          [
            [
              76.77856145216279,
              16.329666577949975
            ],
            [
              76.77885283252007,
              16.329664121275012
            ],
            [
              76.77884753070803,
              16.329077822072513
            ],
            [
              76.7785561512181,
              16.329080278654498
            ],
            [
              76.77856145216279,
              16.329666577949975
            ]
          ]
        ]
      },
      "properties": {
        "id": 469,
        "area": "NRBC_D10_Survey_1",
        "canal": "Lateral 6",
        "type": "lateral",
        "chainage_m": 595.0,
        "status": "moderate",
        "blockage_pct": 36,
        "struct_damage": "No",
        "lon": 76.7787045,
        "lat": 16.3293722,
        "image": "images/0469.jpg"
      }
    },
    {
      "type": "Feature",
      "geometry": {
        "type": "Polygon",
        "coordinates": [
          [
            [
              76.7785752205202,
              16.329945673284378
            ],
            [
              76.77899992323319,
              16.32994209233078
            ],
            [
              76.77899495192716,
              16.329392398111565
            ],
            [
              76.77857025039945,
              16.32939597893809
            ],
            [
              76.7785752205202,
              16.329945673284378
            ]
          ]
        ]
      },
      "properties": {
        "id": 470,
        "area": "NRBC_D10_Survey_1",
        "canal": "Lateral 6",
        "type": "lateral",
        "chainage_m": 630.0,
        "status": "moderate",
        "blockage_pct": 42,
        "struct_damage": "No",
        "lon": 76.7787851,
        "lat": 16.329669,
        "image": "images/0470.jpg"
      }
    },
    {
      "type": "Feature",
      "geometry": {
        "type": "Polygon",
        "coordinates": [
          [
            [
              76.7787222606215,
              16.330218060742855
            ],
            [
              76.77916688189073,
              16.330214311455904
            ],
            [
              76.77916196053407,
              16.329670201101713
            ],
            [
              76.77871734049313,
              16.32967395025696
            ],
            [
              76.7787222606215,
              16.330218060742855
            ]
          ]
        ]
      },
      "properties": {
        "id": 471,
        "area": "NRBC_D10_Survey_1",
        "canal": "Lateral 6",
        "type": "lateral",
        "chainage_m": 665.0,
        "status": "moderate",
        "blockage_pct": 43,
        "struct_damage": "No",
        "lon": 76.7789421,
        "lat": 16.3299441,
        "image": "images/0471.jpg"
      }
    },
    {
      "type": "Feature",
      "geometry": {
        "type": "Polygon",
        "coordinates": [
          [
            [
              76.7788891883327,
              16.33048686777295
            ],
            [
              76.77934023533905,
              16.33048306388109
            ],
            [
              76.77933534428416,
              16.329942365914476
            ],
            [
              76.77888429851605,
              16.32994616967356
            ],
            [
              76.7788891883327,
              16.33048686777295
            ]
          ]
        ]
      },
      "properties": {
        "id": 472,
        "area": "NRBC_D10_Survey_1",
        "canal": "Lateral 6",
        "type": "lateral",
        "chainage_m": 700.0,
        "status": "moderate",
        "blockage_pct": 35,
        "struct_damage": "No",
        "lon": 76.7791123,
        "lat": 16.3302146,
        "image": "images/0472.jpg"
      }
    },
    {
      "type": "Feature",
      "geometry": {
        "type": "Polygon",
        "coordinates": [
          [
            [
              76.77905559746108,
              16.33076932932815
            ],
            [
              76.77948672701957,
              16.330765693033683
            ],
            [
              76.77948174566981,
              16.33021506836994
            ],
            [
              76.77905061731664,
              16.330218704535145
            ],
            [
              76.77905559746108,
              16.33076932932815
            ]
          ]
        ]
      },
      "properties": {
        "id": 473,
        "area": "NRBC_D10_Survey_1",
        "canal": "Lateral 6",
        "type": "lateral",
        "chainage_m": 735.0,
        "status": "full",
        "blockage_pct": 72,
        "struct_damage": "No",
        "lon": 76.7792687,
        "lat": 16.3304922,
        "image": "images/0473.jpg"
      }
    },
    {
      "type": "Feature",
      "geometry": {
        "type": "Polygon",
        "coordinates": [
          [
            [
              76.77920940084603,
              16.331078887446747
            ],
            [
              76.77952969654204,
              16.331076185768037
            ],
            [
              76.77952443713237,
              16.33049485023735
            ],
            [
              76.77920414238179,
              16.33049755181468
            ],
            [
              76.77920940084603,
              16.331078887446747
            ]
          ]
        ]
      },
      "properties": {
        "id": 474,
        "area": "NRBC_D10_Survey_1",
        "canal": "Lateral 6",
        "type": "lateral",
        "chainage_m": 770.0,
        "status": "moderate",
        "blockage_pct": 40,
        "struct_damage": "No",
        "lon": 76.7793669,
        "lat": 16.3307869,
        "image": "images/0474.jpg"
      }
    },
    {
      "type": "Feature",
      "geometry": {
        "type": "Polygon",
        "coordinates": [
          [
            [
              76.77925241495639,
              16.331394343642817
            ],
            [
              76.7795505442216,
              16.33139182884856
            ],
            [
              76.77954523973824,
              16.330805529964916
            ],
            [
              76.77924711136053,
              16.330808044663993
            ],
            [
              76.77925241495639,
              16.331394343642817
            ]
          ]
        ]
      },
      "properties": {
        "id": 475,
        "area": "NRBC_D10_Survey_1",
        "canal": "Lateral 6",
        "type": "lateral",
        "chainage_m": 805.0,
        "status": "moderate",
        "blockage_pct": 39,
        "struct_damage": "No",
        "lon": 76.7793988,
        "lat": 16.3310999,
        "image": "images/0475.jpg"
      }
    },
    {
      "type": "Feature",
      "geometry": {
        "type": "Polygon",
        "coordinates": [
          [
            [
              76.77927326228148,
              16.33170998678236
            ],
            [
              76.77957139202158,
              16.331707471911443
            ],
            [
              76.77956608736787,
              16.33112117305197
            ],
            [
              76.77926795851528,
              16.331123687827706
            ],
            [
              76.77927326228148,
              16.33170998678236
            ]
          ]
        ]
      },
      "properties": {
        "id": 476,
        "area": "NRBC_D10_Survey_1",
        "canal": "Lateral 6",
        "type": "lateral",
        "chainage_m": 840.0,
        "status": "moderate",
        "blockage_pct": 39,
        "struct_damage": "No",
        "lon": 76.7794197,
        "lat": 16.3314156,
        "image": "images/0476.jpg"
      }
    },
    {
      "type": "Feature",
      "geometry": {
        "type": "Polygon",
        "coordinates": [
          [
            [
              76.77929410130784,
              16.33202469927107
            ],
            [
              76.77960379691663,
              16.33202208675255
            ],
            [
              76.77959850047868,
              16.331436718553963
            ],
            [
              76.77928880579043,
              16.33143933097377
            ],
            [
              76.77929410130784,
              16.33202469927107
            ]
          ]
        ]
      },
      "properties": {
        "id": 477,
        "area": "NRBC_D10_Survey_1",
        "canal": "Lateral 6",
        "type": "lateral",
        "chainage_m": 875.0,
        "status": "moderate",
        "blockage_pct": 33,
        "struct_damage": "No",
        "lon": 76.7794463,
        "lat": 16.3317307,
        "image": "images/0477.jpg"
      }
    },
    {
      "type": "Feature",
      "geometry": {
        "type": "Polygon",
        "coordinates": [
          [
            [
              76.77932298041212,
              16.332340274626997
            ],
            [
              76.77962625128306,
              16.3323377162252
            ],
            [
              76.77962094905655,
              16.33175172762923
            ],
            [
              76.77931767908804,
              16.331754285934256
            ],
            [
              76.77932298041212,
              16.332340274626997
            ]
          ]
        ]
      },
      "properties": {
        "id": 478,
        "area": "NRBC_D10_Survey_1",
        "canal": "Lateral 6",
        "type": "lateral",
        "chainage_m": 910.0,
        "status": "moderate",
        "blockage_pct": 63,
        "struct_damage": "No",
        "lon": 76.779472,
        "lat": 16.332046,
        "image": "images/0478.jpg"
      }
    },
    {
      "type": "Feature",
      "geometry": {
        "type": "Polygon",
        "coordinates": [
          [
            [
              76.77934896549729,
              16.332655564140115
            ],
            [
              76.77965255811196,
              16.332653002942504
            ],
            [
              76.77964725569903,
              16.33206701437242
            ],
            [
              76.77934366398776,
              16.33206957547314
            ],
            [
              76.77934896549729,
              16.332655564140115
            ]
          ]
        ]
      },
      "properties": {
        "id": 479,
        "area": "NRBC_D10_Survey_1",
        "canal": "Lateral 6",
        "type": "lateral",
        "chainage_m": 945.0,
        "status": "moderate",
        "blockage_pct": 53,
        "struct_damage": "No",
        "lon": 76.7794981,
        "lat": 16.3323613,
        "image": "images/0479.jpg"
      }
    },
    {
      "type": "Feature",
      "geometry": {
        "type": "Polygon",
        "coordinates": [
          [
            [
              76.77937142244417,
              16.332971503866197
            ],
            [
              76.77966505640484,
              16.332969026615846
            ],
            [
              76.77965974823235,
              16.332382417645277
            ],
            [
              76.77936611514636,
              16.332384894801834
            ],
            [
              76.77937142244417,
              16.332971503866197
            ]
          ]
        ]
      },
      "properties": {
        "id": 480,
        "area": "NRBC_D10_Survey_1",
        "canal": "Lateral 6",
        "type": "lateral",
        "chainage_m": 980.0,
        "status": "moderate",
        "blockage_pct": 65,
        "struct_damage": "No",
        "lon": 76.7795156,
        "lat": 16.332677,
        "image": "images/0480.jpg"
      }
    },
    {
      "type": "Feature",
      "geometry": {
        "type": "Polygon",
        "coordinates": [
          [
            [
              76.77938777551826,
              16.33328749506751
            ],
            [
              76.77967916110678,
              16.33328503672231
            ],
            [
              76.77967385278379,
              16.332698427773785
            ],
            [
              76.77938246806329,
              16.332700886025904
            ],
            [
              76.77938777551826,
              16.33328749506751
            ]
          ]
        ]
      },
      "properties": {
        "id": 481,
        "area": "NRBC_D10_Survey_1",
        "canal": "Lateral 6",
        "type": "lateral",
        "chainage_m": 1015.0,
        "status": "full",
        "blockage_pct": 71,
        "struct_damage": "No",
        "lon": 76.7795308,
        "lat": 16.332993,
        "image": "images/0481.jpg"
      }
    },
    {
      "type": "Feature",
      "geometry": {
        "type": "Polygon",
        "coordinates": [
          [
            [
              76.77940187704661,
              16.333603195014234
            ],
            [
              76.77969872458064,
              16.33360069052131
            ],
            [
              76.77969341889819,
              16.333014391807527
            ],
            [
              76.77939657224799,
              16.333016896205674
            ],
            [
              76.77940187704661,
              16.333603195014234
            ]
          ]
        ]
      },
      "properties": {
        "id": 482,
        "area": "NRBC_D10_Survey_1",
        "canal": "Lateral 6",
        "type": "lateral",
        "chainage_m": 1050.0,
        "status": "moderate",
        "blockage_pct": 41,
        "struct_damage": "No",
        "lon": 76.7795476,
        "lat": 16.3333088,
        "image": "images/0482.jpg"
      }
    },
    {
      "type": "Feature",
      "geometry": {
        "type": "Polygon",
        "coordinates": [
          [
            [
              76.77942021354663,
              16.333783286668012
            ],
            [
              76.77970999354523,
              16.333780841759356
            ],
            [
              76.77970591453379,
              16.333330105248447
            ],
            [
              76.7794161351985,
              16.333332550085974
            ],
            [
              76.77942021354663,
              16.333783286668012
            ]
          ]
        ]
      },
      "properties": {
        "id": 483,
        "area": "NRBC_D10_Survey_1",
        "canal": "Lateral 6",
        "type": "lateral",
        "chainage_m": 1085.0,
        "status": "moderate",
        "blockage_pct": 47,
        "struct_damage": "No",
        "lon": 76.7795631,
        "lat": 16.3335567,
        "image": "images/0483.jpg"
      }
    },
    {
      "type": "Feature",
      "geometry": {
        "type": "Polygon",
        "coordinates": [
          [
            [
              76.7824515107368,
              16.32551569557614
            ],
            [
              76.78289419297855,
              16.325511955768388
            ],
            [
              76.78288925157125,
              16.32496660543654
            ],
            [
              76.78244657055485,
              16.32497034511259
            ],
            [
              76.7824515107368,
              16.32551569557614
            ]
          ]
        ]
      },
      "properties": {
        "id": 484,
        "area": "NRBC_D10_Survey_1",
        "canal": "Lateral 7",
        "type": "lateral",
        "chainage_m": 0.0,
        "status": "full",
        "blockage_pct": 72,
        "struct_damage": "No",
        "lon": 76.7826704,
        "lat": 16.3252412,
        "image": "images/0484.jpg"
      }
    },
    {
      "type": "Feature",
      "geometry": {
        "type": "Polygon",
        "coordinates": [
          [
            [
              76.7826166262876,
              16.32579723457997
            ],
            [
              76.78304228286187,
              16.325793638234934
            ],
            [
              76.78303726786714,
              16.32524022248535
            ],
            [
              76.78261161248855,
              16.325243818701864
            ],
            [
              76.7826166262876,
              16.32579723457997
            ]
          ]
        ]
      },
      "properties": {
        "id": 485,
        "area": "NRBC_D10_Survey_1",
        "canal": "Lateral 7",
        "type": "lateral",
        "chainage_m": 35.0,
        "status": "full",
        "blockage_pct": 76,
        "struct_damage": "No",
        "lon": 76.7828269,
        "lat": 16.3255187,
        "image": "images/0485.jpg"
      }
    },
    {
      "type": "Feature",
      "geometry": {
        "type": "Polygon",
        "coordinates": [
          [
            [
              76.78276477226756,
              16.326085121465315
            ],
            [
              76.78317757940398,
              16.326081633352278
            ],
            [
              76.78317250770931,
              16.32552201344669
            ],
            [
              76.78275970174548,
              16.325525501433688
            ],
            [
              76.78276477226756,
              16.326085121465315
            ]
          ]
        ]
      },
      "properties": {
        "id": 486,
        "area": "NRBC_D10_Survey_1",
        "canal": "Lateral 7",
        "type": "lateral",
        "chainage_m": 70.0,
        "status": "full",
        "blockage_pct": 92,
        "struct_damage": "No",
        "lon": 76.7829686,
        "lat": 16.3258036,
        "image": "images/0486.jpg"
      }
    },
    {
      "type": "Feature",
      "geometry": {
        "type": "Polygon",
        "coordinates": [
          [
            [
              76.78289981567545,
              16.326345197817645
            ],
            [
              76.7833595259798,
              16.326341312984567
            ],
            [
              76.78335470673045,
              16.325809612098798
            ],
            [
              76.7828949976668,
              16.325813496798506
            ],
            [
              76.78289981567545,
              16.326345197817645
            ]
          ]
        ]
      },
      "properties": {
        "id": 487,
        "area": "NRBC_D10_Survey_1",
        "canal": "Lateral 7",
        "type": "lateral",
        "chainage_m": 105.0,
        "status": "full",
        "blockage_pct": 94,
        "struct_damage": "No",
        "lon": 76.7831273,
        "lat": 16.3260774,
        "image": "images/0487.jpg"
      }
    },
    {
      "type": "Feature",
      "geometry": {
        "type": "Polygon",
        "coordinates": [
          [
            [
              76.78308145856424,
              16.326571374952586
            ],
            [
              76.78358903580617,
              16.326567085067037
            ],
            [
              76.783584519568,
              16.326068886994822
            ],
            [
              76.78307694360963,
              16.326073176742373
            ],
            [
              76.78308145856424,
              16.326571374952586
            ]
          ]
        ]
      },
      "properties": {
        "id": 488,
        "area": "NRBC_D10_Survey_1",
        "canal": "Lateral 7",
        "type": "lateral",
        "chainage_m": 140.0,
        "status": "full",
        "blockage_pct": 85,
        "struct_damage": "No",
        "lon": 76.783333,
        "lat": 16.3263201,
        "image": "images/0488.jpg"
      }
    },
    {
      "type": "Feature",
      "geometry": {
        "type": "Polygon",
        "coordinates": [
          [
            [
              76.7833109599648,
              16.326796216706413
            ],
            [
              76.78381918022633,
              16.3267919207798
            ],
            [
              76.78381467177728,
              16.326294653412265
            ],
            [
              76.78330645279857,
              16.326298949200943
            ],
            [
              76.7833109599648,
              16.326796216706413
            ]
          ]
        ]
      },
      "properties": {
        "id": 489,
        "area": "NRBC_D10_Survey_1",
        "canal": "Lateral 7",
        "type": "lateral",
        "chainage_m": 175.0,
        "status": "full",
        "blockage_pct": 91,
        "struct_damage": "No",
        "lon": 76.7835628,
        "lat": 16.3265454,
        "image": "images/0489.jpg"
      }
    },
    {
      "type": "Feature",
      "geometry": {
        "type": "Polygon",
        "coordinates": [
          [
            [
              76.78354088785915,
              16.326997166514982
            ],
            [
              76.7840719174665,
              16.326992677126803
            ],
            [
              76.78406762491332,
              16.326519296039642
            ],
            [
              76.78353659658198,
              16.326523785290604
            ],
            [
              76.78354088785915,
              16.326997166514982
            ]
          ]
        ]
      },
      "properties": {
        "id": 490,
        "area": "NRBC_D10_Survey_1",
        "canal": "Lateral 7",
        "type": "lateral",
        "chainage_m": 210.0,
        "status": "full",
        "blockage_pct": 77,
        "struct_damage": "No",
        "lon": 76.7838043,
        "lat": 16.3267582,
        "image": "images/0490.jpg"
      }
    },
    {
      "type": "Feature",
      "geometry": {
        "type": "Polygon",
        "coordinates": [
          [
            [
              76.7837929304289,
              16.327121301213655
            ],
            [
              76.78437150561398,
              16.32711640907965
            ],
            [
              76.78436790721571,
              16.326719650035155
            ],
            [
              76.78378933319588,
              16.326724542043834
            ],
            [
              76.7837929304289,
              16.327121301213655
            ]
          ]
        ]
      },
      "properties": {
        "id": 491,
        "area": "NRBC_D10_Survey_1",
        "canal": "Lateral 7",
        "type": "lateral",
        "chainage_m": 245.0,
        "status": "full",
        "blockage_pct": 71,
        "struct_damage": "No",
        "lon": 76.7840804,
        "lat": 16.3269205,
        "image": "images/0491.jpg"
      }
    },
    {
      "type": "Feature",
      "geometry": {
        "type": "Polygon",
        "coordinates": [
          [
            [
              76.78409244269466,
              16.327236657878785
            ],
            [
              76.78467647941261,
              16.32723171869673
            ],
            [
              76.78467295634826,
              16.326843335401005
            ],
            [
              76.78408892078174,
              16.326848274459206
            ],
            [
              76.78409244269466,
              16.327236657878785
            ]
          ]
        ]
      },
      "properties": {
        "id": 492,
        "area": "NRBC_D10_Survey_1",
        "canal": "Lateral 7",
        "type": "lateral",
        "chainage_m": 280.0,
        "status": "full",
        "blockage_pct": 75,
        "struct_damage": "No",
        "lon": 76.7843827,
        "lat": 16.32704,
        "image": "images/0492.jpg"
      }
    },
    {
      "type": "Feature",
      "geometry": {
        "type": "Polygon",
        "coordinates": [
          [
            [
              76.78439745314292,
              16.327356000630346
            ],
            [
              76.78497956260318,
              16.327351076875704
            ],
            [
              76.78497600232619,
              16.326958660915473
            ],
            [
              76.78439389402548,
              16.326963584545364
            ],
            [
              76.78439745314292,
              16.327356000630346
            ]
          ]
        ]
      },
      "properties": {
        "id": 493,
        "area": "NRBC_D10_Survey_1",
        "canal": "Lateral 7",
        "type": "lateral",
        "chainage_m": 315.0,
        "status": "full",
        "blockage_pct": 71,
        "struct_damage": "No",
        "lon": 76.7846867,
        "lat": 16.3271573,
        "image": "images/0493.jpg"
      }
    },
    {
      "type": "Feature",
      "geometry": {
        "type": "Polygon",
        "coordinates": [
          [
            [
              76.78470058143144,
              16.327480322571347
            ],
            [
              76.78528076364758,
              16.327475414253612
            ],
            [
              76.78527715770286,
              16.32707803499952
            ],
            [
              76.78469697665707,
              16.327082943191318
            ],
            [
              76.78470058143144,
              16.327480322571347
            ]
          ]
        ]
      },
      "properties": {
        "id": 494,
        "area": "NRBC_D10_Survey_1",
        "canal": "Lateral 7",
        "type": "lateral",
        "chainage_m": 350.0,
        "status": "full",
        "blockage_pct": 78,
        "struct_damage": "No",
        "lon": 76.7849889,
        "lat": 16.3272792,
        "image": "images/0494.jpg"
      }
    },
    {
      "type": "Feature",
      "geometry": {
        "type": "Polygon",
        "coordinates": [
          [
            [
              76.78500300970583,
              16.327739912002656
            ],
            [
              76.78539686588337,
              16.327736579557463
            ],
            [
              76.78539203224955,
              16.327203948703687
            ],
            [
              76.78499817713691,
              16.327207281034273
            ],
            [
              76.78500300970583,
              16.327739912002656
            ]
          ]
        ]
      },
      "properties": {
        "id": 495,
        "area": "NRBC_D10_Survey_1",
        "canal": "Lateral 7",
        "type": "lateral",
        "chainage_m": 385.0,
        "status": "full",
        "blockage_pct": 80,
        "struct_damage": "No",
        "lon": 76.7851975,
        "lat": 16.3274719,
        "image": "images/0495.jpg"
      }
    },
    {
      "type": "Feature",
      "geometry": {
        "type": "Polygon",
        "coordinates": [
          [
            [
              76.78511959311844,
              16.328054123417743
            ],
            [
              76.78542510519738,
              16.32805153830911
            ],
            [
              76.78541978998831,
              16.327465861542024
            ],
            [
              76.78511427881772,
              16.327468446552906
            ],
            [
              76.78511959311844,
              16.328054123417743
            ]
          ]
        ]
      },
      "properties": {
        "id": 496,
        "area": "NRBC_D10_Survey_1",
        "canal": "Lateral 7",
        "type": "lateral",
        "chainage_m": 420.0,
        "status": "full",
        "blockage_pct": 94,
        "struct_damage": "No",
        "lon": 76.7852697,
        "lat": 16.32776,
        "image": "images/0496.jpg"
      }
    },
    {
      "type": "Feature",
      "geometry": {
        "type": "Polygon",
        "coordinates": [
          [
            [
              76.7851478461666,
              16.328370633287935
            ],
            [
              76.78544307860466,
              16.328368135085704
            ],
            [
              76.78543774915687,
              16.327780907291164
            ],
            [
              76.7851425175989,
              16.32778340539868
            ],
            [
              76.7851478461666,
              16.328370633287935
            ]
          ]
        ]
      },
      "properties": {
        "id": 497,
        "area": "NRBC_D10_Survey_1",
        "canal": "Lateral 7",
        "type": "lateral",
        "chainage_m": 455.0,
        "status": "full",
        "blockage_pct": 92,
        "struct_damage": "No",
        "lon": 76.7852928,
        "lat": 16.3280758,
        "image": "images/0497.jpg"
      }
    },
    {
      "type": "Feature",
      "geometry": {
        "type": "Polygon",
        "coordinates": [
          [
            [
              76.78517485161842,
              16.328620453386755
            ],
            [
              76.78556870952126,
              16.328617120446317
            ],
            [
              76.78556397369107,
              16.328095347041124
            ],
            [
              76.78517011683151,
              16.328098679869278
            ],
            [
              76.78517485161842,
              16.328620453386755
            ]
          ]
        ]
      },
      "properties": {
        "id": 498,
        "area": "NRBC_D10_Survey_1",
        "canal": "Lateral 7",
        "type": "lateral",
        "chainage_m": 490.0,
        "status": "full",
        "blockage_pct": 86,
        "struct_damage": "Yes",
        "lon": 76.7853694,
        "lat": 16.3283579,
        "image": "images/0498.jpg"
      }
    },
    {
      "type": "Feature",
      "geometry": {
        "type": "Polygon",
        "coordinates": [
          [
            [
              76.78528857568786,
              16.328619491096
            ],
            [
              76.78589895898097,
              16.328614325212452
            ],
            [
              76.78589632589242,
              16.328324278815195
            ],
            [
              76.78528594349808,
              16.328329444602
            ],
            [
              76.78528857568786,
              16.328619491096
            ]
          ]
        ]
      },
      "properties": {
        "id": 499,
        "area": "NRBC_D10_Survey_1",
        "canal": "Lateral 7",
        "type": "lateral",
        "chainage_m": 525.0,
        "status": "full",
        "blockage_pct": 93,
        "struct_damage": "No",
        "lon": 76.7855925,
        "lat": 16.3284719,
        "image": "images/0499.jpg"
      }
    },
    {
      "type": "Feature",
      "geometry": {
        "type": "Polygon",
        "coordinates": [
          [
            [
              76.7856161197506,
              16.328637194636578
            ],
            [
              76.78622393295497,
              16.328632049559072
            ],
            [
              76.78622140078295,
              16.32835317077386
            ],
            [
              76.7856135884391,
              16.328358315758724
            ],
            [
              76.7856161197506,
              16.328637194636578
            ]
          ]
        ]
      },
      "properties": {
        "id": 500,
        "area": "NRBC_D10_Survey_1",
        "canal": "Lateral 7",
        "type": "lateral",
        "chainage_m": 560.0,
        "status": "full",
        "blockage_pct": 99,
        "struct_damage": "No",
        "lon": 76.7859188,
        "lat": 16.3284952,
        "image": "images/0500.jpg"
      }
    },
    {
      "type": "Feature",
      "geometry": {
        "type": "Polygon",
        "coordinates": [
          [
            [
              76.78594384124186,
              16.32867444089481
            ],
            [
              76.78654908441798,
              16.328669316624875
            ],
            [
              76.78654629823619,
              16.328362518995398
            ],
            [
              76.78594105600274,
              16.328367643163837
            ],
            [
              76.78594384124186,
              16.32867444089481
            ]
          ]
        ]
      },
      "properties": {
        "id": 501,
        "area": "NRBC_D10_Survey_1",
        "canal": "Lateral 7",
        "type": "lateral",
        "chainage_m": 595.0,
        "status": "full",
        "blockage_pct": 76,
        "struct_damage": "No",
        "lon": 76.7862451,
        "lat": 16.3285185,
        "image": "images/0501.jpg"
      }
    },
    {
      "type": "Feature",
      "geometry": {
        "type": "Polygon",
        "coordinates": [
          [
            [
              76.78626931965664,
              16.328712326090713
            ],
            [
              76.78687424158714,
              16.328707203596668
            ],
            [
              76.78687141544435,
              16.328396063084497
            ],
            [
              76.78626649446934,
              16.32840118547565
            ],
            [
              76.78626931965664,
              16.328712326090713
            ]
          ]
        ]
      },
      "properties": {
        "id": 502,
        "area": "NRBC_D10_Survey_1",
        "canal": "Lateral 7",
        "type": "lateral",
        "chainage_m": 630.0,
        "status": "full",
        "blockage_pct": 94,
        "struct_damage": "No",
        "lon": 76.7865704,
        "lat": 16.3285542,
        "image": "images/0502.jpg"
      }
    },
    {
      "type": "Feature",
      "geometry": {
        "type": "Polygon",
        "coordinates": [
          [
            [
              76.78659443744776,
              16.328745870553146
            ],
            [
              76.78720000188228,
              16.328740741674288
            ],
            [
              76.78719720903644,
              16.32843332373659
            ],
            [
              76.78659164554702,
              16.32843845251365
            ],
            [
              76.78659443744776,
              16.328745870553146
            ]
          ]
        ]
      },
      "properties": {
        "id": 503,
        "area": "NRBC_D10_Survey_1",
        "canal": "Lateral 7",
        "type": "lateral",
        "chainage_m": 665.0,
        "status": "full",
        "blockage_pct": 92,
        "struct_damage": "No",
        "lon": 76.7868958,
        "lat": 16.3285896,
        "image": "images/0503.jpg"
      }
    },
    {
      "type": "Feature",
      "geometry": {
        "type": "Polygon",
        "coordinates": [
          [
            [
              76.7869203668744,
              16.32879802165336
            ],
            [
              76.78752143380092,
              16.328792929929318
            ],
            [
              76.78751847695925,
              16.328467519880306
            ],
            [
              76.78691741102571,
              16.328472611497386
            ],
            [
              76.7869203668744,
              16.32879802165336
            ]
          ]
        ]
      },
      "properties": {
        "id": 504,
        "area": "NRBC_D10_Survey_1",
        "canal": "Lateral 7",
        "type": "lateral",
        "chainage_m": 700.0,
        "status": "full",
        "blockage_pct": 92,
        "struct_damage": "No",
        "lon": 76.7872194,
        "lat": 16.3286328,
        "image": "images/0504.jpg"
      }
    },
    {
      "type": "Feature",
      "geometry": {
        "type": "Polygon",
        "coordinates": [
          [
            [
              76.78724263872321,
              16.328942652855755
            ],
            [
              76.78781190179035,
              16.328937829681575
            ],
            [
              76.78780810432876,
              16.328519977191323
            ],
            [
              76.78723884246924,
              16.32852480023539
            ],
            [
              76.78724263872321,
              16.328942652855755
            ]
          ]
        ]
      },
      "properties": {
        "id": 505,
        "area": "NRBC_D10_Survey_1",
        "canal": "Lateral 7",
        "type": "lateral",
        "chainage_m": 735.0,
        "status": "full",
        "blockage_pct": 94,
        "struct_damage": "No",
        "lon": 76.7875254,
        "lat": 16.3287313,
        "image": "images/0505.jpg"
      }
    },
    {
      "type": "Feature",
      "geometry": {
        "type": "Polygon",
        "coordinates": [
          [
            [
              76.7875329263761,
              16.329067699564245
            ],
            [
              76.78811214860862,
              16.329062791164862
            ],
            [
              76.78810853093681,
              16.328664792167142
            ],
            [
              76.78752930987464,
              16.328669700440408
            ],
            [
              76.7875329263761,
              16.329067699564245
            ]
          ]
        ]
      },
      "properties": {
        "id": 506,
        "area": "NRBC_D10_Survey_1",
        "canal": "Lateral 7",
        "type": "lateral",
        "chainage_m": 770.0,
        "status": "full",
        "blockage_pct": 92,
        "struct_damage": "No",
        "lon": 76.7878207,
        "lat": 16.3288662,
        "image": "images/0506.jpg"
      }
    },
    {
      "type": "Feature",
      "geometry": {
        "type": "Polygon",
        "coordinates": [
          [
            [
              76.78783325220743,
              16.329201347312853
            ],
            [
              76.788403800858,
              16.329196511578306
            ],
            [
              76.78840010360109,
              16.32878982677999
            ],
            [
              76.78782955612851,
              16.328794662387573
            ],
            [
              76.78783325220743,
              16.329201347312853
            ]
          ]
        ]
      },
      "properties": {
        "id": 507,
        "area": "NRBC_D10_Survey_1",
        "canal": "Lateral 7",
        "type": "lateral",
        "chainage_m": 805.0,
        "status": "full",
        "blockage_pct": 89,
        "struct_damage": "No",
        "lon": 76.7881167,
        "lat": 16.3289956,
        "image": "images/0507.jpg"
      }
    },
    {
      "type": "Feature",
      "geometry": {
        "type": "Polygon",
        "coordinates": [
          [
            [
              76.78812638775035,
              16.329498238381706
            ],
            [
              76.7885057902857,
              16.32949502231503
            ],
            [
              76.78850060924785,
              16.328925167305318
            ],
            [
              76.78812120781015,
              16.328928383253682
            ],
            [
              76.78812638775035,
              16.329498238381706
            ]
          ]
        ]
      },
      "properties": {
        "id": 508,
        "area": "NRBC_D10_Survey_1",
        "canal": "Lateral 7",
        "type": "lateral",
        "chainage_m": 840.0,
        "status": "full",
        "blockage_pct": 86,
        "struct_damage": "Yes",
        "lon": 76.7883135,
        "lat": 16.3292117,
        "image": "images/0508.jpg"
      }
    },
    {
      "type": "Feature",
      "geometry": {
        "type": "Polygon",
        "coordinates": [
          [
            [
              76.78822846157804,
              16.329806055559256
            ],
            [
              76.78857959417762,
              16.329803078930922
            ],
            [
              76.788574328208,
              16.329223917673662
            ],
            [
              76.78822319664087,
              16.329226894190707
            ],
            [
              76.78822846157804,
              16.329806055559256
            ]
          ]
        ]
      },
      "properties": {
        "id": 509,
        "area": "NRBC_D10_Survey_1",
        "canal": "Lateral 7",
        "type": "lateral",
        "chainage_m": 875.0,
        "status": "full",
        "blockage_pct": 91,
        "struct_damage": "Yes",
        "lon": 76.7884014,
        "lat": 16.329515,
        "image": "images/0509.jpg"
      }
    },
    {
      "type": "Feature",
      "geometry": {
        "type": "Polygon",
        "coordinates": [
          [
            [
              76.78830234418079,
              16.330122798163778
            ],
            [
              76.78861107150189,
              16.33012018089206
            ],
            [
              76.78860572635482,
              16.329532333794507
            ],
            [
              76.78829699995514,
              16.3295349509669
            ],
            [
              76.78830234418079,
              16.330122798163778
            ]
          ]
        ]
      },
      "properties": {
        "id": 510,
        "area": "NRBC_D10_Survey_1",
        "canal": "Lateral 7",
        "type": "lateral",
        "chainage_m": 910.0,
        "status": "full",
        "blockage_pct": 79,
        "struct_damage": "Yes",
        "lon": 76.788454,
        "lat": 16.3298276,
        "image": "images/0510.jpg"
      }
    },
    {
      "type": "Feature",
      "geometry": {
        "type": "Polygon",
        "coordinates": [
          [
            [
              76.7883568247453,
              16.330425744682987
            ],
            [
              76.78870570962867,
              16.330422786798778
            ],
            [
              76.78870044589765,
              16.32984393582503
            ],
            [
              76.78835156203962,
              16.329846893598713
            ],
            [
              76.7883568247453,
              16.330425744682987
            ]
          ]
        ]
      },
      "properties": {
        "id": 511,
        "area": "NRBC_D10_Survey_1",
        "canal": "Lateral 7",
        "type": "lateral",
        "chainage_m": 945.0,
        "status": "full",
        "blockage_pct": 76,
        "struct_damage": "No",
        "lon": 76.7885286,
        "lat": 16.3301348,
        "image": "images/0511.jpg"
      }
    },
    {
      "type": "Feature",
      "geometry": {
        "type": "Polygon",
        "coordinates": [
          [
            [
              76.78842830395823,
              16.330725444720564
            ],
            [
              76.78881188514117,
              16.330722192462723
            ],
            [
              76.78880669434265,
              16.330151406986243
            ],
            [
              76.78842311427135,
              16.330154659124247
            ],
            [
              76.78842830395823,
              16.330725444720564
            ]
          ]
        ]
      },
      "properties": {
        "id": 512,
        "area": "NRBC_D10_Survey_1",
        "canal": "Lateral 7",
        "type": "lateral",
        "chainage_m": 980.0,
        "status": "moderate",
        "blockage_pct": 58,
        "struct_damage": "No",
        "lon": 76.7886175,
        "lat": 16.3304384,
        "image": "images/0512.jpg"
      }
    },
    {
      "type": "Feature",
      "geometry": {
        "type": "Polygon",
        "coordinates": [
          [
            [
              76.78853439747363,
              16.33101585446547
            ],
            [
              76.78894046723863,
              16.331012411254008
            ],
            [
              76.78893535778703,
              16.33045062190824
            ],
            [
              76.7885292891803,
              16.33045406499484
            ],
            [
              76.78853439747363,
              16.33101585446547
            ]
          ]
        ]
      },
      "properties": {
        "id": 513,
        "area": "NRBC_D10_Survey_1",
        "canal": "Lateral 7",
        "type": "lateral",
        "chainage_m": 1015.0,
        "status": "full",
        "blockage_pct": 73,
        "struct_damage": "No",
        "lon": 76.7887349,
        "lat": 16.3307332,
        "image": "images/0513.jpg"
      }
    },
    {
      "type": "Feature",
      "geometry": {
        "type": "Polygon",
        "coordinates": [
          [
            [
              76.78866303301699,
              16.331311967420373
            ],
            [
              76.78905561052223,
              16.331308638334015
            ],
            [
              76.78905044703508,
              16.330740955059948
            ],
            [
              76.78865787066138,
              16.330744284024313
            ],
            [
              76.78866303301699,
              16.331311967420373
            ]
          ]
        ]
      },
      "properties": {
        "id": 514,
        "area": "NRBC_D10_Survey_1",
        "canal": "Lateral 7",
        "type": "lateral",
        "chainage_m": 1050.0,
        "status": "full",
        "blockage_pct": 86,
        "struct_damage": "No",
        "lon": 76.7888567,
        "lat": 16.3310265,
        "image": "images/0514.jpg"
      }
    },
    {
      "type": "Feature",
      "geometry": {
        "type": "Polygon",
        "coordinates": [
          [
            [
              76.78877817612215,
              16.33160819466801
            ],
            [
              76.7891685053834,
              16.331604884382482
            ],
            [
              76.78916334147162,
              16.33103720115946
            ],
            [
              76.78877301333549,
              16.331040511323685
            ],
            [
              76.78877817612215,
              16.33160819466801
            ]
          ]
        ]
      },
      "properties": {
        "id": 515,
        "area": "NRBC_D10_Survey_1",
        "canal": "Lateral 7",
        "type": "lateral",
        "chainage_m": 1085.0,
        "status": "full",
        "blockage_pct": 90,
        "struct_damage": "No",
        "lon": 76.7889708,
        "lat": 16.3313227,
        "image": "images/0515.jpg"
      }
    },
    {
      "type": "Feature",
      "geometry": {
        "type": "Polygon",
        "coordinates": [
          [
            [
              76.78888940613695,
              16.331721417309566
            ],
            [
              76.78946381686958,
              16.331716545291123
            ],
            [
              76.7894603172006,
              16.331331885690727
            ],
            [
              76.78888590758987,
              16.331336757588197
            ],
            [
              76.78888940613695,
              16.331721417309566
            ]
          ]
        ]
      },
      "properties": {
        "id": 516,
        "area": "NRBC_D10_Survey_1",
        "canal": "Lateral 7",
        "type": "lateral",
        "chainage_m": 1120.0,
        "status": "full",
        "blockage_pct": 88,
        "struct_damage": "No",
        "lon": 76.7891749,
        "lat": 16.3315267,
        "image": "images/0516.jpg"
      }
    },
    {
      "type": "Feature",
      "geometry": {
        "type": "Polygon",
        "coordinates": [
          [
            [
              76.78918443267344,
              16.33180174745758
            ],
            [
              76.78978068914756,
              16.331796689261182
            ],
            [
              76.78977747394305,
              16.331443360870292
            ],
            [
              76.78918121853864,
              16.331448418951318
            ],
            [
              76.78918443267344,
              16.33180174745758
            ]
          ]
        ]
      },
      "properties": {
        "id": 517,
        "area": "NRBC_D10_Survey_1",
        "canal": "Lateral 7",
        "type": "lateral",
        "chainage_m": 1155.0,
        "status": "full",
        "blockage_pct": 92,
        "struct_damage": "No",
        "lon": 76.789481,
        "lat": 16.3316226,
        "image": "images/0517.jpg"
      }
    },
    {
      "type": "Feature",
      "geometry": {
        "type": "Polygon",
        "coordinates": [
          [
            [
              76.7895012993784,
              16.33188127142594
            ],
            [
              76.79009884102548,
              16.33187620140516
            ],
            [
              76.7900956308797,
              16.331523493497084
            ],
            [
              76.78949809030279,
              16.331528563402433
            ],
            [
              76.7895012993784,
              16.33188127142594
            ]
          ]
        ]
      },
      "properties": {
        "id": 518,
        "area": "NRBC_D10_Survey_1",
        "canal": "Lateral 7",
        "type": "lateral",
        "chainage_m": 1190.0,
        "status": "full",
        "blockage_pct": 90,
        "struct_damage": "No",
        "lon": 76.7897985,
        "lat": 16.3317024,
        "image": "images/0518.jpg"
      }
    },
    {
      "type": "Feature",
      "geometry": {
        "type": "Polygon",
        "coordinates": [
          [
            [
              76.78981808666254,
              16.332093265157972
            ],
            [
              76.79033724160703,
              16.332088859498086
            ],
            [
              76.79033287326672,
              16.331608965870206
            ],
            [
              76.78981371958729,
              16.331613371393615
            ],
            [
              76.78981808666254,
              16.332093265157972
            ]
          ]
        ]
      },
      "properties": {
        "id": 519,
        "area": "NRBC_D10_Survey_1",
        "canal": "Lateral 7",
        "type": "lateral",
        "chainage_m": 1225.0,
        "status": "moderate",
        "blockage_pct": 54,
        "struct_damage": "Yes",
        "lon": 76.7900755,
        "lat": 16.3318511,
        "image": "images/0519.jpg"
      }
    },
    {
      "type": "Feature",
      "geometry": {
        "type": "Polygon",
        "coordinates": [
          [
            [
              76.79005922109644,
              16.332323893893395
            ],
            [
              76.79056134982552,
              16.332319632114036
            ],
            [
              76.79055676906623,
              16.331816472868642
            ],
            [
              76.79005464162007,
              16.331820734509584
            ],
            [
              76.79005922109644,
              16.332323893893395
            ]
          ]
        ]
      },
      "properties": {
        "id": 520,
        "area": "NRBC_D10_Survey_1",
        "canal": "Lateral 7",
        "type": "lateral",
        "chainage_m": 1260.0,
        "status": "moderate",
        "blockage_pct": 65,
        "struct_damage": "No",
        "lon": 76.790308,
        "lat": 16.3320702,
        "image": "images/0520.jpg"
      }
    },
    {
      "type": "Feature",
      "geometry": {
        "type": "Polygon",
        "coordinates": [
          [
            [
              76.79028324177972,
              16.332545050321073
            ],
            [
              76.7907953300671,
              16.332540703402138
            ],
            [
              76.79079083620354,
              16.332047160714406
            ],
            [
              76.79027874919954,
              16.332051507494853
            ],
            [
              76.79028324177972,
              16.332545050321073
            ]
          ]
        ]
      },
      "properties": {
        "id": 521,
        "area": "NRBC_D10_Survey_1",
        "canal": "Lateral 7",
        "type": "lateral",
        "chainage_m": 1295.0,
        "status": "full",
        "blockage_pct": 82,
        "struct_damage": "No",
        "lon": 76.790537,
        "lat": 16.3322961,
        "image": "images/0521.jpg"
      }
    },
    {
      "type": "Feature",
      "geometry": {
        "type": "Polygon",
        "coordinates": [
          [
            [
              76.79051726439982,
              16.332770775054872
            ],
            [
              76.79102453430623,
              16.33276646842707
            ],
            [
              76.79101999742849,
              16.33226827267594
            ],
            [
              76.7905127288054,
              16.332272579165245
            ],
            [
              76.79051726439982,
              16.332770775054872
            ]
          ]
        ]
      },
      "properties": {
        "id": 522,
        "area": "NRBC_D10_Survey_1",
        "canal": "Lateral 7",
        "type": "lateral",
        "chainage_m": 1330.0,
        "status": "full",
        "blockage_pct": 93,
        "struct_damage": "No",
        "lon": 76.7907686,
        "lat": 16.3325195,
        "image": "images/0522.jpg"
      }
    },
    {
      "type": "Feature",
      "geometry": {
        "type": "Polygon",
        "coordinates": [
          [
            [
              76.79074641780531,
              16.332990956618858
            ],
            [
              76.7912594709047,
              16.33298660027588
            ],
            [
              76.79125498422319,
              16.332493988361755
            ],
            [
              76.7907419324072,
              16.33249834456621
            ],
            [
              76.79074641780531,
              16.332990956618858
            ]
          ]
        ]
      },
      "properties": {
        "id": 523,
        "area": "NRBC_D10_Survey_1",
        "canal": "Lateral 7",
        "type": "lateral",
        "chainage_m": 1365.0,
        "status": "full",
        "blockage_pct": 96,
        "struct_damage": "No",
        "lon": 76.7910007,
        "lat": 16.3327425,
        "image": "images/0523.jpg"
      }
    },
    {
      "type": "Feature",
      "geometry": {
        "type": "Polygon",
        "coordinates": [
          [
            [
              76.790981272495,
              16.333202092715084
            ],
            [
              76.79150332138141,
              16.333197659345036
            ],
            [
              76.79149891597457,
              16.332714043566924
            ],
            [
              76.79097686837025,
              16.332718476798583
            ],
            [
              76.790981272495,
              16.333202092715084
            ]
          ]
        ]
      },
      "properties": {
        "id": 524,
        "area": "NRBC_D10_Survey_1",
        "canal": "Lateral 7",
        "type": "lateral",
        "chainage_m": 1400.0,
        "status": "full",
        "blockage_pct": 84,
        "struct_damage": "No",
        "lon": 76.7912401,
        "lat": 16.3329581,
        "image": "images/0524.jpg"
      }
    },
    {
      "type": "Feature",
      "geometry": {
        "type": "Polygon",
        "coordinates": [
          [
            [
              76.79122522471513,
              16.333424319629064
            ],
            [
              76.7917363512431,
              16.333419978383645
            ],
            [
              76.79173184345872,
              16.332925195156196
            ],
            [
              76.791220718215,
              16.33292953626297
            ],
            [
              76.79122522471513,
              16.333424319629064
            ]
          ]
        ]
      },
      "properties": {
        "id": 525,
        "area": "NRBC_D10_Survey_1",
        "canal": "Lateral 7",
        "type": "lateral",
        "chainage_m": 1435.0,
        "status": "full",
        "blockage_pct": 89,
        "struct_damage": "No",
        "lon": 76.7914785,
        "lat": 16.3331748,
        "image": "images/0525.jpg"
      }
    },
    {
      "type": "Feature",
      "geometry": {
        "type": "Polygon",
        "coordinates": [
          [
            [
              76.79145827154622,
              16.33364850022884
            ],
            [
              76.79196714976108,
              16.33364417746682
            ],
            [
              76.79196262437159,
              16.33314753305928
            ],
            [
              76.79145374744013,
              16.333151855682726
            ],
            [
              76.79145827154622,
              16.33364850022884
            ]
          ]
        ]
      },
      "properties": {
        "id": 526,
        "area": "NRBC_D10_Survey_1",
        "canal": "Lateral 7",
        "type": "lateral",
        "chainage_m": 1470.0,
        "status": "full",
        "blockage_pct": 91,
        "struct_damage": "No",
        "lon": 76.7917104,
        "lat": 16.333398,
        "image": "images/0526.jpg"
      }
    },
    {
      "type": "Feature",
      "geometry": {
        "type": "Polygon",
        "coordinates": [
          [
            [
              76.79168867722689,
              16.33382958057854
            ],
            [
              76.79222646939908,
              16.33382501153175
            ],
            [
              76.79222233625488,
              16.333371486231034
            ],
            [
              76.79168454532129,
              16.33337605514408
            ],
            [
              76.79168867722689,
              16.33382958057854
            ]
          ]
        ]
      },
      "properties": {
        "id": 527,
        "area": "NRBC_D10_Survey_1",
        "canal": "Lateral 7",
        "type": "lateral",
        "chainage_m": 1505.0,
        "status": "full",
        "blockage_pct": 83,
        "struct_damage": "No",
        "lon": 76.7919555,
        "lat": 16.3336005,
        "image": "images/0527.jpg"
      }
    },
    {
      "type": "Feature",
      "geometry": {
        "type": "Polygon",
        "coordinates": [
          [
            [
              76.79194682101134,
              16.333881368097995
            ],
            [
              76.792549508119,
              16.333876246862882
            ],
            [
              76.79254655047083,
              16.333551768494196
            ],
            [
              76.79194386435628,
              16.33355688962206
            ],
            [
              76.79194682101134,
              16.333881368097995
            ]
          ]
        ]
      },
      "properties": {
        "id": 528,
        "area": "NRBC_D10_Survey_1",
        "canal": "Lateral 7",
        "type": "lateral",
        "chainage_m": 1540.0,
        "status": "moderate",
        "blockage_pct": 54,
        "struct_damage": "No",
        "lon": 76.7922467,
        "lat": 16.3337166,
        "image": "images/0528.jpg"
      }
    },
    {
      "type": "Feature",
      "geometry": {
        "type": "Polygon",
        "coordinates": [
          [
            [
              76.79226969582186,
              16.33391461174467
            ],
            [
              76.79287495301826,
              16.33390946773052
            ],
            [
              76.79287215885493,
              16.333602981526273
            ],
            [
              76.79226690260056,
              16.333608125438666
            ],
            [
              76.79226969582186,
              16.33391461174467
            ]
          ]
        ]
      },
      "properties": {
        "id": 529,
        "area": "NRBC_D10_Survey_1",
        "canal": "Lateral 7",
        "type": "lateral",
        "chainage_m": 1575.0,
        "status": "moderate",
        "blockage_pct": 63,
        "struct_damage": "No",
        "lon": 76.7925709,
        "lat": 16.3337588,
        "image": "images/0529.jpg"
      }
    },
    {
      "type": "Feature",
      "geometry": {
        "type": "Polygon",
        "coordinates": [
          [
            [
              76.79259514361183,
              16.333948143251334
            ],
            [
              76.79319847323286,
              16.333943014681275
            ],
            [
              76.79319562764488,
              16.333630944776655
            ],
            [
              76.79259229898,
              16.333636073243404
            ],
            [
              76.79259514361183,
              16.333948143251334
            ]
          ]
        ]
      },
      "properties": {
        "id": 530,
        "area": "NRBC_D10_Survey_1",
        "canal": "Lateral 7",
        "type": "lateral",
        "chainage_m": 1610.0,
        "status": "moderate",
        "blockage_pct": 55,
        "struct_damage": "No",
        "lon": 76.7928954,
        "lat": 16.3337895,
        "image": "images/0530.jpg"
      }
    },
    {
      "type": "Feature",
      "geometry": {
        "type": "Polygon",
        "coordinates": [
          [
            [
              76.7929189382258,
              16.334011780873144
            ],
            [
              76.79351937657874,
              16.33400667594422
            ],
            [
              76.79351630414192,
              16.33366978940841
            ],
            [
              76.79291586681623,
              16.333674894226334
            ],
            [
              76.7929189382258,
              16.334011780873144
            ]
          ]
        ]
      },
      "properties": {
        "id": 531,
        "area": "NRBC_D10_Survey_1",
        "canal": "Lateral 7",
        "type": "lateral",
        "chainage_m": 1645.0,
        "status": "full",
        "blockage_pct": 72,
        "struct_damage": "No",
        "lon": 76.7932176,
        "lat": 16.3338408,
        "image": "images/0531.jpg"
      }
    },
    {
      "type": "Feature",
      "geometry": {
        "type": "Polygon",
        "coordinates": [
          [
            [
              76.79323986709984,
              16.334078234436827
            ],
            [
              76.79383934176425,
              16.334073136771373
            ],
            [
              76.79383624329974,
              16.333733458420017
            ],
            [
              76.79323676966943,
              16.333738555973706
            ],
            [
              76.79323986709984,
              16.334078234436827
            ]
          ]
        ]
      },
      "properties": {
        "id": 532,
        "area": "NRBC_D10_Survey_1",
        "canal": "Lateral 7",
        "type": "lateral",
        "chainage_m": 1680.0,
        "status": "moderate",
        "blockage_pct": 47,
        "struct_damage": "No",
        "lon": 76.7935381,
        "lat": 16.3339058,
        "image": "images/0532.jpg"
      }
    },
    {
      "type": "Feature",
      "geometry": {
        "type": "Polygon",
        "coordinates": [
          [
            [
              76.79355984650145,
              16.334146246728526
            ],
            [
              76.79415932126768,
              16.334141148133295
            ],
            [
              76.79415620808638,
              16.333799918801436
            ],
            [
              76.79355673435899,
              16.333805017284387
            ],
            [
              76.79355984650145,
              16.334146246728526
            ]
          ]
        ]
      },
      "properties": {
        "id": 533,
        "area": "NRBC_D10_Survey_1",
        "canal": "Lateral 7",
        "type": "lateral",
        "chainage_m": 1715.0,
        "status": "partial",
        "blockage_pct": 20,
        "struct_damage": "No",
        "lon": 76.793858,
        "lat": 16.3339731,
        "image": "images/0533.jpg"
      }
    },
    {
      "type": "Feature",
      "geometry": {
        "type": "Polygon",
        "coordinates": [
          [
            [
              76.79388012886108,
              16.33424745082404
            ],
            [
              76.79445069025131,
              16.334242597285478
            ],
            [
              76.79444727366935,
              16.333868175708847
            ],
            [
              76.793876713364,
              16.33387302913012
            ],
            [
              76.79388012886108,
              16.33424745082404
            ]
          ]
        ]
      },
      "properties": {
        "id": 534,
        "area": "NRBC_D10_Survey_1",
        "canal": "Lateral 7",
        "type": "lateral",
        "chainage_m": 1750.0,
        "status": "partial",
        "blockage_pct": 33,
        "struct_damage": "No",
        "lon": 76.7941637,
        "lat": 16.3340578,
        "image": "images/0534.jpg"
      }
    },
    {
      "type": "Feature",
      "geometry": {
        "type": "Polygon",
        "coordinates": [
          [
            [
              76.79417064317082,
              16.33425521740143
            ],
            [
              76.79478746621277,
              16.334249969413385
            ],
            [
              76.79478490399373,
              16.33396923083653
            ],
            [
              76.7941680818312,
              16.333974478729488
            ],
            [
              76.79417064317082,
              16.33425521740143
            ]
          ]
        ]
      },
      "properties": {
        "id": 535,
        "area": "NRBC_D10_Survey_1",
        "canal": "Lateral 7",
        "type": "lateral",
        "chainage_m": 1785.0,
        "status": "moderate",
        "blockage_pct": 65,
        "struct_damage": "No",
        "lon": 76.7944778,
        "lat": 16.3341122,
        "image": "images/0535.jpg"
      }
    },
    {
      "type": "Feature",
      "geometry": {
        "type": "Polygon",
        "coordinates": [
          [
            [
              76.7944948291985,
              16.334361661261564
            ],
            [
              76.79509334052678,
              16.334356568147236
            ],
            [
              76.79509023700852,
              16.334016579830912
            ],
            [
              76.79449172671363,
              16.334021672833483
            ],
            [
              76.7944948291985,
              16.334361661261564
            ]
          ]
        ]
      },
      "properties": {
        "id": 536,
        "area": "NRBC_D10_Survey_1",
        "canal": "Lateral 7",
        "type": "lateral",
        "chainage_m": 1820.0,
        "status": "full",
        "blockage_pct": 89,
        "struct_damage": "No",
        "lon": 76.7947925,
        "lat": 16.3341891,
        "image": "images/0536.jpg"
      }
    },
    {
      "type": "Feature",
      "geometry": {
        "type": "Polygon",
        "coordinates": [
          [
            [
              76.79481381437212,
              16.334426267466995
            ],
            [
              76.79541393210252,
              16.33442115975431
            ],
            [
              76.79541084784232,
              16.3340833429579
            ],
            [
              76.7948107311415,
              16.33408845055922
            ],
            [
              76.79481381437212,
              16.334426267466995
            ]
          ]
        ]
      },
      "properties": {
        "id": 537,
        "area": "NRBC_D10_Survey_1",
        "canal": "Lateral 7",
        "type": "lateral",
        "chainage_m": 1855.0,
        "status": "moderate",
        "blockage_pct": 67,
        "struct_damage": "No",
        "lon": 76.7951123,
        "lat": 16.3342548,
        "image": "images/0537.jpg"
      }
    },
    {
      "type": "Feature",
      "geometry": {
        "type": "Polygon",
        "coordinates": [
          [
            [
              76.7951335045303,
              16.334497692282362
            ],
            [
              76.7957329798487,
              16.3344925891092
            ],
            [
              76.79572987236494,
              16.334152290708698
            ],
            [
              76.79513039808256,
              16.33415739376977
            ],
            [
              76.7951335045303,
              16.334497692282362
            ]
          ]
        ]
      },
      "properties": {
        "id": 538,
        "area": "NRBC_D10_Survey_1",
        "canal": "Lateral 7",
        "type": "lateral",
        "chainage_m": 1890.0,
        "status": "full",
        "blockage_pct": 77,
        "struct_damage": "No",
        "lon": 76.7954317,
        "lat": 16.334325,
        "image": "images/0538.jpg"
      }
    },
    {
      "type": "Feature",
      "geometry": {
        "type": "Polygon",
        "coordinates": [
          [
            [
              76.79545319770413,
              16.334569426797504
            ],
            [
              76.79605203061122,
              16.334564328165747
            ],
            [
              76.79604889422919,
              16.33422092774578
            ],
            [
              76.79545006236646,
              16.33422602626453
            ],
            [
              76.79545319770413,
              16.334569426797504
            ]
          ]
        ]
      },
      "properties": {
        "id": 539,
        "area": "NRBC_D10_Survey_1",
        "canal": "Lateral 7",
        "type": "lateral",
        "chainage_m": 1925.0,
        "status": "full",
        "blockage_pct": 84,
        "struct_damage": "No",
        "lon": 76.795751,
        "lat": 16.3343952,
        "image": "images/0539.jpg"
      }
    },
    {
      "type": "Feature",
      "geometry": {
        "type": "Polygon",
        "coordinates": [
          [
            [
              76.79577256413427,
              16.334640543123058
            ],
            [
              76.79637396725091,
              16.334635421673077
            ],
            [
              76.79637082179133,
              16.334291090691973
            ],
            [
              76.79576941972635,
              16.334296212028143
            ],
            [
              76.79577256413427,
              16.334640543123058
            ]
          ]
        ]
      },
      "properties": {
        "id": 540,
        "area": "NRBC_D10_Survey_1",
        "canal": "Lateral 7",
        "type": "lateral",
        "chainage_m": 1960.0,
        "status": "moderate",
        "blockage_pct": 55,
        "struct_damage": "No",
        "lon": 76.7960717,
        "lat": 16.3344658,
        "image": "images/0540.jpg"
      }
    },
    {
      "type": "Feature",
      "geometry": {
        "type": "Polygon",
        "coordinates": [
          [
            [
              76.79609313383531,
              16.334878553650576
            ],
            [
              76.7964667623582,
              16.33487537148383
            ],
            [
              76.79646209772383,
              16.334364768999354
            ],
            [
              76.79608847016982,
              16.334367951061243
            ],
            [
              76.79609313383531,
              16.334878553650576
            ]
          ]
        ]
      },
      "properties": {
        "id": 541,
        "area": "NRBC_D10_Survey_1",
        "canal": "Lateral 7",
        "type": "lateral",
        "chainage_m": 1995.0,
        "status": "moderate",
        "blockage_pct": 48,
        "struct_damage": "No",
        "lon": 76.7962776,
        "lat": 16.3346217,
        "image": "images/0541.jpg"
      }
    },
    {
      "type": "Feature",
      "geometry": {
        "type": "Polygon",
        "coordinates": [
          [
            [
              76.79612035074452,
              16.335044296122085
            ],
            [
              76.79661541696078,
              16.33504007943496
            ],
            [
              76.796611429251,
              16.33460361672354
            ],
            [
              76.79611636413213,
              16.334607833291884
            ],
            [
              76.79612035074452,
              16.335044296122085
            ]
          ]
        ]
      },
      "properties": {
        "id": 542,
        "area": "NRBC_D10_Survey_1",
        "canal": "Lateral 7",
        "type": "lateral",
        "chainage_m": 2030.0,
        "status": "full",
        "blockage_pct": 72,
        "struct_damage": "No",
        "lon": 76.7963659,
        "lat": 16.334824,
        "image": "images/0542.jpg"
      }
    },
    {
      "type": "Feature",
      "geometry": {
        "type": "Polygon",
        "coordinates": [
          [
            [
              76.79633618816557,
              16.33514235266015
            ],
            [
              76.79692699095042,
              16.335137319778497
            ],
            [
              76.79692360630804,
              16.334766931447636
            ],
            [
              76.79633280463455,
              16.33477196420898
            ],
            [
              76.79633618816557,
              16.33514235266015
            ]
          ]
        ]
      },
      "properties": {
        "id": 543,
        "area": "NRBC_D10_Survey_1",
        "canal": "Lateral 7",
        "type": "lateral",
        "chainage_m": 2065.0,
        "status": "moderate",
        "blockage_pct": 67,
        "struct_damage": "No",
        "lon": 76.7966299,
        "lat": 16.3349546,
        "image": "images/0543.jpg"
      }
    },
    {
      "type": "Feature",
      "geometry": {
        "type": "Polygon",
        "coordinates": [
          [
            [
              76.79664777923469,
              16.335241454661283
            ],
            [
              76.79723826095272,
              16.33523642361508
            ],
            [
              76.79723485869145,
              16.334864174103593
            ],
            [
              76.79664437808977,
              16.33486920502893
            ],
            [
              76.79664777923469,
              16.335241454661283
            ]
          ]
        ]
      },
      "properties": {
        "id": 544,
        "area": "NRBC_D10_Survey_1",
        "canal": "Lateral 7",
        "type": "lateral",
        "chainage_m": 2100.0,
        "status": "moderate",
        "blockage_pct": 58,
        "struct_damage": "No",
        "lon": 76.7969413,
        "lat": 16.3350528,
        "image": "images/0544.jpg"
      }
    },
    {
      "type": "Feature",
      "geometry": {
        "type": "Polygon",
        "coordinates": [
          [
            [
              76.79695882252436,
              16.335315742269625
            ],
            [
              76.79755605089115,
              16.335310652828852
            ],
            [
              76.797552874868,
              16.334963220015148
            ],
            [
              76.79695564755505,
              16.3349683093418
            ],
            [
              76.79695882252436,
              16.335315742269625
            ]
          ]
        ]
      },
      "properties": {
        "id": 545,
        "area": "NRBC_D10_Survey_1",
        "canal": "Lateral 7",
        "type": "lateral",
        "chainage_m": 2135.0,
        "status": "full",
        "blockage_pct": 74,
        "struct_damage": "No",
        "lon": 76.7972558,
        "lat": 16.3351395,
        "image": "images/0545.jpg"
      }
    },
    {
      "type": "Feature",
      "geometry": {
        "type": "Polygon",
        "coordinates": [
          [
            [
              76.79759842967024,
              16.33541266819123
            ],
            [
              76.79820272591193,
              16.33540751664851
            ],
            [
              76.79819986927849,
              16.335095137438763
            ],
            [
              76.79759557399554,
              16.335100288877612
            ],
            [
              76.79759842967024,
              16.33541266819123
            ]
          ]
        ]
      },
      "properties": {
        "id": 546,
        "area": "NRBC_D10_Survey_1",
        "canal": "Lateral 7",
        "type": "lateral",
        "chainage_m": 2205.0,
        "status": "moderate",
        "blockage_pct": 61,
        "struct_damage": "No",
        "lon": 76.7978991,
        "lat": 16.3352539,
        "image": "images/0546.jpg"
      }
    },
    {
      "type": "Feature",
      "geometry": {
        "type": "Polygon",
        "coordinates": [
          [
            [
              76.79792278006256,
              16.335431309370264
            ],
            [
              76.79852964635911,
              16.335426134975304
            ],
            [
              76.79852697646263,
              16.33513422953082
            ],
            [
              76.79792011106578,
              16.3351394038283
            ],
            [
              76.79792278006256,
              16.335431309370264
            ]
          ]
        ]
      },
      "properties": {
        "id": 547,
        "area": "NRBC_D10_Survey_1",
        "canal": "Lateral 7",
        "type": "lateral",
        "chainage_m": 2240.0,
        "status": "moderate",
        "blockage_pct": 45,
        "struct_damage": "No",
        "lon": 76.7982249,
        "lat": 16.3352828,
        "image": "images/0547.jpg"
      }
    },
    {
      "type": "Feature",
      "geometry": {
        "type": "Polygon",
        "coordinates": [
          [
            [
              76.79824996509502,
              16.33544372123583
            ],
            [
              76.79885715258362,
              16.335438543155696
            ],
            [
              76.79885452760355,
              16.3351516010866
            ],
            [
              76.79824734099985,
              16.33515677907084
            ],
            [
              76.79824996509502,
              16.33544372123583
            ]
          ]
        ]
      },
      "properties": {
        "id": 548,
        "area": "NRBC_D10_Survey_1",
        "canal": "Lateral 7",
        "type": "lateral",
        "chainage_m": 2275.0,
        "status": "moderate",
        "blockage_pct": 50,
        "struct_damage": "No",
        "lon": 76.7985522,
        "lat": 16.3352977,
        "image": "images/0548.jpg"
      }
    },
    {
      "type": "Feature",
      "geometry": {
        "type": "Polygon",
        "coordinates": [
          [
            [
              76.79857710755347,
              16.33545147947409
            ],
            [
              76.7991842949565,
              16.335446300450023
            ],
            [
              76.7991817234257,
              16.33516525237711
            ],
            [
              76.79857453688938,
              16.33517043130724
            ],
            [
              76.79857710755347,
              16.33545147947409
            ]
          ]
        ]
      },
      "properties": {
        "id": 549,
        "area": "NRBC_D10_Survey_1",
        "canal": "Lateral 7",
        "type": "lateral",
        "chainage_m": 2310.0,
        "status": "moderate",
        "blockage_pct": 52,
        "struct_damage": "No",
        "lon": 76.7988794,
        "lat": 16.3353084,
        "image": "images/0549.jpg"
      }
    },
    {
      "type": "Feature",
      "geometry": {
        "type": "Polygon",
        "coordinates": [
          [
            [
              76.798904193225,
              16.335453033049426
            ],
            [
              76.79951202304946,
              16.335447847601127
            ],
            [
              76.79950950782663,
              16.33517300372973
            ],
            [
              76.79890167885061,
              16.33517818908605
            ],
            [
              76.798904193225,
              16.335453033049426
            ]
          ]
        ]
      },
      "properties": {
        "id": 550,
        "area": "NRBC_D10_Survey_1",
        "canal": "Lateral 7",
        "type": "lateral",
        "chainage_m": 2345.0,
        "status": "moderate",
        "blockage_pct": 41,
        "struct_damage": "No",
        "lon": 76.7992069,
        "lat": 16.335313,
        "image": "images/0550.jpg"
      }
    },
    {
      "type": "Feature",
      "geometry": {
        "type": "Polygon",
        "coordinates": [
          [
            [
              76.79923192137358,
              16.335454580635158
            ],
            [
              76.79983942982997,
              16.335449396983833
            ],
            [
              76.79983691414942,
              16.3351745531621
            ],
            [
              76.79922940654104,
              16.33517973672148
            ],
            [
              76.79923192137358,
              16.335454580635158
            ]
          ]
        ]
      },
      "properties": {
        "id": 551,
        "area": "NRBC_D10_Survey_1",
        "canal": "Lateral 7",
        "type": "lateral",
        "chainage_m": 2380.0,
        "status": "moderate",
        "blockage_pct": 43,
        "struct_damage": "No",
        "lon": 76.7995344,
        "lat": 16.3353146,
        "image": "images/0551.jpg"
      }
    },
    {
      "type": "Feature",
      "geometry": {
        "type": "Polygon",
        "coordinates": [
          [
            [
              76.79955929982017,
              16.335453028376875
            ],
            [
              76.79992264830489,
              16.335449927700992
            ],
            [
              76.79992016090269,
              16.335178185966534
            ],
            [
              76.79955681291945,
              16.33518128658804
            ],
            [
              76.79955929982017,
              16.335453028376875
            ]
          ]
        ]
      },
      "properties": {
        "id": 552,
        "area": "NRBC_D10_Survey_1",
        "canal": "Lateral 7",
        "type": "lateral",
        "chainage_m": 2415.0,
        "status": "moderate",
        "blockage_pct": 45,
        "struct_damage": "No",
        "lon": 76.7997397,
        "lat": 16.3353156,
        "image": "images/0552.jpg"
      }
    },
    {
      "type": "Feature",
      "geometry": {
        "type": "Polygon",
        "coordinates": [
          [
            [
              76.76606215012,
              16.30650272008915
            ],
            [
              76.7664415807435,
              16.3064995474673
            ],
            [
              76.7664346444606,
              16.305725942714687
            ],
            [
              76.76605521532512,
              16.305729115177886
            ],
            [
              76.76606215012,
              16.30650272008915
            ]
          ]
        ]
      },
      "properties": {
        "id": 553,
        "area": "NRBC_D10_MISSION_1",
        "canal": "Distributary",
        "type": "distributary",
        "chainage_m": 1295.0,
        "status": "moderate",
        "blockage_pct": 45,
        "struct_damage": "No",
        "lon": 76.7662484,
        "lat": 16.3061143,
        "image": "images/0553.jpg"
      }
    },
    {
      "type": "Feature",
      "geometry": {
        "type": "Polygon",
        "coordinates": [
          [
            [
              76.76616638240684,
              16.306910587700987
            ],
            [
              76.76652170277212,
              16.30690761645667
            ],
            [
              76.76651562311002,
              16.306229601736202
            ],
            [
              76.76616030396605,
              16.306232572850305
            ],
            [
              76.76616638240684,
              16.306910587700987
            ]
          ]
        ]
      },
      "properties": {
        "id": 554,
        "area": "NRBC_D10_MISSION_1",
        "canal": "Distributary",
        "type": "distributary",
        "chainage_m": 1365.0,
        "status": "moderate",
        "blockage_pct": 43,
        "struct_damage": "No",
        "lon": 76.766341,
        "lat": 16.3065701,
        "image": "images/0554.jpg"
      }
    },
    {
      "type": "Feature",
      "geometry": {
        "type": "Polygon",
        "coordinates": [
          [
            [
              76.76624407731201,
              16.30722491837913
            ],
            [
              76.7665765561724,
              16.307222137987015
            ],
            [
              76.76657130314533,
              16.306636343110117
            ],
            [
              76.76623882527234,
              16.306639123396952
            ],
            [
              76.76624407731201,
              16.30722491837913
            ]
          ]
        ]
      },
      "properties": {
        "id": 555,
        "area": "NRBC_D10_MISSION_1",
        "canal": "Distributary",
        "type": "distributary",
        "chainage_m": 1400.0,
        "status": "moderate",
        "blockage_pct": 55,
        "struct_damage": "Yes",
        "lon": 76.7664077,
        "lat": 16.3069306,
        "image": "images/0555.jpg"
      }
    },
    {
      "type": "Feature",
      "geometry": {
        "type": "Polygon",
        "coordinates": [
          [
            [
              76.76630203150745,
              16.30753144764757
            ],
            [
              76.76663863514115,
              16.307528632618858
            ],
            [
              76.76663342303773,
              16.30694743344956
            ],
            [
              76.76629682039587,
              16.30695024837252
            ],
            [
              76.76630203150745,
              16.30753144764757
            ]
          ]
        ]
      },
      "properties": {
        "id": 556,
        "area": "NRBC_D10_MISSION_1",
        "canal": "Distributary",
        "type": "distributary",
        "chainage_m": 1435.0,
        "status": "moderate",
        "blockage_pct": 56,
        "struct_damage": "Yes",
        "lon": 76.7664677,
        "lat": 16.3072394,
        "image": "images/0556.jpg"
      }
    },
    {
      "type": "Feature",
      "geometry": {
        "type": "Polygon",
        "coordinates": [
          [
            [
              76.7663596054939,
              16.30783093283108
            ],
            [
              76.76671936900591,
              16.3078279239485
            ],
            [
              76.76671426372272,
              16.30725867356464
            ],
            [
              76.766354501249,
              16.30726168233651
            ],
            [
              76.7663596054939,
              16.30783093283108
            ]
          ]
        ]
      },
      "properties": {
        "id": 557,
        "area": "NRBC_D10_MISSION_1",
        "canal": "Distributary",
        "type": "distributary",
        "chainage_m": 1470.0,
        "status": "moderate",
        "blockage_pct": 57,
        "struct_damage": "No",
        "lon": 76.7665369,
        "lat": 16.3075448,
        "image": "images/0557.jpg"
      }
    },
    {
      "type": "Feature",
      "geometry": {
        "type": "Polygon",
        "coordinates": [
          [
            [
              76.76644170428648,
              16.308140936907968
            ],
            [
              76.76678433672821,
              16.308138071133342
            ],
            [
              76.76677912124161,
              16.307556565665333
            ],
            [
              76.76643648981003,
              16.307559431332244
            ],
            [
              76.76644170428648,
              16.308140936907968
            ]
          ]
        ]
      },
      "properties": {
        "id": 558,
        "area": "NRBC_D10_MISSION_1",
        "canal": "Distributary",
        "type": "distributary",
        "chainage_m": 1505.0,
        "status": "partial",
        "blockage_pct": 26,
        "struct_damage": "No",
        "lon": 76.7666104,
        "lat": 16.3078488,
        "image": "images/0558.jpg"
      }
    },
    {
      "type": "Feature",
      "geometry": {
        "type": "Polygon",
        "coordinates": [
          [
            [
              76.76650350470288,
              16.308451723492247
            ],
            [
              76.76684423415726,
              16.308448873487713
            ],
            [
              76.76683901564098,
              16.307867061677623
            ],
            [
              76.76649828719171,
              16.30786991157499
            ],
            [
              76.76650350470288,
              16.308451723492247
            ]
          ]
        ]
      },
      "properties": {
        "id": 559,
        "area": "NRBC_D10_MISSION_1",
        "canal": "Distributary",
        "type": "distributary",
        "chainage_m": 1540.0,
        "status": "partial",
        "blockage_pct": 30,
        "struct_damage": "No",
        "lon": 76.7666713,
        "lat": 16.3081594,
        "image": "images/0559.jpg"
      }
    },
    {
      "type": "Feature",
      "geometry": {
        "type": "Polygon",
        "coordinates": [
          [
            [
              76.76656562536516,
              16.308762813755084
            ],
            [
              76.76690381732034,
              16.308759984829805
            ],
            [
              76.76689859577492,
              16.308177866677603
            ],
            [
              76.7665604048179,
              16.30818069549645
            ],
            [
              76.76656562536516,
              16.308762813755084
            ]
          ]
        ]
      },
      "properties": {
        "id": 560,
        "area": "NRBC_D10_MISSION_1",
        "canal": "Distributary",
        "type": "distributary",
        "chainage_m": 1575.0,
        "status": "moderate",
        "blockage_pct": 40,
        "struct_damage": "No",
        "lon": 76.7667321,
        "lat": 16.3084703,
        "image": "images/0560.jpg"
      }
    },
    {
      "type": "Feature",
      "geometry": {
        "type": "Polygon",
        "coordinates": [
          [
            [
              76.76662615725692,
              16.309073610861955
            ],
            [
              76.76696403248079,
              16.309070784441595
            ],
            [
              76.76695881065241,
              16.30848866632546
            ],
            [
              76.76662093642581,
              16.308491492639487
            ],
            [
              76.76662615725692,
              16.309073610861955
            ]
          ]
        ]
      },
      "properties": {
        "id": 561,
        "area": "NRBC_D10_MISSION_1",
        "canal": "Distributary",
        "type": "distributary",
        "chainage_m": 1610.0,
        "status": "partial",
        "blockage_pct": 27,
        "struct_damage": "No",
        "lon": 76.7667925,
        "lat": 16.3087811,
        "image": "images/0561.jpg"
      }
    },
    {
      "type": "Feature",
      "geometry": {
        "type": "Polygon",
        "coordinates": [
          [
            [
              76.7666860603772,
              16.309385025987588
            ],
            [
              76.76702139809058,
              16.309382220653447
            ],
            [
              76.76701617049062,
              16.308799489816632
            ],
            [
              76.76668083376806,
              16.308802295045115
            ],
            [
              76.7666860603772,
              16.309385025987588
            ]
          ]
        ]
      },
      "properties": {
        "id": 562,
        "area": "NRBC_D10_MISSION_1",
        "canal": "Distributary",
        "type": "distributary",
        "chainage_m": 1645.0,
        "status": "moderate",
        "blockage_pct": 45,
        "struct_damage": "No",
        "lon": 76.7668511,
        "lat": 16.3090923,
        "image": "images/0562.jpg"
      }
    },
    {
      "type": "Feature",
      "geometry": {
        "type": "Polygon",
        "coordinates": [
          [
            [
              76.76674379242067,
              16.30970197444982
            ],
            [
              76.76707754438954,
              16.309699182243293
            ],
            [
              76.76707226704217,
              16.309110936638938
            ],
            [
              76.76673851606877,
              16.309113728739316
            ],
            [
              76.76674379242067,
              16.30970197444982
            ]
          ]
        ]
      },
      "properties": {
        "id": 563,
        "area": "NRBC_D10_MISSION_1",
        "canal": "Distributary",
        "type": "distributary",
        "chainage_m": 1680.0,
        "status": "moderate",
        "blockage_pct": 47,
        "struct_damage": "No",
        "lon": 76.766908,
        "lat": 16.3094065,
        "image": "images/0563.jpg"
      }
    },
    {
      "type": "Feature",
      "geometry": {
        "type": "Polygon",
        "coordinates": [
          [
            [
              76.76680098603596,
              16.30995887279126
            ],
            [
              76.76722832868049,
              16.3099552973341
            ],
            [
              76.76722353734141,
              16.309421280679366
            ],
            [
              76.76679619585404,
              16.309424856013127
            ],
            [
              76.76680098603596,
              16.30995887279126
            ]
          ]
        ]
      },
      "properties": {
        "id": 564,
        "area": "NRBC_D10_MISSION_1",
        "canal": "Distributary",
        "type": "distributary",
        "chainage_m": 1715.0,
        "status": "moderate",
        "blockage_pct": 50,
        "struct_damage": "No",
        "lon": 76.7670123,
        "lat": 16.3096901,
        "image": "images/0564.jpg"
      }
    },
    {
      "type": "Feature",
      "geometry": {
        "type": "Polygon",
        "coordinates": [
          [
            [
              76.76694970019753,
              16.310161078847713
            ],
            [
              76.76747063358043,
              16.310156719812376
            ],
            [
              76.76746637762994,
              16.309682446918018
            ],
            [
              76.76694544549983,
              16.30968680581975
            ],
            [
              76.76694970019753,
              16.310161078847713
            ]
          ]
        ]
      },
      "properties": {
        "id": 565,
        "area": "NRBC_D10_MISSION_1",
        "canal": "Distributary",
        "type": "distributary",
        "chainage_m": 1750.0,
        "status": "moderate",
        "blockage_pct": 42,
        "struct_damage": "No",
        "lon": 76.767208,
        "lat": 16.3099218,
        "image": "images/0565.jpg"
      }
    },
    {
      "type": "Feature",
      "geometry": {
        "type": "Polygon",
        "coordinates": [
          [
            [
              76.76719901773562,
              16.31036611977582
            ],
            [
              76.76772946925976,
              16.310361680407
            ],
            [
              76.76772521537946,
              16.30988771396612
            ],
            [
              76.76719476513018,
              16.309892153198966
            ],
            [
              76.76719901773562,
              16.31036611977582
            ]
          ]
        ]
      },
      "properties": {
        "id": 566,
        "area": "NRBC_D10_MISSION_1",
        "canal": "Distributary",
        "type": "distributary",
        "chainage_m": 1785.0,
        "status": "moderate",
        "blockage_pct": 45,
        "struct_damage": "No",
        "lon": 76.7674621,
        "lat": 16.3101269,
        "image": "images/0566.jpg"
      }
    },
    {
      "type": "Feature",
      "geometry": {
        "type": "Polygon",
        "coordinates": [
          [
            [
              76.76745084633873,
              16.31056807533531
            ],
            [
              76.76798161559019,
              16.310563632624834
            ],
            [
              76.76797735279727,
              16.3100887471245
            ],
            [
              76.76744658482393,
              16.310093189698634
            ],
            [
              76.76745084633873,
              16.31056807533531
            ]
          ]
        ]
      },
      "properties": {
        "id": 567,
        "area": "NRBC_D10_MISSION_1",
        "canal": "Distributary",
        "type": "distributary",
        "chainage_m": 1820.0,
        "status": "moderate",
        "blockage_pct": 53,
        "struct_damage": "No",
        "lon": 76.7677141,
        "lat": 16.3103284,
        "image": "images/0567.jpg"
      }
    },
    {
      "type": "Feature",
      "geometry": {
        "type": "Polygon",
        "coordinates": [
          [
            [
              76.76770301470378,
              16.31077247890656
            ],
            [
              76.76823156363992,
              16.310768054102823
            ],
            [
              76.76822727818357,
              16.310290717654365
            ],
            [
              76.76769873052682,
              16.3102951423216
            ],
            [
              76.76770301470378,
              16.31077247890656
            ]
          ]
        ]
      },
      "properties": {
        "id": 568,
        "area": "NRBC_D10_MISSION_1",
        "canal": "Distributary",
        "type": "distributary",
        "chainage_m": 1855.0,
        "status": "moderate",
        "blockage_pct": 38,
        "struct_damage": "No",
        "lon": 76.7679651,
        "lat": 16.3105316,
        "image": "images/0568.jpg"
      }
    },
    {
      "type": "Feature",
      "geometry": {
        "type": "Polygon",
        "coordinates": [
          [
            [
              76.76795261900449,
              16.310938603496965
            ],
            [
              76.76850559706051,
              16.310933973454382
            ],
            [
              76.76850165477262,
              16.310494934290677
            ],
            [
              76.76794867794773,
              16.3104995642019
            ],
            [
              76.76795261900449,
              16.310938603496965
            ]
          ]
        ]
      },
      "properties": {
        "id": 569,
        "area": "NRBC_D10_MISSION_1",
        "canal": "Distributary",
        "type": "distributary",
        "chainage_m": 1890.0,
        "status": "partial",
        "blockage_pct": 17,
        "struct_damage": "No",
        "lon": 76.7682271,
        "lat": 16.3107168,
        "image": "images/0569.jpg"
      }
    },
    {
      "type": "Feature",
      "geometry": {
        "type": "Polygon",
        "coordinates": [
          [
            [
              76.76822603357203,
              16.31103558823
            ],
            [
              76.76876473527376,
              16.311031077018704
            ],
            [
              76.76876141146167,
              16.310660972881532
            ],
            [
              76.76822271077096,
              16.310665483984923
            ],
            [
              76.76822603357203,
              16.31103558823
            ]
          ]
        ]
      },
      "properties": {
        "id": 570,
        "area": "NRBC_D10_MISSION_1",
        "canal": "Distributary",
        "type": "distributary",
        "chainage_m": 1925.0,
        "status": "partial",
        "blockage_pct": 10,
        "struct_damage": "No",
        "lon": 76.7684937,
        "lat": 16.3108483,
        "image": "images/0570.jpg"
      }
    }
  ]
}